case_id,family,mechanism,source_type,source,derivation_status,dimension,resolution_role,status,dataset_role,role_reason,scientific_acceptance,normalized_hdf5,raw_output,q_i_status,time_count,time_start,time_end,valid_shape,identity_count,active_initial,active_final,identity_retention,introduced_after_initial,initial_missing_at_final,positive_active_mass,source_sha256,scope_audit_note
F1_main_dambreak3d,F1,3D single-phase dam-break free-surface propagation anchor,official_canary_reproduction,main/01_DamBreak,official_recipe_with_recorded_coarse_canary_override,3D,coarse_canary_only,candidate_pending_D03,candidate_pending_D03,official recipe reproduced at a recorded coarse canary resolution; D03 scope audit remains,not_assessed,campaigns/ds-data-01/d02/normalized/F1_main_dambreak3d.h5,campaigns/ds-data-01/d02/canaries/F1_main_dambreak3d/attempt-001,Q-I-structure-pass,7,0.0,0.60018,"[7,9600]",9600,9600,9600,1.0,0,0,True,d89dbe9a7da4f3b9ecba336085c7686a05b0328e0cce953ccc794b76d53f8dae,dp=0.02; tmax=0.6; gpu=7; solver/reproduction completed; no learner invoked
F1_mdbc_dambreak3d,F1,3D mDBC dam-break obstacle/reconnection anchor,official_canary_reproduction,mdbc/04_Dambreak,official_recipe_with_recorded_coarse_canary_override,3D,coarse_canary_only,candidate_pending_D03,candidate_pending_D03,official recipe reproduced at a recorded coarse canary resolution; D03 scope audit remains,not_assessed,campaigns/ds-data-01/d02/normalized/F1_mdbc_dambreak3d.h5,campaigns/ds-data-01/d02/canaries/F1_mdbc_dambreak3d/attempt-001,Q-I-structure-pass,7,0.0,0.600005,"[7,79380]",79380,79380,79380,1.0,0,0,True,a845e01f2915b88a0cc93bbd4f8e3c4f596d8e43b6db5dcd3d3265bed80de2a6,dp=0.02; tmax=0.6; gpu=4; solver/reproduction completed; no learner invoked
W06_narrow_far_partial,F2,derived rotating-cup pour/catch,custom_derived_historical_reuse,custom W06 rotating-pour derivation,custom_derived_not_official_raw_case,3D,12-case mechanism exploration,diagnostic_missing_mass_requires_scope_audit,diagnostic,"requires a scope-specific flux, lineage, or missing-mass audit",not_assessed,campaigns/v0.1-candidate/data/w06/W06_narrow_far_partial.h5,campaigns/v0.1-candidate/runs/W06_narrow_far_partial/attempts/20260906T190407.737355Z-f68a41f0.complete,Q-I-structure-pass,251,0.0,2.50001,"[251,1386]",,1386,1082,0.7806637806637806,,304,True,e64a5be59626990cd7d96faa17e2a5b69b7fc8d70417dcc7467f6a538d3e12c8,"geometry=narrow; state=far_partial; custom-derived, not an official raw example"
W06_narrow_fast_center,F2,derived rotating-cup pour/catch,custom_derived_historical_reuse,custom W06 rotating-pour derivation,custom_derived_not_official_raw_case,3D,12-case mechanism exploration,candidate_reuse_pending_D03,candidate_pending_D03,eligible for D03 scope audit only; no scientific acceptance yet,not_assessed,campaigns/v0.1-candidate/data/w06/W06_narrow_fast_center.h5,campaigns/v0.1-candidate/runs/W06_narrow_fast_center/attempts/20260906T190335.196150Z-cb79e4fd.complete,Q-I-structure-pass,251,0.0,2.50008,"[251,1386]",,1386,1386,1.0,,0,True,7812385c43ae87338e14f9c8d546d18a3e1bc2fccbc8bb7844d8169d00bc2ca0,"geometry=narrow; state=fast_center; custom-derived, not an official raw example"
W06_narrow_offset_partial,F2,derived rotating-cup pour/catch,custom_derived_historical_reuse,custom W06 rotating-pour derivation,custom_derived_not_official_raw_case,3D,12-case mechanism exploration,diagnostic_missing_mass_requires_scope_audit,diagnostic,"requires a scope-specific flux, lineage, or missing-mass audit",not_assessed,campaigns/v0.1-candidate/data/w06/W06_narrow_offset_partial.h5,campaigns/v0.1-candidate/runs/W06_narrow_offset_partial/attempts/20260906T190407.697157Z-8f4f0d5b.complete,Q-I-structure-pass,251,0.0,2.50007,"[251,1386]",,1386,1361,0.9819624819624819,,25,True,1b5c81502655675c91cad283ef36233ab3857e39ef96493a9a8a0bd6468a2c75,"geometry=narrow; state=offset_partial; custom-derived, not an official raw example"
W06_narrow_slow_center,F2,derived rotating-cup pour/catch,custom_derived_historical_reuse,custom W06 rotating-pour derivation,custom_derived_not_official_raw_case,3D,12-case mechanism exploration,candidate_reuse_pending_D03,candidate_pending_D03,eligible for D03 scope audit only; no scientific acceptance yet,not_assessed,campaigns/v0.1-candidate/data/w06/W06_narrow_slow_center.h5,campaigns/v0.1-candidate/runs/W06_narrow_slow_center/attempts/20260906T190407.730258Z-f3b614f7.complete,Q-I-structure-pass,251,0.0,2.50011,"[251,1386]",,1386,1386,1.0,,0,True,57918d532a156e1f5a10619a9e8272aa771fecb22eaaabdf57dec87af0d45994,"geometry=narrow; state=slow_center; custom-derived, not an official raw example"
W06_standard_far_partial,F2,derived rotating-cup pour/catch,custom_derived_historical_reuse,custom W06 rotating-pour derivation,custom_derived_not_official_raw_case,3D,12-case mechanism exploration,diagnostic_missing_mass_requires_scope_audit,diagnostic,"requires a scope-specific flux, lineage, or missing-mass audit",not_assessed,campaigns/v0.1-candidate/data/w06/W06_standard_far_partial.h5,campaigns/v0.1-candidate/runs/W06_standard_far_partial/attempts/20260906T190428.534743Z-fcbd886f.complete,Q-I-structure-pass,251,0.0,2.5001,"[251,1764]",,1764,1237,0.7012471655328798,,527,True,78e4a0f90131d9dd0b52de4b4f84a71397493cf88b30b4c9ba4d09b5d4c5dbbd,"geometry=standard; state=far_partial; custom-derived, not an official raw example"
W06_standard_fast_center,F2,derived rotating-cup pour/catch,custom_derived_historical_reuse,custom W06 rotating-pour derivation,custom_derived_not_official_raw_case,3D,12-case mechanism exploration,candidate_reuse_pending_D03,candidate_pending_D03,eligible for D03 scope audit only; no scientific acceptance yet,not_assessed,campaigns/v0.1-candidate/data/w06/W06_standard_fast_center.h5,campaigns/v0.1-candidate/runs/W06_standard_fast_center/attempts/20260906T190407.700172Z-7e18b7d0.complete,Q-I-structure-pass,251,0.0,2.50004,"[251,1764]",,1764,1764,1.0,,0,True,31fa265ac11571582751663c0e9598ab2013e1c6d9cb5bf1c66a0587c3d99305,"geometry=standard; state=fast_center; custom-derived, not an official raw example"
W06_standard_offset_partial,F2,derived rotating-cup pour/catch,custom_derived_historical_reuse,custom W06 rotating-pour derivation,custom_derived_not_official_raw_case,3D,12-case mechanism exploration,diagnostic_missing_mass_requires_scope_audit,diagnostic,"requires a scope-specific flux, lineage, or missing-mass audit",not_assessed,campaigns/v0.1-candidate/data/w06/W06_standard_offset_partial.h5,campaigns/v0.1-candidate/runs/W06_standard_offset_partial/attempts/20260906T190430.103633Z-48488a62.complete,Q-I-structure-pass,251,0.0,2.50009,"[251,1764]",,1764,1732,0.981859410430839,,32,True,1b3ce8fc05a475833be814263900b0358957fa34430058dba94991cbf014907d,"geometry=standard; state=offset_partial; custom-derived, not an official raw example"
W06_standard_slow_center,F2,derived rotating-cup pour/catch,custom_derived_historical_reuse,custom W06 rotating-pour derivation,custom_derived_not_official_raw_case,3D,12-case mechanism exploration,candidate_reuse_pending_D03,candidate_pending_D03,eligible for D03 scope audit only; no scientific acceptance yet,not_assessed,campaigns/v0.1-candidate/data/w06/W06_standard_slow_center.h5,campaigns/v0.1-candidate/runs/W06_standard_slow_center/attempts/20260906T190429.153231Z-31b5c7d6.complete,Q-I-structure-pass,251,0.0,2.50011,"[251,1764]",,1764,1764,1.0,,0,True,c3b13c507a268370a6edcb43406b381d46cd6ad1b75ed82a431fca9afb6fd390,"geometry=standard; state=slow_center; custom-derived, not an official raw example"
W06_wide_far_partial,F2,derived rotating-cup pour/catch,custom_derived_historical_reuse,custom W06 rotating-pour derivation,custom_derived_not_official_raw_case,3D,12-case mechanism exploration,diagnostic_missing_mass_requires_scope_audit,diagnostic,"requires a scope-specific flux, lineage, or missing-mass audit",not_assessed,campaigns/v0.1-candidate/data/w06/W06_wide_far_partial.h5,campaigns/v0.1-candidate/runs/W06_wide_far_partial/attempts/20260906T190526.318968Z-8d757248.complete,Q-I-structure-pass,251,0.0,2.50008,"[251,2142]",,2142,1183,0.5522875816993464,,959,True,c906dec75e47701873975433b6b3e992297b7eade0b58f14082106ad459cbb26,"geometry=wide; state=far_partial; custom-derived, not an official raw example"
W06_wide_fast_center,F2,derived rotating-cup pour/catch,custom_derived_historical_reuse,custom W06 rotating-pour derivation,custom_derived_not_official_raw_case,3D,12-case mechanism exploration,diagnostic_missing_mass_requires_scope_audit,diagnostic,"requires a scope-specific flux, lineage, or missing-mass audit",not_assessed,campaigns/v0.1-candidate/data/w06/W06_wide_fast_center.h5,campaigns/v0.1-candidate/runs/W06_wide_fast_center/attempts/20260906T190429.831588Z-a5572631.complete,Q-I-structure-pass,251,0.0,2.50003,"[251,2142]",,2142,2083,0.9724556489262371,,59,True,ac05d0f7839a426cc181723876077e1b9abebdaf1236828e756aa936d08273c5,"geometry=wide; state=fast_center; custom-derived, not an official raw example"
W06_wide_offset_partial,F2,derived rotating-cup pour/catch,custom_derived_historical_reuse,custom W06 rotating-pour derivation,custom_derived_not_official_raw_case,3D,12-case mechanism exploration,diagnostic_missing_mass_requires_scope_audit,diagnostic,"requires a scope-specific flux, lineage, or missing-mass audit",not_assessed,campaigns/v0.1-candidate/data/w06/W06_wide_offset_partial.h5,campaigns/v0.1-candidate/runs/W06_wide_offset_partial/attempts/20260906T190450.636717Z-25efe9a9.complete,Q-I-structure-pass,251,0.0,2.50005,"[251,2142]",,2142,2107,0.9836601307189542,,35,True,4fed253c8b2bfe72a649d0a7f915c66f3db4a824ba348cba9fda5f3d752e1cda,"geometry=wide; state=offset_partial; custom-derived, not an official raw example"
W06_wide_slow_center,F2,derived rotating-cup pour/catch,custom_derived_historical_reuse,custom W06 rotating-pour derivation,custom_derived_not_official_raw_case,3D,12-case mechanism exploration,candidate_reuse_pending_D03,candidate_pending_D03,eligible for D03 scope audit only; no scientific acceptance yet,not_assessed,campaigns/v0.1-candidate/data/w06/W06_wide_slow_center.h5,campaigns/v0.1-candidate/runs/W06_wide_slow_center/attempts/20260906T190450.578019Z-72755b6b.complete,Q-I-structure-pass,251,0.0,2.50002,"[251,2142]",,2142,2142,1.0,,0,True,993255665f9b54c1250af39b77b7603166f76d63d82a12d5fef77ea75bbcb844,"geometry=wide; state=slow_center; custom-derived, not an official raw example"
O3_sloshing_acc,F3,accelerated-frame-sloshing,official_historical_reuse,main/05_SloshingTank,official_example_historical_solver_run_rebound_without_reexecution,3D,historical_reuse,historical_reuse_candidate_pending_D03,candidate_pending_D03,eligible for D03 scope audit only; no scientific acceptance yet,not_assessed,data-official/O3_sloshing_acc.h5,cases/official/O3_sloshing_acc/generated/O3_sloshing_acc,Q-I-structure-pass,11,0.0,1.00003,"[11,712]",712,712,712,1.0,,,True,c4625b7ee151bf90b48e1eb297587da1ff8d645c2ca6ddb5ef240a36dace745d,rebound_to_DS-DATA-01; historical_solver_run_not_reexecuted
O3_sloshing_motion,F3,prescribed-moving-tank,official_historical_reuse,main/05_SloshingTank,official_example_historical_solver_run_rebound_without_reexecution,3D,historical_reuse,historical_reuse_candidate_pending_D03,candidate_pending_D03,eligible for D03 scope audit only; no scientific acceptance yet,not_assessed,data-official/O3_sloshing_motion.h5,cases/official/O3_sloshing_motion/generated/O3_sloshing_motion,Q-I-structure-pass,11,0.0,1.00009,"[11,712]",712,712,712,1.0,,,True,d01aa876d8a159df800dddc925db5a1a68c01df53fb4be0c2c99c5617f47ecb7,rebound_to_DS-DATA-01; historical_solver_run_not_reexecuted
F4_shapes_inlet3d,F4,3D shapes inlet liquid-column collision anchor,official_canary_reproduction,inletoutlet/05_ShapesInlet3D,official_recipe_with_recorded_coarse_canary_override,3D,coarse_canary_only,diagnostic_open_lifecycle_requires_flux_audit,diagnostic,initial liquid count is nonzero only after open-boundary introduction; not a closed-system anchor,not_assessed,campaigns/ds-data-01/d02/normalized/F4_shapes_inlet3d.h5,campaigns/ds-data-01/d02/canaries/F4_shapes_inlet3d/attempt-001,Q-I-structure-pass,5,0.0,0.400018,"[5,58696]",58696,5336,58696,1.0,53360,0,True,facf12382a6bf8f02c1ea3aa6d873cf9696dd1458333fb2304397cc32040c5e8,dp=0.02; tmax=0.4; gpu=5; solver/reproduction completed; no learner invoked
O4_impinging_jet,F4,open-boundary-impinging-jet,official_historical_reuse,inletoutlet/08_ImpingingJet,official_example_historical_solver_run_rebound_without_reexecution,3D,historical_reuse,diagnostic_open_lifecycle_requires_flux_audit,diagnostic,"requires a scope-specific flux, lineage, or missing-mass audit",not_assessed,data-official/O4_impinging_jet.h5,cases/official/O4_impinging_jet/generated/O4_impinging_jet,Q-I-structure-pass,11,0.0,0.0300004,"[11,19119]",19119,519,10353,0.015414258188824663,,,True,00f253362e4a5ba4ce3203aee11e9b934dec8f1070e9ef643f24bd52ae670cdc,rebound_to_DS-DATA-01; historical_solver_run_not_reexecuted
O5_solitary_wave,F5,solitary-wave-propagation,official_historical_reuse,main/16_SolitaryWaves,official_example_historical_solver_run_rebound_without_reexecution,3D,historical_reuse,historical_reuse_candidate_pending_D03,candidate_pending_D03,eligible for D03 scope audit only; no scientific acceptance yet,not_assessed,data-official/O5_solitary_wave.h5,cases/official/O5_solitary_wave/generated/O5_solitary_wave,Q-I-structure-pass,11,0.0,2.00018,"[11,10882]",10882,10882,10882,1.0,,,True,43d9cf997f6fa0d53f6588832c5379d14efb71a1a1dbdabbac0da01bc53b6883,rebound_to_DS-DATA-01; historical_solver_run_not_reexecuted
O5_wave_runup,F5,wave-runup-moving-piston,official_historical_reuse,main/17_WaveRunup,official_example_historical_solver_run_rebound_without_reexecution,3D,historical_reuse,diagnostic_closed_scope_exclusion_negative,exclusion_negative,retained as an explicit negative boundary/lifecycle result,not_assessed,data-official/O5_wave_runup.h5,cases/official/O5_wave_runup/generated/O5_wave_runup,Q-I-structure-pass,11,0.0,4.00008,"[11,21723]",21723,21723,28,0.0012889564056529944,,,True,0d706033fc6dbdf63c2dcc498ac7de793cb3414080f8f8f829332e5cb1da989d,rebound_to_DS-DATA-01; historical_solver_run_not_reexecuted
O5_wave_runup_refined,F5,wave-runup-moving-piston-refined,official_historical_reuse,main/17_WaveRunup,official_example_historical_solver_run_rebound_without_reexecution,3D,historical_reuse,historical_reuse_candidate_pending_D03,candidate_pending_D03,eligible for D03 scope audit only; no scientific acceptance yet,not_assessed,data-official/O5_wave_runup_refined.h5,cases/official/O5_wave_runup_refined/generated/O5_wave_runup_refined,Q-I-structure-pass,11,0.0,4.00032,"[11,28070]",28070,28070,28069,0.9999643747773423,,,True,d1a57d1c260cd63fbc09dfe1ea8d90f0042d60bf734535fb2701994a4a61776f,rebound_to_DS-DATA-01; historical_solver_run_not_reexecuted
O6_falling_wedge_vres,F6,variable-resolution-water-entry,official_historical_reuse,vresolution/04_FallingWedge2D,official_example_historical_solver_run_rebound_without_reexecution,3D,historical_reuse,diagnostic_variable_resolution_requires_lineage_audit,diagnostic,"requires a scope-specific flux, lineage, or missing-mass audit",not_assessed,data-official/O6_falling_wedge_vres.h5,cases/official/O6_falling_wedge_vres/generated/O6_falling_wedge_vres,Q-I-structure-pass,11,0.0,0.025001,"[11,21439]",21439,16479,19895,0.9266338976879666,,,True,87da87f8f742f0b3687d5c6d4fc32576d320b5f663474c918391131a0136b2e4,rebound_to_DS-DATA-01; historical_solver_run_not_reexecuted
O6_floating_box,F6,free-floating-body-six-dof,official_historical_reuse,main/11_Floating,official_example_historical_solver_run_rebound_without_reexecution,3D,historical_reuse,historical_reuse_candidate_pending_D03,candidate_pending_D03,eligible for D03 scope audit only; no scientific acceptance yet,not_assessed,data-official/O6_floating_box.h5,cases/official/O6_floating_box/generated/O6_floating_box,Q-I-structure-pass,11,0.0,1.00106,"[11,4896]",4896,4896,4896,1.0,,,True,d251a1937752028cd59e2b9121289ff81be03530d55a254feb912a978699a78c,rebound_to_DS-DATA-01; historical_solver_run_not_reexecuted
O6_floating_sphere,F6,sphere-heave-decay,official_historical_reuse,main/11_Floating,official_example_historical_solver_run_rebound_without_reexecution,3D,historical_reuse,historical_reuse_candidate_pending_D03,candidate_pending_D03,eligible for D03 scope audit only; no scientific acceptance yet,not_assessed,data-official/O6_floating_sphere.h5,cases/official/O6_floating_sphere/generated/O6_floating_sphere,Q-I-structure-pass,11,0.0,1.00024,"[11,14157]",14157,14157,14157,1.0,,,True,73d2c89c4adcfd7f7dd25184083029d0cac651cf06ffc88235eb34f1eb6a9944,rebound_to_DS-DATA-01; historical_solver_run_not_reexecuted
F7_moving_square2d,F7,2D prescribed moving obstacle control contrast,official_canary_reproduction,main/03_MovingSquare,official_recipe_with_recorded_coarse_canary_override,2D,2D_calibration_contrast,calibration_2d_anchor_pending_D03,calibration,2D control contrast retained for calibration and evaluator tests,not_assessed,campaigns/ds-data-01/d02/normalized/F7_moving_square2d.h5,campaigns/ds-data-01/d02/canaries/F7_moving_square2d/attempt-001,Q-I-structure-pass,6,0.0,0.500022,"[6,121650]",121650,121650,121649,0.9999917796958487,0,1,True,f964a9d47ec7511f260601fac5292baee506d1773ff32999c7613a0d9654227c,dp=0.02; tmax=0.5; gpu=4; solver/reproduction completed; no learner invoked
F7_official_pump3d,F7,3D prescribed rotating pump transport anchor,official_canary_reproduction,main/13_Pump,official_recipe_with_recorded_coarse_canary_override,3D,coarse_canary_only,candidate_pending_D03,candidate_pending_D03,official recipe reproduced at a recorded coarse canary resolution; D03 scope audit remains,not_assessed,campaigns/ds-data-01/d02/normalized/F7_official_pump3d.h5,campaigns/ds-data-01/d02/canaries/F7_official_pump3d/attempt-001,Q-I-structure-pass,6,0.0,0.500168,"[6,5070]",5070,5070,5070,1.0,0,0,True,fbe9d457804e93ba3056431f0939c24305373f478a4591c014674d9b1d17e592,dp=0.02; tmax=0.5; gpu=6; solver/reproduction completed; no learner invoked
