case_id,family,mechanism,source_type,dataset_role,status_before_D03,scope_decision,q_i_status,q_n_status,dimension,time_count,active_initial,active_final,identity_retention_initial_to_final,introduced_identity_count,initial_identity_missing_at_final,active_mass_relative_range,closed_invariant_pass,failure_codes
F1_main_dambreak3d,F1,3D single-phase dam-break free-surface propagation anchor,official_canary_reproduction,candidate_pending_D03,candidate_pending_D03,numerically_admissible_pending_Q-E,Q-I-structure-pass,Q-N-integrity-pass,3D,7,9600,9600,1.0,0,0,0.0,True,[]
F1_mdbc_dambreak3d,F1,3D mDBC dam-break obstacle/reconnection anchor,official_canary_reproduction,candidate_pending_D03,candidate_pending_D03,numerically_admissible_pending_Q-E,Q-I-structure-pass,Q-N-integrity-pass,3D,7,79380,79380,1.0,0,0,0.0,True,[]
W06_narrow_far_partial,F2,derived rotating-cup pour/catch,custom_derived_historical_reuse,diagnostic,diagnostic_missing_mass_requires_scope_audit,diagnostic_missing_mass,Q-I-structure-pass,Q-N-integrity-pass,3D,251,1386,1082,0.7806637806637806,0,304,0.21933621933621938,False,"[""MISSING_MASS_SCOPE_AUDIT_REQUIRED""]"
W06_narrow_fast_center,F2,derived rotating-cup pour/catch,custom_derived_historical_reuse,candidate_pending_D03,candidate_reuse_pending_D03,numerically_admissible_pending_Q-E,Q-I-structure-pass,Q-N-integrity-pass,3D,251,1386,1386,1.0,0,0,0.0,True,[]
W06_narrow_offset_partial,F2,derived rotating-cup pour/catch,custom_derived_historical_reuse,diagnostic,diagnostic_missing_mass_requires_scope_audit,diagnostic_missing_mass,Q-I-structure-pass,Q-N-integrity-pass,3D,251,1386,1361,0.9819624819624819,0,25,0.018037518037518074,False,"[""MISSING_MASS_SCOPE_AUDIT_REQUIRED""]"
W06_narrow_slow_center,F2,derived rotating-cup pour/catch,custom_derived_historical_reuse,candidate_pending_D03,candidate_reuse_pending_D03,numerically_admissible_pending_Q-E,Q-I-structure-pass,Q-N-integrity-pass,3D,251,1386,1386,1.0,0,0,0.0,True,[]
W06_standard_far_partial,F2,derived rotating-cup pour/catch,custom_derived_historical_reuse,diagnostic,diagnostic_missing_mass_requires_scope_audit,diagnostic_missing_mass,Q-I-structure-pass,Q-N-integrity-pass,3D,251,1764,1237,0.7012471655328798,0,527,0.2987528344671202,False,"[""MISSING_MASS_SCOPE_AUDIT_REQUIRED""]"
W06_standard_fast_center,F2,derived rotating-cup pour/catch,custom_derived_historical_reuse,candidate_pending_D03,candidate_reuse_pending_D03,numerically_admissible_pending_Q-E,Q-I-structure-pass,Q-N-integrity-pass,3D,251,1764,1764,1.0,0,0,0.0,True,[]
W06_standard_offset_partial,F2,derived rotating-cup pour/catch,custom_derived_historical_reuse,diagnostic,diagnostic_missing_mass_requires_scope_audit,diagnostic_missing_mass,Q-I-structure-pass,Q-N-integrity-pass,3D,251,1764,1732,0.981859410430839,0,32,0.01814058956916098,False,"[""MISSING_MASS_SCOPE_AUDIT_REQUIRED""]"
W06_standard_slow_center,F2,derived rotating-cup pour/catch,custom_derived_historical_reuse,candidate_pending_D03,candidate_reuse_pending_D03,numerically_admissible_pending_Q-E,Q-I-structure-pass,Q-N-integrity-pass,3D,251,1764,1764,1.0,0,0,0.0,True,[]
W06_wide_far_partial,F2,derived rotating-cup pour/catch,custom_derived_historical_reuse,diagnostic,diagnostic_missing_mass_requires_scope_audit,diagnostic_missing_mass,Q-I-structure-pass,Q-N-integrity-pass,3D,251,2142,1183,0.5522875816993464,0,959,0.44771241830065356,False,"[""MISSING_MASS_SCOPE_AUDIT_REQUIRED""]"
W06_wide_fast_center,F2,derived rotating-cup pour/catch,custom_derived_historical_reuse,diagnostic,diagnostic_missing_mass_requires_scope_audit,diagnostic_missing_mass,Q-I-structure-pass,Q-N-integrity-pass,3D,251,2142,2083,0.9724556489262371,0,59,0.02754435107376285,False,"[""MISSING_MASS_SCOPE_AUDIT_REQUIRED""]"
W06_wide_offset_partial,F2,derived rotating-cup pour/catch,custom_derived_historical_reuse,diagnostic,diagnostic_missing_mass_requires_scope_audit,diagnostic_missing_mass,Q-I-structure-pass,Q-N-integrity-pass,3D,251,2142,2107,0.9836601307189542,0,35,0.016339869281045805,False,"[""MISSING_MASS_SCOPE_AUDIT_REQUIRED""]"
W06_wide_slow_center,F2,derived rotating-cup pour/catch,custom_derived_historical_reuse,candidate_pending_D03,candidate_reuse_pending_D03,numerically_admissible_pending_Q-E,Q-I-structure-pass,Q-N-integrity-pass,3D,251,2142,2142,1.0,0,0,0.0,True,[]
O3_sloshing_acc,F3,accelerated-frame-sloshing,official_historical_reuse,candidate_pending_D03,historical_reuse_candidate_pending_D03,numerically_admissible_pending_Q-E,Q-I-structure-pass,Q-N-integrity-pass,3D,11,712,712,1.0,0,0,0.0,True,[]
O3_sloshing_motion,F3,prescribed-moving-tank,official_historical_reuse,candidate_pending_D03,historical_reuse_candidate_pending_D03,numerically_admissible_pending_Q-E,Q-I-structure-pass,Q-N-integrity-pass,3D,11,712,712,1.0,0,0,0.0,True,[]
F4_shapes_inlet3d,F4,3D shapes inlet liquid-column collision anchor,official_canary_reproduction,diagnostic,diagnostic_open_lifecycle_requires_flux_audit,diagnostic_open_lifecycle,Q-I-structure-pass,Q-N-integrity-pass,3D,5,5336,58696,1.0,53360,0,10.0,False,"[""OPEN_LIFECYCLE_FLUX_AUDIT_REQUIRED""]"
O4_impinging_jet,F4,open-boundary-impinging-jet,official_historical_reuse,diagnostic,diagnostic_open_lifecycle_requires_flux_audit,diagnostic_open_lifecycle,Q-I-structure-pass,Q-N-integrity-pass,3D,11,519,10353,0.015414258188824663,18600,511,18.947976878612717,False,"[""OPEN_LIFECYCLE_FLUX_AUDIT_REQUIRED""]"
O5_solitary_wave,F5,solitary-wave-propagation,official_historical_reuse,candidate_pending_D03,historical_reuse_candidate_pending_D03,numerically_admissible_pending_Q-E,Q-I-structure-pass,Q-N-integrity-pass,3D,11,10882,10882,1.0,0,0,0.0,True,[]
O5_wave_runup,F5,wave-runup-moving-piston,official_historical_reuse,exclusion_negative,diagnostic_closed_scope_exclusion_negative,exclude_from_core,Q-I-structure-pass,Q-N-integrity-pass,3D,11,21723,28,0.0012889564056529944,0,21695,0.998711043594347,False,"[""EXCLUSION_NEGATIVE_RETAINED_AS_NEGATIVE_CONTROL""]"
O5_wave_runup_refined,F5,wave-runup-moving-piston-refined,official_historical_reuse,candidate_pending_D03,historical_reuse_candidate_pending_D03,candidate_requires_repair_or_reclassification,Q-I-structure-pass,Q-N-integrity-pass,3D,11,28070,28069,0.9999643747773423,0,1,3.5625222657653666e-05,False,"[""CLOSED_IDENTITY_OR_MASS_INVARIANT_NOT_MET""]"
O6_falling_wedge_vres,F6,variable-resolution-water-entry,official_historical_reuse,diagnostic,diagnostic_variable_resolution_requires_lineage_audit,diagnostic_variable_resolution,Q-I-structure-fail,Q-N-integrity-pass,3D,11,16479,19895,0.9960301050368042,321,48,0.002687062955557651,False,"[""PARTICLE_ID_NOT_UNIQUE"",""VARIABLE_RESOLUTION_LINEAGE_AUDIT_REQUIRED""]"
O6_floating_box,F6,free-floating-body-six-dof,official_historical_reuse,candidate_pending_D03,historical_reuse_candidate_pending_D03,numerically_admissible_pending_Q-E,Q-I-structure-pass,Q-N-integrity-pass,3D,11,4896,4896,1.0,0,0,0.0,True,[]
O6_floating_sphere,F6,sphere-heave-decay,official_historical_reuse,candidate_pending_D03,historical_reuse_candidate_pending_D03,numerically_admissible_pending_Q-E,Q-I-structure-pass,Q-N-integrity-pass,3D,11,14157,14157,1.0,0,0,0.0,True,[]
F7_moving_square2d,F7,2D prescribed moving obstacle control contrast,official_canary_reproduction,calibration,calibration_2d_anchor_pending_D03,calibration_only,Q-I-structure-pass,Q-N-integrity-pass,3D,6,121650,121649,0.9999917796958487,0,1,8.220304151262958e-06,False,"[""2D_CALIBRATION_ONLY""]"
F7_official_pump3d,F7,3D prescribed rotating pump transport anchor,official_canary_reproduction,candidate_pending_D03,candidate_pending_D03,numerically_admissible_pending_Q-E,Q-I-structure-pass,Q-N-integrity-pass,3D,6,5070,5070,1.0,0,0,0.0,True,[]
