case_id,group,case_name,path,initial_scope_class,dimension,dimension_confidence,physics_content,modules,boundary_types,driving,fixed_boundaries_present,open_system_or_lifecycle,moving_or_rigid_response,declared_dp_values,parameter_keys,source_asset_count,reproduction_status
official::chrono::01_Pendulum,chrono,01_Pendulum,examples/chrono/01_Pendulum,extension_candidate,3D,source_geometry_y_nonzero,fluid–rigid/flexible-body coupling examples using Chrono,chrono_rigid_or_flexible_coupling;floating_rigid_body;particle_shifting,fixed_or_geometry_boundary;moving_or_free_body_boundary,gravity,True,False,True,0.05,CoefDtMin;DensityDT;DensityDTvalue;DtAllParticles;DtIni;DtMin;FtPause;Kernel;PartsOutMax;RhopOutMax;RhopOutMin;RigidAlgorithm;SavePosDouble;ShiftCoef;ShiftTFS;Shifting;StepAlgorithm;TimeMax;TimeOut;VerletSteps;Visco;ViscoBoundFactor;ViscoTreatment,13,source_inventory_only
official::chrono::02_Spring,chrono,02_Spring,examples/chrono/02_Spring,extension_candidate,3D,source_geometry_y_nonzero,fluid–rigid/flexible-body coupling examples using Chrono,chrono_rigid_or_flexible_coupling;floating_rigid_body;particle_shifting,fixed_or_geometry_boundary;moving_or_free_body_boundary,gravity,True,False,True,0.05,CoefDtMin;DensityDT;DensityDTvalue;DtAllParticles;DtFixed;DtFixedFile;DtIni;DtMin;FtPause;Kernel;PartsOutMax;RhopOutMax;RhopOutMin;RigidAlgorithm;SavePosDouble;ShiftCoef;ShiftTFS;Shifting;StepAlgorithm;TimeMax;TimeOut;VerletSteps;Visco;ViscoBoundFactor;ViscoTreatment,17,source_inventory_only
official::chrono::03_FlexibleGate,chrono,03_FlexibleGate,examples/chrono/03_FlexibleGate,extension_candidate,2D,source_geometry_y_zero,fluid–rigid/flexible-body coupling examples using Chrono,chrono_rigid_or_flexible_coupling;floating_rigid_body;particle_shifting,fixed_or_geometry_boundary;moving_or_free_body_boundary,gravity,True,False,True,0.01,CoefDtMin;DensityDT;DensityDTvalue;DtAllParticles;DtFixed;DtFixedFile;DtIni;DtMin;FtPause;Kernel;PartsOutMax;RhopOutMax;RhopOutMin;RigidAlgorithm;SavePosDouble;ShiftCoef;ShiftTFS;Shifting;StepAlgorithm;TimeMax;TimeOut;VerletSteps;Visco;ViscoBoundFactor;ViscoTreatment,7,source_inventory_only
official::chrono::04_Pelamis,chrono,04_Pelamis,examples/chrono/04_Pelamis,extension_candidate,2D,source_geometry_y_zero,fluid–rigid/flexible-body coupling examples using Chrono,chrono_rigid_or_flexible_coupling;floating_rigid_body;particle_shifting;prescribed_piston;wave_generation_or_propagation,fixed_or_geometry_boundary;moving_or_free_body_boundary,gravity;prescribed_motion;wave_generator_or_wave_input,True,False,True,0.025,CoefDtMin;DensityDT;DensityDTvalue;DtAllParticles;DtFixed;DtFixedFile;DtIni;DtMin;FtPause;Kernel;PartsOutMax;RhopOutMax;RhopOutMin;RigidAlgorithm;SavePosDouble;ShiftCoef;ShiftTFS;Shifting;StepAlgorithm;TimeMax;TimeOut;VerletSteps;Visco;ViscoBoundFactor;ViscoTreatment,7,source_inventory_only
official::chrono::05_OWSC,chrono,05_OWSC,examples/chrono/05_OWSC,extension_candidate,3D,source_geometry_y_nonzero,fluid–rigid/flexible-body coupling examples using Chrono,chrono_rigid_or_flexible_coupling;floating_rigid_body;particle_shifting;prescribed_flap;prescribed_piston;wave_generation_or_propagation,fixed_or_geometry_boundary;moving_or_free_body_boundary,gravity;prescribed_motion;wave_generator_or_wave_input,True,False,True,0.05,CoefDtMin;DensityDT;DensityDTvalue;DtAllParticles;DtFixed;DtFixedFile;DtIni;DtMin;FtPause;Kernel;PartsOutMax;RhopOutMax;RhopOutMin;RigidAlgorithm;SavePosDouble;ShiftCoef;ShiftTFS;Shifting;StepAlgorithm;TimeMax;TimeOut;VerletSteps;Visco;ViscoBoundFactor;ViscoTreatment,9,source_inventory_only
official::chrono::06_ZipLine,chrono,06_ZipLine,examples/chrono/06_ZipLine,extension_candidate,3D,source_geometry_y_nonzero,fluid–rigid/flexible-body coupling examples using Chrono,chrono_rigid_or_flexible_coupling;floating_rigid_body;particle_shifting,fixed_or_geometry_boundary;moving_or_free_body_boundary,gravity,True,False,True,0.04,CoefDtMin;DensityDT;DensityDTvalue;DtAllParticles;DtIni;DtMin;FtPause;Kernel;PartsOutMax;RhopOutMax;RhopOutMin;RigidAlgorithm;SavePosDouble;ShiftCoef;ShiftTFS;Shifting;StepAlgorithm;TimeMax;TimeOut;VerletSteps;Visco;ViscoBoundFactor;ViscoTreatment,17,source_inventory_only
official::chrono::07_DamBreakCubes,chrono,07_DamBreakCubes,examples/chrono/07_DamBreakCubes,extension_candidate,3D,source_geometry_y_nonzero,fluid–rigid/flexible-body coupling examples using Chrono,chrono_rigid_or_flexible_coupling;floating_rigid_body;particle_shifting,fixed_or_geometry_boundary;moving_or_free_body_boundary,gravity,True,False,True,0.01;0.0125,DensityDT;DensityDTvalue;DtAllParticles;DtIni;DtMin;FtPause;Kernel;MinFluidStop;PartsOutMax;RhopOutMax;RhopOutMin;RigidAlgorithm;SavePosDouble;ShiftCoef;ShiftTFS;Shifting;StepAlgorithm;TimeMax;TimeOut;VerletSteps;Visco;ViscoBoundFactor;ViscoTreatment;WrnPartsOut,19,source_inventory_only
official::chrono::08_WaterMill,chrono,08_WaterMill,examples/chrono/08_WaterMill,extension_candidate,3D,source_geometry_y_nonzero,fluid–rigid/flexible-body coupling examples using Chrono,chrono_rigid_or_flexible_coupling;floating_rigid_body;particle_shifting;periodic_boundary,fixed_or_geometry_boundary;moving_or_free_body_boundary;periodic,gravity,True,False,True,0.025,CoefDtMin;DensityDT;DensityDTvalue;DtAllParticles;DtIni;DtMin;FtPause;Kernel;PartsOutMax;RhopOutMax;RhopOutMin;RigidAlgorithm;SavePosDouble;ShiftCoef;ShiftTFS;Shifting;StepAlgorithm;TimeMax;TimeOut;VerletSteps;Visco;ViscoBoundFactor;ViscoTreatment;XPeriodicIncZ,11,source_inventory_only
official::chrono::09_Turbine,chrono,09_Turbine,examples/chrono/09_Turbine,extension_candidate,3D,source_geometry_y_nonzero,fluid–rigid/flexible-body coupling examples using Chrono,chrono_rigid_or_flexible_coupling;floating_rigid_body;particle_shifting;periodic_boundary,fixed_or_geometry_boundary;moving_or_free_body_boundary;periodic,gravity,True,False,True,0.0075,CoefDtMin;DensityDT;DensityDTvalue;DtAllParticles;DtIni;DtMin;FtPause;Kernel;PartsOutMax;RhopOutMax;RhopOutMin;RigidAlgorithm;SavePosDouble;ShiftCoef;ShiftTFS;Shifting;StepAlgorithm;TimeMax;TimeOut;VerletSteps;Visco;ViscoBoundFactor;ViscoTreatment;XPeriodicIncZ,8,source_inventory_only
official::chrono::10_PointAbsorber,chrono,10_PointAbsorber,examples/chrono/10_PointAbsorber,extension_candidate,2D,source_geometry_y_zero,fluid–rigid/flexible-body coupling examples using Chrono,chrono_rigid_or_flexible_coupling;floating_rigid_body;gauges;particle_shifting;prescribed_piston;wave_generation_or_propagation,fixed_or_geometry_boundary;moving_or_free_body_boundary,gravity;prescribed_motion;wave_generator_or_wave_input,True,False,True,0.01,CoefDtMin;DensityDT;DensityDTvalue;DtAllParticles;DtFixed;DtFixedFile;DtIni;DtMin;FtPause;Kernel;PartsOutMax;RhopOutMax;RhopOutMin;RigidAlgorithm;SavePosDouble;ShiftCoef;ShiftTFS;Shifting;StepAlgorithm;TimeMax;TimeOut;VerletSteps;Visco;ViscoBoundFactor;ViscoTreatment,21,source_inventory_only
official::chrono::11_CurrentWheelPulley,chrono,11_CurrentWheelPulley,examples/chrono/11_CurrentWheelPulley,extension_candidate,2D,source_geometry_y_zero,fluid–rigid/flexible-body coupling examples using Chrono,chrono_rigid_or_flexible_coupling;floating_rigid_body;inlet/outlet;mdbc;particle_shifting,fixed_or_geometry_boundary;modified_dynamic_boundary;moving_or_free_body_boundary;open_inlet_outlet,flow_or_inlet_condition;gravity,True,True,True,0.0075,Boundary;CoefDtMin;DensityDT;DensityDTvalue;DtAllParticles;DtFixed;DtFixedFile;DtIni;DtMin;FtPause;Kernel;PartsOutMax;RhopOutMax;RhopOutMin;RigidAlgorithm;SavePosDouble;ShiftCoef;ShiftTFS;Shifting;SlipMode;StepAlgorithm;TimeMax;TimeOut;VerletSteps;Visco;ViscoBoundFactor;ViscoTreatment,13,source_inventory_only
official::chrono::12_ExternalVelocity,chrono,12_ExternalVelocity,examples/chrono/12_ExternalVelocity,extension_candidate,3D,source_geometry_y_nonzero,fluid–rigid/flexible-body coupling examples using Chrono,chrono_rigid_or_flexible_coupling;floating_rigid_body;particle_shifting,fixed_or_geometry_boundary;moving_or_free_body_boundary,gravity,True,False,True,0.005;0.02;0.05,CoefDtMin;DensityDT;DensityDTvalue;DtAllParticles;DtIni;DtMin;FtPause;Kernel;PartsOutMax;RhopOutMax;RhopOutMin;RigidAlgorithm;SavePosDouble;ShiftCoef;ShiftTFS;Shifting;StepAlgorithm;TimeMax;TimeOut;VerletSteps;Visco;ViscoBoundFactor;ViscoTreatment,29,source_inventory_only
official::chrono::13_FlexibleObstacle,chrono,13_FlexibleObstacle,examples/chrono/13_FlexibleObstacle,extension_candidate,2D,source_geometry_y_zero,fluid–rigid/flexible-body coupling examples using Chrono,chrono_rigid_or_flexible_coupling;floating_rigid_body;mdbc;particle_shifting,fixed_or_geometry_boundary;modified_dynamic_boundary;moving_or_free_body_boundary,gravity;prescribed_motion,True,False,True,0.001,#DtIni;#DtMin;Boundary;DensityDT;DensityDTvalue;DtAllParticles;FtPause;Kernel;PartsOutMax;RhopOutMax;RhopOutMin;RigidAlgorithm;SavePosDouble;ShiftCoef;ShiftTFS;Shifting;StepAlgorithm;TimeMax;TimeOut;VerletSteps;Visco;ViscoBoundFactor;ViscoTreatment,9,source_inventory_only
official::flexstruc::01_DamBreak,flexstruc,01_DamBreak,examples/flexstruc/01_DamBreak,extension_candidate,3D,source_geometry_y_nonzero,fluid–flexible-structure coupling examples,floating_rigid_body;mdbc,fixed_or_geometry_boundary;modified_dynamic_boundary;moving_or_free_body_boundary,flow_or_inlet_condition;gravity;prescribed_motion,True,False,True,0.002,Boundary;CoefDtMin;DensityDT;DensityDTvalue;DtAllParticles;Kernel;MinFluidStop;NoPenetration;SavePosDouble;SlipMode;StepAlgorithm;TimeMax;TimeOut;Visco;ViscoBoundFactor;ViscoTreatment,17,source_inventory_only
official::flexstruc::02_TurekHron,flexstruc,02_TurekHron,examples/flexstruc/02_TurekHron,extension_candidate,2D,source_geometry_y_zero,fluid–flexible-structure coupling examples,floating_rigid_body;inlet/outlet;mdbc;particle_shifting,fixed_or_geometry_boundary;modified_dynamic_boundary;moving_or_free_body_boundary;open_inlet_outlet,flow_or_inlet_condition;gravity;prescribed_motion,True,True,True,0.0025;0.005,Boundary;CoefDtMin;DensityDT;DensityDTvalue;DtAllParticles;Kernel;MinFluidStop;NoPenetration;SavePosDouble;ShiftCoef;ShiftTFS;Shifting;SlipMode;StepAlgorithm;TimeMax;TimeOut;Visco;ViscoBoundFactor;ViscoTreatment,16,source_inventory_only
official::flexstruc::03_RollingTank,flexstruc,03_RollingTank,examples/flexstruc/03_RollingTank,extension_candidate,2D,source_geometry_y_zero,fluid–flexible-structure coupling examples,floating_rigid_body,fixed_or_geometry_boundary;moving_or_free_body_boundary,gravity;prescribed_motion,True,False,True,0.001,CoefDtMin;DensityDT;DensityDTvalue;DtAllParticles;Kernel;SavePosDouble;StepAlgorithm;TimeMax;TimeOut;Visco;ViscoTreatment,13,source_inventory_only
official::inletmesh::01_Basic,inletmesh,01_Basic,examples/inletmesh/01_Basic,core_candidate,3D,source_geometry_y_nonzero,open/inlet mesh flow and dam-break/wave examples,chrono_rigid_or_flexible_coupling;floating_rigid_body;inlet/outlet;mdbc;particle_shifting;periodic_boundary,fixed_or_geometry_boundary;modified_dynamic_boundary;moving_or_free_body_boundary;open_inlet_outlet;periodic,flow_or_inlet_condition;gravity,True,True,True,0.05,Boundary;CoefDtMin;DensityDT;DensityDTvalue;DtAllParticles;DtFixed;DtFixedFile;DtIni;DtMin;FtIgnoreRadius;FtPause;Kernel;MinFluidStop;RhopOutMax;RhopOutMin;RigidAlgorithm;SavePosDouble;ShiftCoef;ShiftTFS;Shifting;StepAlgorithm;TimeMax;TimeOut;VerletSteps;Visco;ViscoBoundFactor;ViscoTreatment;WrnPartsOut,19,source_inventory_only
official::inletmesh::02_Complex,inletmesh,02_Complex,examples/inletmesh/02_Complex,core_candidate,3D,source_geometry_y_nonzero,open/inlet mesh flow and dam-break/wave examples,chrono_rigid_or_flexible_coupling;floating_rigid_body;inlet/outlet;mdbc;particle_shifting;periodic_boundary,fixed_or_geometry_boundary;modified_dynamic_boundary;moving_or_free_body_boundary;open_inlet_outlet;periodic,flow_or_inlet_condition;gravity,True,True,True,0.025,Boundary;CoefDtMin;DensityDT;DensityDTvalue;DtAllParticles;DtFixed;DtFixedFile;DtIni;DtMin;FtIgnoreRadius;FtPause;Kernel;MinFluidStop;RhopOutMax;RhopOutMin;RigidAlgorithm;SavePosDouble;ShiftCoef;ShiftTFS;Shifting;StepAlgorithm;TimeMax;TimeOut;VerletSteps;Visco;ViscoBoundFactor;ViscoTreatment;WrnPartsOut,10,source_inventory_only
official::inletmesh::03_Dambreak,inletmesh,03_Dambreak,examples/inletmesh/03_Dambreak,core_candidate,3D,source_geometry_y_nonzero,open/inlet mesh flow and dam-break/wave examples,chrono_rigid_or_flexible_coupling;floating_rigid_body;gauges;inlet/outlet;mdbc;particle_shifting;periodic_boundary,fixed_or_geometry_boundary;modified_dynamic_boundary;moving_or_free_body_boundary;open_inlet_outlet;periodic,flow_or_inlet_condition;gravity,True,True,True,0.005;0.008;0.01,Boundary;CoefDtMin;DensityDT;DensityDTvalue;DtAllParticles;DtFixed;DtFixedFile;DtIni;DtMin;FtIgnoreRadius;FtPause;Kernel;MinFluidStop;RhopOutMax;RhopOutMin;RigidAlgorithm;SavePosDouble;ShiftCoef;ShiftTFS;Shifting;StepAlgorithm;TimeMax;TimeOut;VerletSteps;Visco;ViscoBoundFactor;ViscoTreatment;WrnPartsOut;YPeriodicIncZ,48,source_inventory_only
official::inletmesh::04_SolitaryWaveFt,inletmesh,04_SolitaryWaveFt,examples/inletmesh/04_SolitaryWaveFt,core_candidate,2D,source_geometry_y_zero,open/inlet mesh flow and dam-break/wave examples,chrono_rigid_or_flexible_coupling;floating_rigid_body;gauges;inlet/outlet;mdbc;particle_shifting;periodic_boundary;prescribed_piston;wave_generation_or_propagation,fixed_or_geometry_boundary;modified_dynamic_boundary;moving_or_free_body_boundary;open_inlet_outlet;periodic,flow_or_inlet_condition;gravity;prescribed_motion;wave_generator_or_wave_input,True,True,True,#Dp,Boundary;CoefDtMin;DensityDT;DensityDTvalue;DtAllParticles;DtFixed;DtFixedFile;DtIni;DtMin;FtIgnoreRadius;FtPause;Kernel;MinFluidStop;RhopOutMax;RhopOutMin;RigidAlgorithm;SavePosDouble;ShiftCoef;ShiftTFS;Shifting;StepAlgorithm;TimeMax;TimeOut;VerletSteps;Visco;ViscoBoundFactor;ViscoTreatment;WrnPartsOut;YPeriodicIncZ,23,source_inventory_only
official::inletmesh::05_DambreakGate,inletmesh,05_DambreakGate,examples/inletmesh/05_DambreakGate,core_candidate,3D,source_geometry_y_nonzero,open/inlet mesh flow and dam-break/wave examples,chrono_rigid_or_flexible_coupling;floating_rigid_body;gauges;inlet/outlet;mdbc;particle_shifting,fixed_or_geometry_boundary;modified_dynamic_boundary;moving_or_free_body_boundary;open_inlet_outlet,flow_or_inlet_condition;gravity;prescribed_motion,True,True,True,0.0025,Boundary;CoefDtMin;DensityDT;DensityDTvalue;DtAllParticles;DtFixed;DtFixedFile;DtIni;DtMin;FtPause;Kernel;MinFluidStop;RhopOutMax;RhopOutMin;RigidAlgorithm;SavePosDouble;ShiftCoef;ShiftTFS;Shifting;StepAlgorithm;TimeMax;TimeOut;VerletSteps;Visco;ViscoBoundFactor;ViscoTreatment;WrnPartsOut,18,source_inventory_only
official::inletoutlet::01_FlowCylinder,inletoutlet,01_FlowCylinder,examples/inletoutlet/01_FlowCylinder,core_candidate,2D,source_geometry_y_zero,"open inlet/outlet flow, waves, jets and hull examples",chrono_rigid_or_flexible_coupling;floating_rigid_body;inlet/outlet;mdbc;particle_shifting;periodic_boundary,fixed_or_geometry_boundary;modified_dynamic_boundary;moving_or_free_body_boundary;open_inlet_outlet;periodic,flow_or_inlet_condition;gravity;prescribed_motion,True,True,True,0.01,Boundary;CoefDtMin;DensityDT;DensityDTvalue;DtAllParticles;DtFixed;DtFixedFile;DtIni;DtMin;FtPause;Kernel;MinFluidStop;RhopOutMax;RhopOutMin;RigidAlgorithm;SavePosDouble;ShiftCoef;ShiftTFS;Shifting;StepAlgorithm;TimeMax;TimeOut;VerletSteps;Visco;ViscoBoundFactor;ViscoTreatment;WrnPartsOut;XPeriodicIncZ,12,source_inventory_only
official::inletoutlet::02_OpenChannel,inletoutlet,02_OpenChannel,examples/inletoutlet/02_OpenChannel,core_candidate,2D,source_geometry_y_zero,"open inlet/outlet flow, waves, jets and hull examples",chrono_rigid_or_flexible_coupling;floating_rigid_body;inlet/outlet;mdbc;particle_shifting,fixed_or_geometry_boundary;modified_dynamic_boundary;moving_or_free_body_boundary;open_inlet_outlet,flow_or_inlet_condition;gravity,True,True,True,0.08,Boundary;CoefDtMin;DensityDT;DensityDTvalue;DtAllParticles;DtFixed;DtFixedFile;DtIni;DtMin;FtPause;Kernel;MinFluidStop;RhopOutMax;RhopOutMin;RigidAlgorithm;SavePosDouble;ShiftCoef;ShiftTFS;Shifting;StepAlgorithm;TimeMax;TimeOut;VerletSteps;Visco;ViscoBoundFactor;ViscoTreatment;WrnPartsOut,8,source_inventory_only
official::inletoutlet::03_ReverseFlow,inletoutlet,03_ReverseFlow,examples/inletoutlet/03_ReverseFlow,core_candidate,2D,source_geometry_y_zero,"open inlet/outlet flow, waves, jets and hull examples",chrono_rigid_or_flexible_coupling;floating_rigid_body;inlet/outlet;particle_shifting,fixed_or_geometry_boundary;moving_or_free_body_boundary;open_inlet_outlet,flow_or_inlet_condition;gravity,True,True,True,0.05,CoefDtMin;DensityDT;DensityDTvalue;DtAllParticles;DtFixed;DtFixedFile;DtIni;DtMin;FtPause;Kernel;MinFluidStop;RhopOutMax;RhopOutMin;RigidAlgorithm;SavePosDouble;ShiftCoef;ShiftTFS;Shifting;StepAlgorithm;TimeMax;TimeOut;VerletSteps;Visco;ViscoBoundFactor;ViscoTreatment;WrnPartsOut,6,source_inventory_only
official::inletoutlet::04_Waves2D,inletoutlet,04_Waves2D,examples/inletoutlet/04_Waves2D,core_candidate,2D,source_geometry_y_zero,"open inlet/outlet flow, waves, jets and hull examples",chrono_rigid_or_flexible_coupling;floating_rigid_body;inlet/outlet;particle_shifting;wave_generation_or_propagation,fixed_or_geometry_boundary;moving_or_free_body_boundary;open_inlet_outlet,flow_or_inlet_condition;gravity;wave_generator_or_wave_input,True,True,True,0.01,CoefDtMin;DensityDT;DensityDTvalue;DtAllParticles;DtFixed;DtFixedFile;DtIni;DtMin;FtPause;Kernel;MinFluidStop;RhopOutMax;RhopOutMin;RigidAlgorithm;SavePosDouble;ShiftCoef;ShiftTFS;Shifting;StepAlgorithm;TimeMax;TimeOut;VerletSteps;Visco;ViscoBoundFactor;ViscoTreatment;WrnPartsOut,7,source_inventory_only
official::inletoutlet::05_ShapesInlet3D,inletoutlet,05_ShapesInlet3D,examples/inletoutlet/05_ShapesInlet3D,core_candidate,3D,source_geometry_y_nonzero,"open inlet/outlet flow, waves, jets and hull examples",chrono_rigid_or_flexible_coupling;floating_rigid_body;inlet/outlet;particle_shifting,fixed_or_geometry_boundary;moving_or_free_body_boundary;open_inlet_outlet,flow_or_inlet_condition;gravity,True,True,True,0.001;0.02,CoefDtMin;DensityDT;DensityDTvalue;DtAllParticles;DtFixed;DtFixedFile;DtIni;DtMin;FtPause;Kernel;PartsOutMax;RhopOutMax;RhopOutMin;RigidAlgorithm;SavePosDouble;ShiftCoef;ShiftTFS;Shifting;StepAlgorithm;TimeMax;TimeOut;VerletSteps;Visco;ViscoBoundFactor;ViscoTreatment;WrnPartsOut,11,source_inventory_only
official::inletoutlet::06_Box4Inlet3D,inletoutlet,06_Box4Inlet3D,examples/inletoutlet/06_Box4Inlet3D,core_candidate,3D,source_geometry_y_nonzero,"open inlet/outlet flow, waves, jets and hull examples",chrono_rigid_or_flexible_coupling;floating_rigid_body;inlet/outlet;particle_shifting,fixed_or_geometry_boundary;moving_or_free_body_boundary;open_inlet_outlet,flow_or_inlet_condition;gravity,True,True,True,0.05,CoefDtMin;DensityDT;DensityDTvalue;DtAllParticles;DtFixed;DtFixedFile;DtIni;DtMin;FtPause;Kernel;PartsOutMax;RhopOutMax;RhopOutMin;RigidAlgorithm;SavePosDouble;ShiftCoef;ShiftTFS;Shifting;StepAlgorithm;TimeMax;TimeOut;VerletSteps;Visco;ViscoBoundFactor;ViscoTreatment,6,source_inventory_only
official::inletoutlet::07_CurrentHull,inletoutlet,07_CurrentHull,examples/inletoutlet/07_CurrentHull,core_candidate,3D,source_geometry_y_nonzero,"open inlet/outlet flow, waves, jets and hull examples",chrono_rigid_or_flexible_coupling;floating_rigid_body;inlet/outlet;particle_shifting;periodic_boundary,fixed_or_geometry_boundary;moving_or_free_body_boundary;open_inlet_outlet;periodic,flow_or_inlet_condition;gravity,True,True,True,0.01,#XPeriodicIncZ;CoefDtMin;DensityDT;DensityDTvalue;DtAllParticles;DtFixed;DtFixedFile;DtIni;DtMin;FtPause;Kernel;PartsOutMax;RhopOutMax;RhopOutMin;RigidAlgorithm;SavePosDouble;ShiftCoef;ShiftTFS;Shifting;StepAlgorithm;TimeMax;TimeOut;VerletSteps;Visco;ViscoBoundFactor;ViscoTreatment,7,source_inventory_only
official::inletoutlet::08_ImpingingJet,inletoutlet,08_ImpingingJet,examples/inletoutlet/08_ImpingingJet,core_candidate,2D,source_geometry_y_zero,"open inlet/outlet flow, waves, jets and hull examples",chrono_rigid_or_flexible_coupling;floating_rigid_body;inlet/outlet;mdbc;particle_shifting,fixed_or_geometry_boundary;modified_dynamic_boundary;moving_or_free_body_boundary;open_inlet_outlet,flow_or_inlet_condition;gravity,True,True,True,0.0005,Boundary;CoefDtMin;DensityDT;DensityDTvalue;DtAllParticles;DtFixed;DtFixedFile;DtIni;DtMin;FtPause;Kernel;PartsOutMax;RhopOutMax;RhopOutMin;RigidAlgorithm;SavePosDouble;ShiftCoef;ShiftTFS;Shifting;StepAlgorithm;TimeMax;TimeOut;VerletSteps;Visco;ViscoBoundFactor;ViscoTreatment,6,source_inventory_only
official::main::01_DamBreak,main,01_DamBreak,examples/main/01_DamBreak,core_candidate,3D,source_geometry_y_nonzero,"single-phase free-surface, gravity/inertia, waves, sloshing, floating bodies, flow and damping examples",chrono_rigid_or_flexible_coupling;floating_rigid_body;gauges;particle_shifting,fixed_or_geometry_boundary;moving_or_free_body_boundary,gravity,True,False,True,0.0085;0.01,CoefDtMin;DensityDT;DensityDTvalue;DtAllParticles;DtFixed;DtFixedFile;DtIni;DtMin;FtPause;Kernel;PartsOutMax;RhopOutMax;RhopOutMin;RigidAlgorithm;SavePosDouble;ShiftCoef;ShiftTFS;Shifting;StepAlgorithm;TimeMax;TimeOut;VerletSteps;Visco;ViscoBoundFactor;ViscoTreatment,19,source_inventory_only
official::main::02_Periodicity,main,02_Periodicity,examples/main/02_Periodicity,core_candidate,2D,source_geometry_y_zero,"single-phase free-surface, gravity/inertia, waves, sloshing, floating bodies, flow and damping examples",chrono_rigid_or_flexible_coupling;floating_rigid_body;particle_shifting;periodic_boundary,moving_or_free_body_boundary;periodic,gravity,False,False,True,0.002,CoefDtMin;DensityDT;DensityDTvalue;DtAllParticles;DtFixed;DtFixedFile;DtIni;DtMin;FtPause;Kernel;PartsOutMax;RhopOutMax;RhopOutMin;RigidAlgorithm;SavePosDouble;ShiftCoef;ShiftTFS;Shifting;StepAlgorithm;TimeMax;TimeOut;VerletSteps;Visco;ViscoBoundFactor;ViscoTreatment;XPeriodicIncZ,6,source_inventory_only
official::main::03_MovingSquare,main,03_MovingSquare,examples/main/03_MovingSquare,core_candidate,2D,source_geometry_y_zero,"single-phase free-surface, gravity/inertia, waves, sloshing, floating bodies, flow and damping examples",chrono_rigid_or_flexible_coupling;floating_rigid_body;particle_shifting,fixed_or_geometry_boundary;moving_or_free_body_boundary,flow_or_inlet_condition;gravity;prescribed_motion,True,False,True,0.02,CoefDtMin;DensityDT;DensityDTvalue;DtAllParticles;DtFixed;DtFixedFile;DtIni;DtMin;FtPause;Kernel;PartsOutMax;RhopOutMax;RhopOutMin;RigidAlgorithm;SavePosDouble;ShiftCoef;ShiftTFS;Shifting;StepAlgorithm;TimeMax;TimeOut;VerletSteps;Visco;ViscoBoundFactor;ViscoTreatment,10,source_inventory_only
official::main::04_ExternalForces,main,04_ExternalForces,examples/main/04_ExternalForces,core_candidate,3D,source_geometry_y_nonzero,"single-phase free-surface, gravity/inertia, waves, sloshing, floating bodies, flow and damping examples",chrono_rigid_or_flexible_coupling;external_forcing;floating_rigid_body;particle_shifting,fixed_or_geometry_boundary;moving_or_free_body_boundary,external_acceleration_or_force;gravity,True,False,True,0.02,CoefDtMin;DensityDT;DensityDTvalue;DtAllParticles;DtFixed;DtFixedFile;DtIni;DtMin;FtPause;Kernel;PartsOutMax;RhopOutMax;RhopOutMin;RigidAlgorithm;SavePosDouble;ShiftCoef;ShiftTFS;Shifting;StepAlgorithm;TimeMax;TimeOut;VerletSteps;Visco;ViscoBoundFactor;ViscoTreatment,9,source_inventory_only
official::main::05_SloshingTank,main,05_SloshingTank,examples/main/05_SloshingTank,core_candidate,2D,source_geometry_y_zero,"single-phase free-surface, gravity/inertia, waves, sloshing, floating bodies, flow and damping examples",chrono_rigid_or_flexible_coupling;external_forcing;floating_rigid_body;particle_shifting,fixed_or_geometry_boundary;moving_or_free_body_boundary,external_acceleration_or_force;gravity;prescribed_motion,True,False,True,0.002,CoefDtMin;DensityDT;DensityDTvalue;DtAllParticles;DtFixed;DtFixedFile;DtIni;DtMin;FtPause;Kernel;PartsOutMax;RhopOutMax;RhopOutMin;RigidAlgorithm;SavePosDouble;ShiftCoef;ShiftTFS;Shifting;StepAlgorithm;TimeMax;TimeOut;VerletSteps;Visco;ViscoBoundFactor;ViscoTreatment,18,source_inventory_only
official::main::06_Wavemaker,main,06_Wavemaker,examples/main/06_Wavemaker,core_candidate,3D,source_geometry_y_nonzero,"single-phase free-surface, gravity/inertia, waves, sloshing, floating bodies, flow and damping examples",chrono_rigid_or_flexible_coupling;floating_rigid_body;particle_shifting;periodic_boundary;wave_generation_or_propagation,fixed_or_geometry_boundary;moving_or_free_body_boundary;periodic,gravity;prescribed_motion;wave_generator_or_wave_input,True,False,True,0.02,CoefDtMin;DensityDT;DensityDTvalue;DtAllParticles;DtFixed;DtFixedFile;DtIni;DtMin;FtPause;Kernel;PartsOutMax;RhopOutMax;RhopOutMin;RigidAlgorithm;SavePosDouble;ShiftCoef;ShiftTFS;Shifting;StepAlgorithm;TimeMax;TimeOut;VerletSteps;Visco;ViscoBoundFactor;ViscoTreatment;YPeriodicIncZ,8,source_inventory_only
official::main::07_WavemakerFile,main,07_WavemakerFile,examples/main/07_WavemakerFile,core_candidate,3D,source_geometry_y_nonzero,"single-phase free-surface, gravity/inertia, waves, sloshing, floating bodies, flow and damping examples",chrono_rigid_or_flexible_coupling;floating_rigid_body;particle_shifting;prescribed_piston;wave_generation_or_propagation,fixed_or_geometry_boundary;moving_or_free_body_boundary,gravity;prescribed_motion;wave_generator_or_wave_input,True,False,True,0.005,CoefDtMin;DensityDT;DensityDTvalue;DtFixed;DtFixedFile;DtIni;DtMin;FtPause;Kernel;PartsOutMax;RhopOutMax;RhopOutMin;RigidAlgorithm;SavePosDouble;ShiftCoef;ShiftTFS;Shifting;StepAlgorithm;TimeMax;TimeOut;VerletSteps;Visco;ViscoBoundFactor;ViscoTreatment,12,source_inventory_only
official::main::08_WavesFlap,main,08_WavesFlap,examples/main/08_WavesFlap,core_candidate,2D,source_geometry_y_zero,"single-phase free-surface, gravity/inertia, waves, sloshing, floating bodies, flow and damping examples",chrono_rigid_or_flexible_coupling;floating_rigid_body;particle_shifting;prescribed_flap;wave_generation_or_propagation,fixed_or_geometry_boundary;moving_or_free_body_boundary,gravity;prescribed_motion;wave_generator_or_wave_input,True,False,True,,,13,source_inventory_only
official::main::09_WavesPiston,main,09_WavesPiston,examples/main/09_WavesPiston,core_candidate,2D,source_geometry_y_zero,"single-phase free-surface, gravity/inertia, waves, sloshing, floating bodies, flow and damping examples",chrono_rigid_or_flexible_coupling;floating_rigid_body;particle_shifting;prescribed_piston;wave_generation_or_propagation,fixed_or_geometry_boundary;moving_or_free_body_boundary,gravity;prescribed_motion;wave_generator_or_wave_input,True,False,True,0.02,CoefDtMin;DensityDT;DensityDTvalue;DtAllParticles;DtFixed;DtFixedFile;DtIni;DtMin;FtPause;Kernel;PartsOutMax;RhopOutMax;RhopOutMin;RigidAlgorithm;SavePosDouble;ShiftCoef;ShiftTFS;Shifting;StepAlgorithm;TimeMax;TimeOut;VerletSteps;Visco;ViscoBoundFactor;ViscoTreatment,25,source_inventory_only
official::main::10_WavesPistonAWAS,main,10_WavesPistonAWAS,examples/main/10_WavesPistonAWAS,core_candidate,2D,source_geometry_y_zero,"single-phase free-surface, gravity/inertia, waves, sloshing, floating bodies, flow and damping examples",chrono_rigid_or_flexible_coupling;floating_rigid_body;gauges;particle_shifting;prescribed_piston;wave_generation_or_propagation,fixed_or_geometry_boundary;moving_or_free_body_boundary,gravity;prescribed_motion;wave_generator_or_wave_input,True,False,True,0.02,CoefDtMin;DensityDT;DensityDTvalue;DtAllParticles;DtFixed;DtFixedFile;DtIni;DtMin;FtPause;Kernel;PartsOutMax;RhopOutMax;RhopOutMin;RigidAlgorithm;SavePosDouble;ShiftCoef;ShiftTFS;Shifting;StepAlgorithm;TimeMax;TimeOut;VerletSteps;Visco;ViscoBoundFactor;ViscoTreatment,25,source_inventory_only
official::main::11_Floating,main,11_Floating,examples/main/11_Floating,core_candidate,3D,source_geometry_y_nonzero,"single-phase free-surface, gravity/inertia, waves, sloshing, floating bodies, flow and damping examples",chrono_rigid_or_flexible_coupling;floating_rigid_body;particle_shifting;periodic_boundary;prescribed_piston,fixed_or_geometry_boundary;moving_or_free_body_boundary;periodic,gravity;prescribed_motion,True,False,True,0.025;0.1,CoefDtMin;DensityDT;DensityDTvalue;DtAllParticles;DtFixed;DtFixedFile;DtIni;DtMin;FtPause;Kernel;PartsOutMax;RhopOutMax;RhopOutMin;RigidAlgorithm;SavePosDouble;ShiftCoef;ShiftTFS;Shifting;StepAlgorithm;TimeMax;TimeOut;VerletSteps;Visco;ViscoBoundFactor;ViscoTreatment;XPeriodicIncZ,16,source_inventory_only
official::main::12_FloatingWaves,main,12_FloatingWaves,examples/main/12_FloatingWaves,core_candidate,2D,source_geometry_y_zero,"single-phase free-surface, gravity/inertia, waves, sloshing, floating bodies, flow and damping examples",chrono_rigid_or_flexible_coupling;floating_rigid_body;particle_shifting;prescribed_flap;prescribed_piston;wave_generation_or_propagation,fixed_or_geometry_boundary;moving_or_free_body_boundary,gravity;prescribed_motion;wave_generator_or_wave_input,True,False,True,0.002;0.005,CoefDtMin;DensityDT;DensityDTvalue;DtAllParticles;DtFixed;DtFixedFile;DtIni;DtMin;FtPause;Kernel;PartsOutMax;RhopOutMax;RhopOutMin;RigidAlgorithm;SavePosDouble;ShiftCoef;ShiftTFS;Shifting;StepAlgorithm;TimeMax;TimeOut;VerletSteps;Visco;ViscoBoundFactor;ViscoTreatment,16,source_inventory_only
official::main::13_Pump,main,13_Pump,examples/main/13_Pump,core_candidate,3D,source_geometry_y_nonzero,"single-phase free-surface, gravity/inertia, waves, sloshing, floating bodies, flow and damping examples",chrono_rigid_or_flexible_coupling;floating_rigid_body;particle_shifting,moving_or_free_body_boundary,flow_or_inlet_condition;gravity;prescribed_motion,False,False,True,0.004,CoefDtMin;DensityDT;DensityDTvalue;DtAllParticles;DtFixed;DtFixedFile;DtIni;DtMin;FtPause;Kernel;PartsOutMax;RhopOutMax;RhopOutMin;RigidAlgorithm;SavePosDouble;ShiftCoef;ShiftTFS;Shifting;StepAlgorithm;TimeMax;TimeOut;VerletSteps;Visco;ViscoBoundFactor;ViscoTreatment,8,source_inventory_only
official::main::14_DEM,main,14_DEM,examples/main/14_DEM,exclude_from_core,3D,source_geometry_y_nonzero,"single-phase free-surface, gravity/inertia, waves, sloshing, floating bodies, flow and damping examples",chrono_rigid_or_flexible_coupling;floating_rigid_body;particle_shifting;periodic_boundary,fixed_or_geometry_boundary;moving_or_free_body_boundary;periodic,gravity,True,False,True,0.01;0.02,CoefDtMin;DensityDT;DensityDTvalue;DtAllParticles;DtFixed;DtFixedFile;DtIni;DtMin;FtPause;Kernel;PartsOutMax;RhopOutMax;RhopOutMin;RigidAlgorithm;SavePosDouble;ShiftCoef;ShiftTFS;Shifting;StepAlgorithm;TimeMax;TimeOut;VerletSteps;Visco;ViscoBoundFactor;ViscoTreatment;XPeriodicIncZ,17,source_inventory_only
official::main::15_Poiseuille,main,15_Poiseuille,examples/main/15_Poiseuille,core_candidate,2D,source_geometry_y_zero,"single-phase free-surface, gravity/inertia, waves, sloshing, floating bodies, flow and damping examples",chrono_rigid_or_flexible_coupling;floating_rigid_body;particle_shifting;periodic_boundary,fixed_or_geometry_boundary;moving_or_free_body_boundary;periodic,gravity,True,False,True,0.00002,BoundaryMethod;CoefDtMin;DensityDT;DensityDTvalue;DtAllParticles;DtFixed;DtFixedFile;DtIni;DtMin;FtPause;Kernel;PartsOutMax;RhopOutMax;RhopOutMin;RigidAlgorithm;SavePosDouble;ShiftCoef;ShiftTFS;Shifting;StepAlgorithm;TimeMax;TimeOut;VerletSteps;Visco;ViscoBoundFactor;ViscoTreatment;XPeriodicIncZ,9,source_inventory_only
official::main::16_SolitaryWaves,main,16_SolitaryWaves,examples/main/16_SolitaryWaves,core_candidate,2D,source_geometry_y_zero,"single-phase free-surface, gravity/inertia, waves, sloshing, floating bodies, flow and damping examples",chrono_rigid_or_flexible_coupling;floating_rigid_body;particle_shifting;prescribed_piston;wave_generation_or_propagation,fixed_or_geometry_boundary;moving_or_free_body_boundary,gravity;prescribed_motion;wave_generator_or_wave_input,True,False,True,0.005;0.008,CoefDtMin;DensityDT;DensityDTvalue;DtAllParticles;DtFixed;DtFixedFile;FtPause;Kernel;PartsOutMax;RhopOutMax;RhopOutMin;RigidAlgorithm;SavePosDouble;ShiftCoef;ShiftTFS;Shifting;StepAlgorithm;TimeMax;TimeOut;VerletSteps;Visco;ViscoBoundFactor;ViscoTreatment,16,source_inventory_only
official::main::17_WaveRunup,main,17_WaveRunup,examples/main/17_WaveRunup,core_candidate,3D,source_geometry_y_nonzero,"single-phase free-surface, gravity/inertia, waves, sloshing, floating bodies, flow and damping examples",chrono_rigid_or_flexible_coupling;floating_rigid_body;gauges;particle_shifting;periodic_boundary;prescribed_piston;wave_generation_or_propagation,fixed_or_geometry_boundary;moving_or_free_body_boundary;periodic,gravity;prescribed_motion;wave_generator_or_wave_input,True,False,True,0.008,CoefDtMin;DensityDT;DensityDTvalue;DtAllParticles;DtFixed;DtFixedFile;DtIni;DtMin;FtPause;Kernel;PartsOutMax;RhopOutMax;RhopOutMin;RigidAlgorithm;SavePosDouble;ShiftCoef;ShiftTFS;Shifting;StepAlgorithm;TimeMax;TimeOut;VerletSteps;Visco;ViscoBoundFactor;ViscoTreatment;YPeriodicIncZ,12,source_inventory_only
official::main::18_Bathymetry,main,18_Bathymetry,examples/main/18_Bathymetry,core_candidate,3D,source_geometry_y_nonzero,"single-phase free-surface, gravity/inertia, waves, sloshing, floating bodies, flow and damping examples",chrono_rigid_or_flexible_coupling;floating_rigid_body;mdbc;particle_shifting;periodic_boundary;prescribed_piston;wave_generation_or_propagation,fixed_or_geometry_boundary;modified_dynamic_boundary;moving_or_free_body_boundary;periodic,gravity;prescribed_motion;wave_generator_or_wave_input,True,False,True,,,17,source_inventory_only
official::main::19_FocusedWaves,main,19_FocusedWaves,examples/main/19_FocusedWaves,core_candidate,2D,source_geometry_y_zero,"single-phase free-surface, gravity/inertia, waves, sloshing, floating bodies, flow and damping examples",chrono_rigid_or_flexible_coupling;floating_rigid_body;particle_shifting;prescribed_piston;wave_generation_or_propagation,fixed_or_geometry_boundary;moving_or_free_body_boundary,gravity;prescribed_motion;wave_generator_or_wave_input,True,False,True,0.015,CoefDtMin;DensityDT;DensityDTvalue;DtAllParticles;DtFixed;DtFixedFile;DtIni;DtMin;FtPause;Kernel;PartsOutMax;RhopOutMax;RhopOutMin;RigidAlgorithm;SavePosDouble;ShiftCoef;ShiftTFS;Shifting;StepAlgorithm;TimeMax;TimeOut;VerletSteps;Visco;ViscoBoundFactor;ViscoTreatment,9,source_inventory_only
official::main::20_Damping,main,20_Damping,examples/main/20_Damping,core_candidate,3D,source_geometry_y_nonzero,"single-phase free-surface, gravity/inertia, waves, sloshing, floating bodies, flow and damping examples",chrono_rigid_or_flexible_coupling;floating_rigid_body;mdbc;particle_shifting;periodic_boundary;prescribed_piston,fixed_or_geometry_boundary;modified_dynamic_boundary;moving_or_free_body_boundary;periodic,gravity;prescribed_motion,True,False,True,0.005;0.0125,Boundary;CoefDtMin;DensityDT;DensityDTvalue;DtAllParticles;DtFixed;DtFixedFile;DtIni;DtMin;FtIgnoreRadius;FtPause;Kernel;MinFluidStop;RhopOutMax;RhopOutMin;RigidAlgorithm;SavePosDouble;ShiftCoef;ShiftTFS;Shifting;StepAlgorithm;TimeMax;TimeOut;VerletSteps;Visco;ViscoBoundFactor;ViscoTreatment;WrnPartsOut,27,source_inventory_only
official::mdbc::01_StillWedge,mdbc,01_StillWedge,examples/mdbc/01_StillWedge,core_candidate,2D,source_geometry_y_zero,single-phase free-surface and internal-flow examples using modified dynamic boundary conditions,chrono_rigid_or_flexible_coupling;floating_rigid_body;mdbc;particle_shifting,modified_dynamic_boundary;moving_or_free_body_boundary,gravity,False,False,True,0.01;0.02,Boundary;CoefDtMin;DensityDT;DensityDTvalue;DtAllParticles;DtFixed;DtFixedFile;DtIni;DtMin;FtPause;Kernel;MinFluidStop;RhopOutMax;RhopOutMin;RigidAlgorithm;SavePosDouble;ShiftCoef;ShiftTFS;Shifting;SlipMode;StepAlgorithm;TimeMax;TimeOut;VerletSteps;Visco;ViscoBoundFactor;ViscoTreatment;WrnPartsOut,28,source_inventory_only
official::mdbc::02_Poiseuille,mdbc,02_Poiseuille,examples/mdbc/02_Poiseuille,core_candidate,2D,source_geometry_y_zero,single-phase free-surface and internal-flow examples using modified dynamic boundary conditions,chrono_rigid_or_flexible_coupling;floating_rigid_body;mdbc;particle_shifting;periodic_boundary,fixed_or_geometry_boundary;modified_dynamic_boundary;moving_or_free_body_boundary;periodic,gravity,True,False,True,0.01;0.04,Boundary;CoefDtMin;DensityDT;DensityDTvalue;DtAllParticles;DtFixed;DtFixedFile;DtIni;DtMin;FtPause;Kernel;MinFluidStop;RhopOutMax;RhopOutMin;RigidAlgorithm;SavePosDouble;ShiftCoef;ShiftTFS;Shifting;SlipMode;StepAlgorithm;TimeMax;TimeOut;VerletSteps;Visco;ViscoBoundFactor;ViscoTreatment;WrnPartsOut;XPeriodicIncZ,50,source_inventory_only
official::mdbc::03_Sloshing,mdbc,03_Sloshing,examples/mdbc/03_Sloshing,core_candidate,2D,source_geometry_y_zero,single-phase free-surface and internal-flow examples using modified dynamic boundary conditions,chrono_rigid_or_flexible_coupling;floating_rigid_body;mdbc;particle_shifting,fixed_or_geometry_boundary;modified_dynamic_boundary;moving_or_free_body_boundary,gravity;prescribed_motion,True,False,True,0.002;0.004,Boundary;CoefDtMin;DensityDT;DensityDTvalue;DtAllParticles;DtFixed;DtFixedFile;DtIni;DtMin;FtPause;Kernel;MinFluidStop;NoPenetration;RhopOutMax;RhopOutMin;RigidAlgorithm;SavePosDouble;ShiftCoef;ShiftTFS;Shifting;SlipMode;StepAlgorithm;TimeMax;TimeOut;VerletSteps;Visco;ViscoBoundFactor;ViscoTreatment;WrnPartsOut,42,source_inventory_only
official::mdbc::04_Dambreak,mdbc,04_Dambreak,examples/mdbc/04_Dambreak,core_candidate,3D,source_geometry_y_nonzero,single-phase free-surface and internal-flow examples using modified dynamic boundary conditions,chrono_rigid_or_flexible_coupling;floating_rigid_body;mdbc;particle_shifting,fixed_or_geometry_boundary;modified_dynamic_boundary;moving_or_free_body_boundary,gravity,True,False,True,0.01,Boundary;CoefDtMin;DensityDT;DensityDTvalue;DtAllParticles;DtFixed;DtFixedFile;DtIni;DtMin;FtPause;Kernel;MinFluidStop;NoPenetration;RhopOutMax;RhopOutMin;RigidAlgorithm;SavePosDouble;ShiftCoef;ShiftTFS;Shifting;SlipMode;StepAlgorithm;TimeMax;TimeOut;VerletSteps;Visco;ViscoBoundFactor;ViscoTreatment;WrnPartsOut,13,source_inventory_only
official::mdbc::05_FlowCylinder,mdbc,05_FlowCylinder,examples/mdbc/05_FlowCylinder,core_candidate,2D,source_geometry_y_zero,single-phase free-surface and internal-flow examples using modified dynamic boundary conditions,chrono_rigid_or_flexible_coupling;floating_rigid_body;inlet/outlet;mdbc;particle_shifting;periodic_boundary,fixed_or_geometry_boundary;modified_dynamic_boundary;moving_or_free_body_boundary;open_inlet_outlet;periodic,flow_or_inlet_condition;gravity;prescribed_motion,True,True,True,,,22,source_inventory_only
official::mdbc::06_WaveTank,mdbc,06_WaveTank,examples/mdbc/06_WaveTank,core_candidate,2D,source_geometry_y_zero,single-phase free-surface and internal-flow examples using modified dynamic boundary conditions,chrono_rigid_or_flexible_coupling;floating_rigid_body;mdbc;particle_shifting;prescribed_piston;wave_generation_or_propagation,fixed_or_geometry_boundary;modified_dynamic_boundary;moving_or_free_body_boundary,gravity;prescribed_motion;wave_generator_or_wave_input,True,False,True,0.03,Boundary;CoefDtMin;DensityDT;DensityDTvalue;DtAllParticles;DtFixed;DtFixedFile;DtIni;DtMin;FtPause;Kernel;PartsOutMax;RhopOutMax;RhopOutMin;RigidAlgorithm;SavePosDouble;ShiftCoef;ShiftTFS;Shifting;StepAlgorithm;TimeMax;TimeOut;VerletSteps;Visco;ViscoBoundFactor;ViscoTreatment,21,source_inventory_only
official::mdbc::07_WavesCylinder,mdbc,07_WavesCylinder,examples/mdbc/07_WavesCylinder,core_candidate,3D,source_geometry_y_nonzero,single-phase free-surface and internal-flow examples using modified dynamic boundary conditions,chrono_rigid_or_flexible_coupling;floating_rigid_body;mdbc;particle_shifting;prescribed_piston;wave_generation_or_propagation,fixed_or_geometry_boundary;modified_dynamic_boundary;moving_or_free_body_boundary,gravity;prescribed_motion;wave_generator_or_wave_input,True,False,True,0.02,Boundary;CoefDtMin;DensityDT;DensityDTvalue;DtAllParticles;DtFixed;DtFixedFile;DtIni;DtMin;FtPause;Kernel;PartsOutMax;RhopOutMax;RhopOutMin;RigidAlgorithm;SavePosDouble;ShiftCoef;ShiftTFS;Shifting;StepAlgorithm;TimeMax;TimeOut;VerletSteps;Visco;ViscoBoundFactor;ViscoTreatment,11,source_inventory_only
official::mdbc::08_FloatingWaves,mdbc,08_FloatingWaves,examples/mdbc/08_FloatingWaves,core_candidate,2D,source_geometry_y_zero,single-phase free-surface and internal-flow examples using modified dynamic boundary conditions,chrono_rigid_or_flexible_coupling;floating_rigid_body;mdbc;particle_shifting;prescribed_piston;wave_generation_or_propagation,fixed_or_geometry_boundary;modified_dynamic_boundary;moving_or_free_body_boundary,gravity;prescribed_motion;wave_generator_or_wave_input,True,False,True,0.005;0.02,Boundary;CoefDtMin;DensityDT;DensityDTvalue;DtAllParticles;DtFixed;DtFixedFile;DtIni;DtMin;FtPause;Kernel;NoPenetration;PartsOutMax;RhopOutMax;RhopOutMin;RigidAlgorithm;SavePosDouble;ShiftCoef;ShiftTFS;Shifting;SlipMode;StepAlgorithm;TimeMax;TimeOut;VerletSteps;Visco;ViscoBoundFactor;ViscoTreatment,24,source_inventory_only
official::mdbc::09_FloatingDuck,mdbc,09_FloatingDuck,examples/mdbc/09_FloatingDuck,core_candidate,3D,source_geometry_y_nonzero,single-phase free-surface and internal-flow examples using modified dynamic boundary conditions,floating_rigid_body;mdbc;particle_shifting,fixed_or_geometry_boundary;modified_dynamic_boundary;moving_or_free_body_boundary,gravity,True,False,True,0.005,Boundary;CoefDtMin;DensityDT;DensityDTvalue;DtAllParticles;DtFixed;DtFixedFile;DtIni;DtMin;FtPause;Kernel;NoPenetration;PartsOutMax;RhopOutMax;RhopOutMin;RigidAlgorithm;SavePosDouble;ShiftCoef;ShiftTFS;Shifting;SlipMode;StepAlgorithm;TimeMax;TimeOut;VerletSteps;Visco;ViscoBoundFactor;ViscoTreatment;WrnPartsOut,16,source_inventory_only
official::moordynplus::01_MooredBox,moordynplus,01_MooredBox,examples/moordynplus/01_MooredBox,extension_candidate,2D,source_geometry_y_zero,fluid–mooring and connected-body coupling examples,chrono_rigid_or_flexible_coupling;floating_rigid_body;mooring_coupling;particle_shifting;wave_generation_or_propagation,fixed_or_geometry_boundary;moving_or_free_body_boundary,external_acceleration_or_force;gravity;wave_generator_or_wave_input,True,False,True,0.01,CoefDtMin;DensityDT;DensityDTvalue;DtAllParticles;DtFixed;DtFixedFile;DtIni;DtMin;FtPause;Kernel;PartsOutMax;RhopOutMax;RhopOutMin;RigidAlgorithm;SavePosDouble;ShiftCoef;ShiftTFS;Shifting;StepAlgorithm;TimeMax;TimeOut;VerletSteps;Visco;ViscoBoundFactor;ViscoTreatment,21,source_inventory_only
official::moordynplus::02_WavesMoorings2D,moordynplus,02_WavesMoorings2D,examples/moordynplus/02_WavesMoorings2D,extension_candidate,2D,source_geometry_y_zero,fluid–mooring and connected-body coupling examples,chrono_rigid_or_flexible_coupling;floating_rigid_body;mooring_coupling;particle_shifting;prescribed_piston;wave_generation_or_propagation,fixed_or_geometry_boundary;moving_or_free_body_boundary,external_acceleration_or_force;gravity;prescribed_motion;wave_generator_or_wave_input,True,False,True,0.01,CoefDtMin;DensityDT;DensityDTvalue;DtAllParticles;DtFixed;DtFixedFile;DtIni;DtMin;FtPause;Kernel;PartsOutMax;RhopOutMax;RhopOutMin;RigidAlgorithm;SavePosDouble;ShiftCoef;ShiftTFS;Shifting;StepAlgorithm;TimeMax;TimeOut;VerletSteps;Visco;ViscoBoundFactor;ViscoTreatment,11,source_inventory_only
official::moordynplus::03_WavesMoorings3D,moordynplus,03_WavesMoorings3D,examples/moordynplus/03_WavesMoorings3D,extension_candidate,3D,source_geometry_y_nonzero,fluid–mooring and connected-body coupling examples,chrono_rigid_or_flexible_coupling;floating_rigid_body;mooring_coupling;particle_shifting;periodic_boundary;prescribed_piston;wave_generation_or_propagation,fixed_or_geometry_boundary;moving_or_free_body_boundary;periodic,external_acceleration_or_force;gravity;prescribed_motion;wave_generator_or_wave_input,True,False,True,0.01;0.2,CoefDtMin;DensityDT;DensityDTvalue;DtAllParticles;DtFixed;DtFixedFile;DtIni;DtMin;FtPause;Kernel;PartsOutMax;RhopOutMax;RhopOutMin;RigidAlgorithm;SavePosDouble;ShiftCoef;ShiftTFS;Shifting;StepAlgorithm;TimeMax;TimeOut;VerletSteps;Visco;ViscoBoundFactor;ViscoTreatment,13,source_inventory_only
official::moordynplus::04_ConnectedBoxes,moordynplus,04_ConnectedBoxes,examples/moordynplus/04_ConnectedBoxes,extension_candidate,2D,source_geometry_y_zero,fluid–mooring and connected-body coupling examples,chrono_rigid_or_flexible_coupling;floating_rigid_body;mooring_coupling;particle_shifting;prescribed_piston;wave_generation_or_propagation,fixed_or_geometry_boundary;moving_or_free_body_boundary,external_acceleration_or_force;gravity;prescribed_motion;wave_generator_or_wave_input,True,False,True,0.01,CoefDtMin;DensityDT;DensityDTvalue;DtAllParticles;DtFixed;DtFixedFile;DtIni;DtMin;FtPause;Kernel;PartsOutMax;RhopOutMax;RhopOutMin;RigidAlgorithm;SavePosDouble;ShiftCoef;ShiftTFS;Shifting;StepAlgorithm;TimeMax;TimeOut;VerletSteps;Visco;ViscoBoundFactor;ViscoTreatment,6,source_inventory_only
official::moordynplus::05_SteppedTank,moordynplus,05_SteppedTank,examples/moordynplus/05_SteppedTank,extension_candidate,2D,source_geometry_y_zero,fluid–mooring and connected-body coupling examples,chrono_rigid_or_flexible_coupling;floating_rigid_body;mooring_coupling;particle_shifting;prescribed_piston;wave_generation_or_propagation,fixed_or_geometry_boundary;moving_or_free_body_boundary,external_acceleration_or_force;gravity;prescribed_motion;wave_generator_or_wave_input,True,False,True,0.01,CoefDtMin;DensityDT;DensityDTvalue;DtAllParticles;DtFixed;DtFixedFile;DtIni;DtMin;FtPause;Kernel;PartsOutMax;RhopOutMax;RhopOutMin;RigidAlgorithm;SavePosDouble;ShiftCoef;ShiftTFS;Shifting;StepAlgorithm;TimeMax;TimeOut;VerletSteps;Visco;ViscoBoundFactor;ViscoTreatment,6,source_inventory_only
official::motion::motion,motion,motion,examples/motion,calibration_or_utility,3D,source_geometry_y_nonzero,motion-file and prescribed-boundary utility material,,fixed_or_geometry_boundary;moving_or_free_body_boundary,gravity;prescribed_motion,True,False,False,0.001;0.01;0.02,TimeMax;TimeOut,16,source_inventory_only
official::mphase_liquidgas::01_DamBreak,mphase_liquidgas,01_DamBreak,examples/mphase_liquidgas/01_DamBreak,extension_candidate,2D,source_geometry_y_zero,multiphase liquid–gas examples,floating_rigid_body;particle_shifting,fixed_or_geometry_boundary;moving_or_free_body_boundary,flow_or_inlet_condition;gravity,True,False,True,0.004,#CoefDtMin;#DtFixed;#FtPause;DeltaSPH;DtAllParticles;DtIni;DtMin;FlowType;IncZ;Kernel;MPCoefficient;PartsOutMax;PosDouble;RhopOutMax;RhopOutMin;RigidAlgorithm;ShiftCoef;ShiftTFS;Shifting;StepAlgorithm;TimeMax;TimeOut;VerletSteps;Visco;ViscoBoundFactor;ViscoTreatment,8,source_inventory_only
official::mphase_liquidgas::02_ObstacleImpact,mphase_liquidgas,02_ObstacleImpact,examples/mphase_liquidgas/02_ObstacleImpact,extension_candidate,3D,source_geometry_y_nonzero,multiphase liquid–gas examples,floating_rigid_body;particle_shifting,fixed_or_geometry_boundary;moving_or_free_body_boundary,flow_or_inlet_condition;gravity,True,False,True,0.02,#CoefDtMin;#DtFixed;#FtPause;DeltaSPH;DtAllParticles;DtIni;DtMin;FlowType;IncZ;Kernel;MPCoefficient;MultiphaseCoef;PartsOutMax;PosDouble;RhopOutMax;RhopOutMin;RigidAlgorithm;ShiftCoef;ShiftTFS;Shifting;StepAlgorithm;TimeMax;TimeOut;VerletSteps;Visco;ViscoBoundFactor;ViscoTreatment,10,source_inventory_only
official::mphase_liquidgas::03_WetDamBreak,mphase_liquidgas,03_WetDamBreak,examples/mphase_liquidgas/03_WetDamBreak,extension_candidate,2D,source_geometry_y_zero,multiphase liquid–gas examples,floating_rigid_body;particle_shifting,fixed_or_geometry_boundary;moving_or_free_body_boundary,flow_or_inlet_condition;gravity;prescribed_motion,True,False,True,0.001,#CoefDtMin;#DtFixed;#FtPause;DeltaSPH;DtAllParticles;DtIni;DtMin;FlowType;IncZ;Kernel;MPCoefficient;PartsOutMax;PosDouble;RhopOutMax;RhopOutMin;RigidAlgorithm;ShiftCoef;ShiftTFS;Shifting;StepAlgorithm;TimeMax;TimeOut;VerletSteps;Visco;ViscoBoundFactor;ViscoTreatment,6,source_inventory_only
official::mphase_liquidgas::04_SloshingTank,mphase_liquidgas,04_SloshingTank,examples/mphase_liquidgas/04_SloshingTank,extension_candidate,2D,source_geometry_y_zero,multiphase liquid–gas examples,external_forcing;floating_rigid_body;particle_shifting,fixed_or_geometry_boundary;moving_or_free_body_boundary,external_acceleration_or_force;flow_or_inlet_condition;gravity,True,False,True,0.002,#CoefDtMin;#DtFixed;#FtPause;DensityDT;DensityDTvalue;DtAllParticles;DtIni;DtMin;FlowType;IncZ;Kernel;MPCoefficient;PartsOutMax;PosDouble;RhopOutMax;RhopOutMin;RigidAlgorithm;ShiftCoef;ShiftTFS;Shifting;StepAlgorithm;TimeMax;TimeOut;VerletSteps;Visco;ViscoBoundFactor;ViscoTreatment,8,source_inventory_only
official::mphase_liquidgas::05_DEM,mphase_liquidgas,05_DEM,examples/mphase_liquidgas/05_DEM,exclude_from_core,3D,source_geometry_y_nonzero,multiphase liquid–gas examples,floating_rigid_body;particle_shifting,fixed_or_geometry_boundary;moving_or_free_body_boundary,flow_or_inlet_condition;gravity;prescribed_motion,True,False,True,0.01,DeltaSPH;DtAllParticles;DtIni;DtMin;FlowType;FtPause;IncZ;Kernel;MPCoefficient;PartsOutMax;PosDouble;RhopOutMax;RhopOutMin;RigidAlgorithm;ShiftCoef;ShiftTFS;Shifting;StepAlgorithm;TimeMax;TimeOut;VerletSteps;Visco;ViscoBoundFactor;ViscoTreatment,7,source_inventory_only
official::mphase_liquidgas::06_SurfaceTension,mphase_liquidgas,06_SurfaceTension,examples/mphase_liquidgas/06_SurfaceTension,extension_candidate,2D,source_geometry_y_zero,multiphase liquid–gas examples,floating_rigid_body;particle_shifting,fixed_or_geometry_boundary;moving_or_free_body_boundary,flow_or_inlet_condition;gravity,True,False,True,0.0025,#DtFixed;CoefDtMin;DeltaSPH;DtAllParticles;DtIni;DtMin;FlowType;FtPause;IncZ;Kernel;MPCoefficient;PartsOutMax;PosDouble;RhopOutMax;RhopOutMin;RigidAlgorithm;ShiftCoef;ShiftTFS;Shifting;StepAlgorithm;TimeMax;TimeOut;VerletSteps;Visco;ViscoBoundFactor;ViscoTreatment,7,source_inventory_only
official::mphase_nnewtonian::01_WetDambreak,mphase_nnewtonian,01_WetDambreak,examples/mphase_nnewtonian/01_WetDambreak,extension_candidate,3D,source_geometry_y_nonzero,non-Newtonian/multiphase examples,chrono_rigid_or_flexible_coupling;floating_rigid_body;particle_shifting,fixed_or_geometry_boundary;moving_or_free_body_boundary,gravity,True,False,True,,,6,source_inventory_only
official::mphase_nnewtonian::02_Dambreak3D,mphase_nnewtonian,02_Dambreak3D,examples/mphase_nnewtonian/02_Dambreak3D,extension_candidate,3D,source_geometry_y_nonzero,non-Newtonian/multiphase examples,chrono_rigid_or_flexible_coupling;floating_rigid_body;particle_shifting,fixed_or_geometry_boundary;moving_or_free_body_boundary,gravity,True,False,True,,,6,source_inventory_only
official::mphase_nnewtonian::03_LockGate,mphase_nnewtonian,03_LockGate,examples/mphase_nnewtonian/03_LockGate,extension_candidate,2D,source_geometry_y_zero,non-Newtonian/multiphase examples,chrono_rigid_or_flexible_coupling;floating_rigid_body;particle_shifting,fixed_or_geometry_boundary;moving_or_free_body_boundary,gravity,True,False,True,,,6,source_inventory_only
official::mphase_nnewtonian::04_SloshingMotion,mphase_nnewtonian,04_SloshingMotion,examples/mphase_nnewtonian/04_SloshingMotion,extension_candidate,2D,source_geometry_y_zero,non-Newtonian/multiphase examples,chrono_rigid_or_flexible_coupling;floating_rigid_body;particle_shifting,fixed_or_geometry_boundary;moving_or_free_body_boundary,gravity;prescribed_motion,True,False,True,,,6,source_inventory_only
official::mphase_nnewtonian::05_Poiseuille,mphase_nnewtonian,05_Poiseuille,examples/mphase_nnewtonian/05_Poiseuille,extension_candidate,2D,source_geometry_y_zero,non-Newtonian/multiphase examples,chrono_rigid_or_flexible_coupling;floating_rigid_body;particle_shifting;periodic_boundary,fixed_or_geometry_boundary;moving_or_free_body_boundary;periodic,gravity,True,False,True,,,14,source_inventory_only
official::mphase_nnewtonian::06_Impellers3D,mphase_nnewtonian,06_Impellers3D,examples/mphase_nnewtonian/06_Impellers3D,extension_candidate,3D,source_geometry_y_nonzero,non-Newtonian/multiphase examples,chrono_rigid_or_flexible_coupling;floating_rigid_body;particle_shifting,fixed_or_geometry_boundary;moving_or_free_body_boundary,gravity;prescribed_motion,True,False,True,,,7,source_inventory_only
official::others::AdvancedDrawFile,others,AdvancedDrawFile,examples/others/AdvancedDrawFile,calibration_or_utility,3D,source_geometry_y_nonzero,"format, restart, gauge, variable and utility demonstrations",floating_rigid_body;mdbc;particle_shifting,modified_dynamic_boundary;moving_or_free_body_boundary,gravity,False,False,True,0.05,Boundary;CoefDtMin;DensityDT;DensityDTvalue;DtAllParticles;DtFixed;DtFixedFile;DtIni;DtMin;FtPause;Kernel;PartsOutMax;RhopOutMax;RhopOutMin;RigidAlgorithm;SavePosDouble;ShiftCoef;ShiftTFS;Shifting;StepAlgorithm;TimeMax;TimeOut;VerletSteps;Visco;ViscoBoundFactor;ViscoTreatment;WrnPartsOut,3,source_inventory_only
official::others::ChronoPointline,others,ChronoPointline,examples/others/ChronoPointline,calibration_or_utility,3D,source_geometry_y_nonzero,"format, restart, gauge, variable and utility demonstrations",chrono_rigid_or_flexible_coupling;floating_rigid_body;particle_shifting,fixed_or_geometry_boundary;moving_or_free_body_boundary,gravity,True,False,True,0.05,CoefDtMin;DensityDT;DensityDTvalue;DtAllParticles;DtIni;DtMin;FtPause;Kernel;PartsOutMax;RhopOutMax;RhopOutMin;RigidAlgorithm;SavePosDouble;ShiftCoef;ShiftTFS;Shifting;StepAlgorithm;TimeMax;TimeOut;VerletSteps;Visco;ViscoBoundFactor;ViscoTreatment,10,source_inventory_only
official::others::ExternalDtFile,others,ExternalDtFile,examples/others/ExternalDtFile,calibration_or_utility,2D,source_geometry_y_zero,"format, restart, gauge, variable and utility demonstrations",chrono_rigid_or_flexible_coupling;floating_rigid_body;particle_shifting,fixed_or_geometry_boundary;moving_or_free_body_boundary,gravity;prescribed_motion,True,False,True,0.01,CoefDtMin;DensityDT;DensityDTvalue;DtAllParticles;DtFixed;DtFixedFile;DtIni;DtMin;FtPause;Kernel;PartsOutMax;PosDouble;RhopOutMax;RhopOutMin;RigidAlgorithm;ShiftCoef;ShiftTFS;Shifting;StepAlgorithm;TimeMax;TimeOut;VerletSteps;Visco;ViscoBoundFactor;ViscoTreatment,3,source_inventory_only
official::others::ExternalViscoFile,others,ExternalViscoFile,examples/others/ExternalViscoFile,calibration_or_utility,2D,source_geometry_y_zero,"format, restart, gauge, variable and utility demonstrations",chrono_rigid_or_flexible_coupling;floating_rigid_body;particle_shifting,fixed_or_geometry_boundary;moving_or_free_body_boundary,gravity;prescribed_motion,True,False,True,0.01,CoefDtMin;DensityDT;DensityDTvalue;DtAllParticles;DtFixed;DtFixedFile;DtIni;DtMin;FtPause;Kernel;PartsOutMax;PosDouble;RhopOutMax;RhopOutMin;RigidAlgorithm;ShiftCoef;ShiftTFS;Shifting;StepAlgorithm;TimeMax;TimeOut;VerletSteps;Visco;ViscoBoundFactor;ViscoTime;ViscoTreatment,2,source_inventory_only
official::others::FreeDrawMode,others,FreeDrawMode,examples/others/FreeDrawMode,calibration_or_utility,3D,source_geometry_y_nonzero,"format, restart, gauge, variable and utility demonstrations",chrono_rigid_or_flexible_coupling;floating_rigid_body;particle_shifting;periodic_boundary;prescribed_piston;wave_generation_or_propagation,fixed_or_geometry_boundary;moving_or_free_body_boundary;periodic,gravity;prescribed_motion;wave_generator_or_wave_input,True,False,True,0.03;0.5,CoefDtMin;DensityDT;DensityDTvalue;DtAllParticles;DtFixed;DtFixedFile;DtIni;DtMin;FtPause;Kernel;PartsOutMax;RhopOutMax;RhopOutMin;RigidAlgorithm;SavePosDouble;ShiftCoef;ShiftTFS;Shifting;StepAlgorithm;TimeMax;TimeOut;VerletSteps;Visco;ViscoBoundFactor;ViscoTreatment;XPeriodicIncZ,3,source_inventory_only
official::others::FtRestrictions,others,FtRestrictions,examples/others/FtRestrictions,calibration_or_utility,2D,source_geometry_y_zero,"format, restart, gauge, variable and utility demonstrations",chrono_rigid_or_flexible_coupling;floating_rigid_body;particle_shifting,fixed_or_geometry_boundary;moving_or_free_body_boundary,gravity;prescribed_motion,True,False,True,0.01,CoefDtMin;DensityDT;DensityDTvalue;DtAllParticles;DtIni;DtMin;FtPause;Kernel;PartsOutMax;PosDouble;RhopOutMax;RhopOutMin;RigidAlgorithm;ShiftCoef;ShiftTFS;Shifting;StepAlgorithm;TimeMax;TimeOut;VerletSteps;Visco;ViscoBoundFactor;ViscoTreatment,5,source_inventory_only
official::others::GaugeSystem,others,GaugeSystem,examples/others/GaugeSystem,calibration_or_utility,3D,source_geometry_y_nonzero,"format, restart, gauge, variable and utility demonstrations",chrono_rigid_or_flexible_coupling;floating_rigid_body;gauges;particle_shifting;prescribed_piston;wave_generation_or_propagation,fixed_or_geometry_boundary;moving_or_free_body_boundary,gravity;prescribed_motion;wave_generator_or_wave_input,True,False,True,0.006;0.02,CoefDtMin;DensityDT;DensityDTvalue;DtAllParticles;DtFixed;DtFixedFile;DtIni;DtMin;FtPause;Kernel;PartsOutMax;PosDouble;RhopOutMax;RhopOutMin;RigidAlgorithm;ShiftCoef;ShiftTFS;Shifting;StepAlgorithm;TimeMax;TimeOut;VerletSteps;Visco;ViscoBoundFactor;ViscoTreatment,4,source_inventory_only
official::others::MotionFloating,others,MotionFloating,examples/others/MotionFloating,calibration_or_utility,2D,source_geometry_y_zero,"format, restart, gauge, variable and utility demonstrations",chrono_rigid_or_flexible_coupling;floating_rigid_body;particle_shifting,fixed_or_geometry_boundary;moving_or_free_body_boundary,gravity;prescribed_motion,True,False,True,0.005,CoefDtMin;DensityDT;DensityDTvalue;DtAllParticles;DtIni;DtMin;FtPause;Kernel;PartsOutMax;RhopOutMax;RhopOutMin;RigidAlgorithm;SavePosDouble;ShiftCoef;ShiftTFS;Shifting;StepAlgorithm;TimeMax;TimeOut;VerletSteps;Visco;ViscoBoundFactor;ViscoTreatment,6,source_inventory_only
official::others::RedrawGenCase,others,RedrawGenCase,examples/others/RedrawGenCase,calibration_or_utility,2D,source_geometry_y_zero,"format, restart, gauge, variable and utility demonstrations",chrono_rigid_or_flexible_coupling;floating_rigid_body;particle_shifting;periodic_boundary,fixed_or_geometry_boundary;moving_or_free_body_boundary;periodic,gravity;prescribed_motion,True,False,True,0.05;0.1,CoefDtMin;DensityDT;DensityDTvalue;DtAllParticles;DtFixed;DtFixedFile;DtIni;DtMin;FtPause;Kernel;PartsOutMax;PosDouble;RhopOutMax;RhopOutMin;RigidAlgorithm;ShiftCoef;ShiftTFS;Shifting;StepAlgorithm;TimeMax;TimeOut;VerletSteps;Visco;ViscoBoundFactor;ViscoTreatment;XZPeriodic,21,source_inventory_only
official::others::Restart,others,Restart,examples/others/Restart,calibration_or_utility,2D,source_geometry_y_zero,"format, restart, gauge, variable and utility demonstrations",chrono_rigid_or_flexible_coupling;floating_rigid_body;particle_shifting;periodic_boundary,fixed_or_geometry_boundary;moving_or_free_body_boundary;periodic,gravity;prescribed_motion,True,False,True,0.02,CoefDtMin;DensityDT;DensityDTvalue;DtAllParticles;DtFixed;DtFixedFile;DtIni;DtMin;FtPause;Kernel;PartsOutMax;RhopOutMax;RhopOutMin;RigidAlgorithm;ShiftCoef;ShiftTFS;Shifting;StepAlgorithm;TimeMax;TimeOut;VerletSteps;Visco;ViscoBoundFactor;ViscoTreatment;XPeriodicIncZ,8,source_inventory_only
official::others::RotatedBox,others,RotatedBox,examples/others/RotatedBox,calibration_or_utility,3D,source_geometry_y_nonzero,"format, restart, gauge, variable and utility demonstrations",chrono_rigid_or_flexible_coupling;floating_rigid_body;particle_shifting,fixed_or_geometry_boundary;moving_or_free_body_boundary,gravity;prescribed_motion,True,False,True,0.005,DensityDT;DensityDTvalue;DtAllParticles;DtIni;DtMin;FtPause;Kernel;PartsOutMax;PosDouble;RhopOutMax;RhopOutMin;RigidAlgorithm;ShiftCoef;ShiftTFS;Shifting;StepAlgorithm;TimeMax;TimeOut;VerletSteps;Visco;ViscoBoundFactor;ViscoTreatment,2,source_inventory_only
official::others::SaveDt,others,SaveDt,examples/others/SaveDt,calibration_or_utility,3D,source_geometry_y_nonzero,"format, restart, gauge, variable and utility demonstrations",chrono_rigid_or_flexible_coupling;floating_rigid_body;particle_shifting,fixed_or_geometry_boundary;moving_or_free_body_boundary,gravity;prescribed_motion,True,False,True,0.0272,CoefDtMin;DensityDT;DensityDTvalue;DtAllParticles;DtFixed;DtFixedFile;DtIni;DtMin;FtPause;Kernel;PartsOutMax;PosDouble;RhopOutMax;RhopOutMin;RigidAlgorithm;ShiftCoef;ShiftTFS;Shifting;StepAlgorithm;TimeMax;TimeOut;VerletSteps;Visco;ViscoBoundFactor;ViscoTreatment,2,source_inventory_only
official::others::TimeOut,others,TimeOut,examples/others/TimeOut,calibration_or_utility,2D,source_geometry_y_zero,"format, restart, gauge, variable and utility demonstrations",chrono_rigid_or_flexible_coupling;floating_rigid_body;particle_shifting,fixed_or_geometry_boundary;moving_or_free_body_boundary,gravity;prescribed_motion,True,False,True,0.02,CoefDtMin;DensityDT;DensityDTvalue;DtAllParticles;DtFixed;DtFixedFile;DtIni;DtMin;FtPause;Kernel;PartsOutMax;PosDouble;RhopOutMax;RhopOutMin;RigidAlgorithm;ShiftCoef;ShiftTFS;Shifting;StepAlgorithm;TimeMax;TimeOut;VerletSteps;Visco;ViscoBoundFactor;ViscoTreatment,1,source_inventory_only
official::others::Variables,others,Variables,examples/others/Variables,calibration_or_utility,2D,source_geometry_y_zero,"format, restart, gauge, variable and utility demonstrations",chrono_rigid_or_flexible_coupling;floating_rigid_body;gauges;inlet/outlet;particle_shifting;periodic_boundary;prescribed_piston;wave_generation_or_propagation,fixed_or_geometry_boundary;moving_or_free_body_boundary;open_inlet_outlet;periodic,flow_or_inlet_condition;gravity;prescribed_motion;wave_generator_or_wave_input,True,True,True,,,3,source_inventory_only
official::shiftingadv::01_WavesDamping,shiftingadv,01_WavesDamping,examples/shiftingadv/01_WavesDamping,core_candidate,2D,source_geometry_y_zero,free-surface waves/dam-break with advanced particle shifting,chrono_rigid_or_flexible_coupling;floating_rigid_body;mdbc;particle_shifting;prescribed_piston;variable_resolution;wave_generation_or_propagation,fixed_or_geometry_boundary;modified_dynamic_boundary;moving_or_free_body_boundary,flow_or_inlet_condition;gravity;prescribed_motion;wave_generator_or_wave_input,True,False,True,0.015,Boundary;CoefDtMin;DensityDT;DensityDTvalue;DtAllParticles;DtFixed;DtFixedFile;DtIni;DtMin;FtPause;Kernel;PartsOutMax;RhopOutMax;RhopOutMin;RigidAlgorithm;SavePosDouble;ShiftAdvALE;ShiftAdvCoef;ShiftCoef;ShiftTFS;Shifting;StepAlgorithm;TimeMax;TimeOut;VerletSteps;Visco;ViscoBoundFactor;ViscoTreatment,12,source_inventory_only
official::shiftingadv::02_Sloshing,shiftingadv,02_Sloshing,examples/shiftingadv/02_Sloshing,core_candidate,2D,source_geometry_y_zero,free-surface waves/dam-break with advanced particle shifting,chrono_rigid_or_flexible_coupling;floating_rigid_body;mdbc;particle_shifting,fixed_or_geometry_boundary;modified_dynamic_boundary;moving_or_free_body_boundary,flow_or_inlet_condition;gravity;prescribed_motion,True,False,True,0.002,Boundary;CoefDtMin;DensityDT;DensityDTvalue;DtAllParticles;DtFixed;DtFixedFile;DtIni;DtMin;FtPause;Kernel;PartsOutMax;RhopOutMax;RhopOutMin;RigidAlgorithm;SavePosDouble;ShiftAdvALE;ShiftAdvCoef;ShiftCoef;ShiftTFS;Shifting;StepAlgorithm;TimeMax;TimeOut;VerletSteps;Visco;ViscoBoundFactor;ViscoTreatment,12,source_inventory_only
official::shiftingadv::03_Dambreak,shiftingadv,03_Dambreak,examples/shiftingadv/03_Dambreak,core_candidate,3D,source_geometry_y_nonzero,free-surface waves/dam-break with advanced particle shifting,chrono_rigid_or_flexible_coupling;floating_rigid_body;mdbc;particle_shifting,fixed_or_geometry_boundary;modified_dynamic_boundary;moving_or_free_body_boundary,gravity,True,False,True,0.02,Boundary;CoefDtMin;DensityDT;DensityDTvalue;DtAllParticles;DtFixed;DtFixedFile;DtIni;DtMin;FtPause;Kernel;MinFluidStop;RhopOutMax;RhopOutMin;RigidAlgorithm;SavePosDouble;ShiftAdvALE;ShiftAdvCoef;ShiftCoef;ShiftTFS;Shifting;SlipMode;StepAlgorithm;TimeMax;TimeOut;VerletSteps;Visco;ViscoBoundFactor;ViscoTreatment;WrnPartsOut,13,source_inventory_only
official::shiftingadv::04_WavesDampingNC,shiftingadv,04_WavesDampingNC,examples/shiftingadv/04_WavesDampingNC,core_candidate,2D,source_geometry_y_zero,free-surface waves/dam-break with advanced particle shifting,chrono_rigid_or_flexible_coupling;floating_rigid_body;mdbc;particle_shifting;prescribed_piston;variable_resolution;wave_generation_or_propagation,fixed_or_geometry_boundary;modified_dynamic_boundary;moving_or_free_body_boundary,flow_or_inlet_condition;gravity;prescribed_motion;wave_generator_or_wave_input,True,False,True,0.03,Boundary;CoefDtMin;DensityDT;DensityDTvalue;DtAllParticles;DtFixed;DtFixedFile;DtIni;DtMin;FtPause;Kernel;PartsOutMax;RhopOutMax;RhopOutMin;RigidAlgorithm;SavePosDouble;ShiftAdvALE;ShiftAdvCoef;ShiftAdvNCPress;ShiftTFS;Shifting;StepAlgorithm;TimeMax;TimeOut;VerletSteps;Visco;ViscoBoundFactor;ViscoTreatment,13,source_inventory_only
official::vresolution::01_DamBreak2D,vresolution,01_DamBreak2D,examples/vresolution/01_DamBreak2D,core_candidate,2D,source_geometry_y_zero,"variable-resolution flow, dam-break, wedge and floating-body examples",chrono_rigid_or_flexible_coupling;floating_rigid_body;mdbc;particle_shifting;periodic_boundary;variable_resolution,fixed_or_geometry_boundary;modified_dynamic_boundary;moving_or_free_body_boundary;periodic,gravity,True,False,True,0.01,Boundary;CoefDtMin;DensityDT;DensityDTvalue;DtAllParticles;DtFixed;DtFixedFile;DtIni;DtMin;FtIgnoreRadius;FtPause;Kernel;MinFluidStop;RhopOutMax;RhopOutMin;RigidAlgorithm;SavePosDouble;ShiftCoef;ShiftTFS;Shifting;SlipMode;StepAlgorithm;TimeMax;TimeOut;VerletSteps;Visco;ViscoBoundFactor;ViscoTreatment;WrnPartsOut,6,source_inventory_only
official::vresolution::02_FlowCylinderRe,vresolution,02_FlowCylinderRe,examples/vresolution/02_FlowCylinderRe,core_candidate,2D,source_geometry_y_zero,"variable-resolution flow, dam-break, wedge and floating-body examples",chrono_rigid_or_flexible_coupling;floating_rigid_body;inlet/outlet;mdbc;particle_shifting;periodic_boundary;variable_resolution,fixed_or_geometry_boundary;modified_dynamic_boundary;moving_or_free_body_boundary;open_inlet_outlet;periodic,flow_or_inlet_condition;gravity;prescribed_motion,True,True,True,0.004,Boundary;CoefDtMin;DensityDT;DensityDTvalue;DtAllParticles;DtFixed;DtFixedFile;DtIni;DtMin;FtIgnoreRadius;FtPause;Kernel;MinFluidStop;RhopOutMax;RhopOutMin;RigidAlgorithm;SavePosDouble;ShiftAdvCoef;ShiftTFS;Shifting;SlipMode;StepAlgorithm;TimeMax;TimeOut;VerletSteps;Visco;ViscoBoundFactor;ViscoTreatment;WrnPartsOut;XPeriodicIncZ,11,source_inventory_only
official::vresolution::03_FlowCylinderTandem,vresolution,03_FlowCylinderTandem,examples/vresolution/03_FlowCylinderTandem,exclude_from_core,2D,source_geometry_y_zero,"variable-resolution flow, dam-break, wedge and floating-body examples",chrono_rigid_or_flexible_coupling;floating_rigid_body;inlet/outlet;mdbc;particle_shifting;periodic_boundary;variable_resolution,fixed_or_geometry_boundary;modified_dynamic_boundary;moving_or_free_body_boundary;open_inlet_outlet;periodic,flow_or_inlet_condition;gravity;prescribed_motion,True,True,True,0.008,Boundary;CoefDtMin;DensityDT;DensityDTvalue;DtAllParticles;DtFixed;DtFixedFile;DtIni;DtMin;FtIgnoreRadius;FtPause;Kernel;MinFluidStop;RhopOutMax;RhopOutMin;RigidAlgorithm;SavePosDouble;ShiftAdvCoef;ShiftTFS;Shifting;SlipMode;StepAlgorithm;TimeMax;TimeOut;VerletSteps;Visco;ViscoBoundFactor;ViscoTreatment;WrnPartsOut;XPeriodicIncZ,6,source_inventory_only
official::vresolution::04_FallingWedge2D,vresolution,04_FallingWedge2D,examples/vresolution/04_FallingWedge2D,core_candidate,2D,source_geometry_y_zero,"variable-resolution flow, dam-break, wedge and floating-body examples",chrono_rigid_or_flexible_coupling;floating_rigid_body;inlet/outlet;mdbc;particle_shifting;periodic_boundary;variable_resolution,fixed_or_geometry_boundary;modified_dynamic_boundary;moving_or_free_body_boundary;open_inlet_outlet;periodic,flow_or_inlet_condition;gravity,True,True,True,0.002,Boundary;CoefDtMin;DensityDT;DensityDTvalue;DtAllParticles;DtFixed;DtFixedFile;DtIni;DtMin;FtIgnoreRadius;FtPause;Kernel;MinFluidStop;RhopOutMax;RhopOutMin;RigidAlgorithm;SavePosDouble;ShiftCoef;ShiftTFS;Shifting;SlipMode;StepAlgorithm;TimeMax;TimeOut;VerletSteps;Visco;ViscoBoundFactor;ViscoTreatment;WrnPartsOut,6,source_inventory_only
official::vresolution::05_FloatingDuck,vresolution,05_FloatingDuck,examples/vresolution/05_FloatingDuck,core_candidate,3D,source_geometry_y_nonzero,"variable-resolution flow, dam-break, wedge and floating-body examples",chrono_rigid_or_flexible_coupling;floating_rigid_body;particle_shifting;prescribed_piston;variable_resolution;wave_generation_or_propagation,fixed_or_geometry_boundary;moving_or_free_body_boundary,gravity;prescribed_motion;wave_generator_or_wave_input,True,False,True,0.02,CoefDtMin;DensityDT;DensityDTvalue;DtAllParticles;DtFixed;DtFixedFile;DtIni;DtMin;FtPause;Kernel;PartsOutMax;RhopOutMax;RhopOutMin;RigidAlgorithm;SavePosDouble;ShiftAdvCoef;ShiftAdvNCPress;ShiftTFS;Shifting;StepAlgorithm;TimeMax;TimeOut;VerletSteps;Visco;ViscoBoundFactor;ViscoTreatment,7,source_inventory_only
official::vresolution::06_Special,vresolution,06_Special,examples/vresolution/06_Special,core_candidate,2D,source_geometry_y_zero,"variable-resolution flow, dam-break, wedge and floating-body examples",chrono_rigid_or_flexible_coupling;floating_rigid_body;gauges;inlet/outlet;mdbc;particle_shifting;prescribed_piston;variable_resolution;wave_generation_or_propagation,fixed_or_geometry_boundary;modified_dynamic_boundary;moving_or_free_body_boundary;open_inlet_outlet,flow_or_inlet_condition;gravity;prescribed_motion;wave_generator_or_wave_input,True,True,True,0.005;0.01,Boundary;CoefDtMin;DensityDT;DensityDTvalue;DtAllParticles;DtFixed;DtFixedFile;DtIni;DtMin;FtPause;Kernel;MinFluidStop;NoPenetration;PartsOutMax;RhopOutMax;RhopOutMin;RigidAlgorithm;SavePosDouble;ShiftAdvCoef;ShiftAdvNCPress;ShiftTFS;Shifting;SlipMode;StepAlgorithm;TimeMax;TimeOut;VerletSteps;Visco;ViscoBoundFactor;ViscoTreatment,11,source_inventory_only
official::wavecoupling::01_ML_CIEM,wavecoupling,01_ML_CIEM,examples/wavecoupling/01_ML_CIEM,extension_candidate,3D,source_geometry_y_nonzero,external wave-coupling examples,chrono_rigid_or_flexible_coupling;floating_rigid_body;particle_shifting;prescribed_piston;wave_generation_or_propagation,fixed_or_geometry_boundary;moving_or_free_body_boundary,gravity;prescribed_motion;wave_generator_or_wave_input,True,False,True,0.04,CoefDtMin;DensityDT;DensityDTvalue;DtAllParticles;DtFixed;DtFixedFile;DtIni;DtMin;FtPause;Kernel;PartsOutMax;RhopOutMax;RhopOutMin;RigidAlgorithm;SavePosDouble;ShiftCoef;ShiftTFS;Shifting;StepAlgorithm;TimeMax;TimeOut;VerletSteps;Visco;ViscoBoundFactor;ViscoTreatment,18,source_inventory_only
official::wavecoupling::02_RZ_RegularWaves,wavecoupling,02_RZ_RegularWaves,examples/wavecoupling/02_RZ_RegularWaves,extension_candidate,3D,source_geometry_y_nonzero,external wave-coupling examples,chrono_rigid_or_flexible_coupling;floating_rigid_body;particle_shifting;wave_generation_or_propagation,fixed_or_geometry_boundary;moving_or_free_body_boundary,gravity;prescribed_motion;wave_generator_or_wave_input,True,False,True,0.016,CoefDtMin;DensityDT;DensityDTvalue;DtAllParticles;DtFixed;DtFixedFile;DtIni;DtMin;FtPause;Kernel;PartsOutMax;RhopOutMax;RhopOutMin;RigidAlgorithm;SavePosDouble;ShiftCoef;ShiftTFS;Shifting;StepAlgorithm;TimeMax;TimeOut;VerletSteps;Visco;ViscoBoundFactor;ViscoTreatment,8,source_inventory_only
official::wavecoupling::03_RZ_IrregularWaves,wavecoupling,03_RZ_IrregularWaves,examples/wavecoupling/03_RZ_IrregularWaves,extension_candidate,3D,source_geometry_y_nonzero,external wave-coupling examples,chrono_rigid_or_flexible_coupling;floating_rigid_body;particle_shifting;wave_generation_or_propagation,fixed_or_geometry_boundary;moving_or_free_body_boundary,gravity;prescribed_motion;wave_generator_or_wave_input,True,False,True,,,8,source_inventory_only
official::wavecoupling::04_RZ_Flow2D,wavecoupling,04_RZ_Flow2D,examples/wavecoupling/04_RZ_Flow2D,extension_candidate,2D,source_geometry_y_zero,external wave-coupling examples,chrono_rigid_or_flexible_coupling;floating_rigid_body;particle_shifting;wave_generation_or_propagation,fixed_or_geometry_boundary;moving_or_free_body_boundary,flow_or_inlet_condition;gravity;wave_generator_or_wave_input,True,False,True,0.005,CoefDtMin;DensityDT;DensityDTvalue;DtAllParticles;DtFixed;DtFixedFile;DtIni;DtMin;FtPause;Kernel;PartsOutMax;RhopOutMax;RhopOutMin;RigidAlgorithm;SavePosDouble;ShiftCoef;ShiftTFS;Shifting;StepAlgorithm;TimeMax;TimeOut;VerletSteps;Visco;ViscoBoundFactor;ViscoTreatment,7,source_inventory_only
official::wavecoupling::05_RZ_FlowCylinder3D,wavecoupling,05_RZ_FlowCylinder3D,examples/wavecoupling/05_RZ_FlowCylinder3D,extension_candidate,3D,source_geometry_y_nonzero,external wave-coupling examples,chrono_rigid_or_flexible_coupling;floating_rigid_body;particle_shifting;periodic_boundary;wave_generation_or_propagation,fixed_or_geometry_boundary;moving_or_free_body_boundary;periodic,flow_or_inlet_condition;gravity;wave_generator_or_wave_input,True,False,True,0.04,CoefDtMin;DensityDT;DensityDTvalue;DtAllParticles;DtFixed;DtFixedFile;DtIni;DtMin;FtPause;Kernel;PartsOutMax;RhopOutMax;RhopOutMin;RigidAlgorithm;SavePosDouble;ShiftCoef;ShiftTFS;Shifting;StepAlgorithm;TimeMax;TimeOut;VerletSteps;Visco;ViscoBoundFactor;ViscoTreatment;XPeriodicIncY,6,source_inventory_only
official::wavecoupling::06_RZ_Coupling,wavecoupling,06_RZ_Coupling,examples/wavecoupling/06_RZ_Coupling,extension_candidate,3D,source_geometry_y_nonzero,external wave-coupling examples,chrono_rigid_or_flexible_coupling;floating_rigid_body;particle_shifting;wave_generation_or_propagation,fixed_or_geometry_boundary;moving_or_free_body_boundary,gravity;prescribed_motion;wave_generator_or_wave_input,True,False,True,0.016,CoefDtMin;DensityDT;DensityDTvalue;DtAllParticles;DtFixed;DtFixedFile;DtIni;DtMin;FtPause;Kernel;PartsOutMax;RhopOutMax;RhopOutMin;RigidAlgorithm;SavePosDouble;ShiftCoef;ShiftTFS;Shifting;StepAlgorithm;TimeMax;TimeOut;VerletSteps;Visco;ViscoBoundFactor;ViscoTreatment,12,source_inventory_only
official::wavecoupling::07_Inlet_AWAS_Coupling,wavecoupling,07_Inlet_AWAS_Coupling,examples/wavecoupling/07_Inlet_AWAS_Coupling,extension_candidate,2D,source_geometry_y_zero,external wave-coupling examples,floating_rigid_body;gauges;inlet/outlet;mdbc;particle_shifting;periodic_boundary;wave_generation_or_propagation,fixed_or_geometry_boundary;modified_dynamic_boundary;moving_or_free_body_boundary;open_inlet_outlet;periodic,flow_or_inlet_condition;gravity;wave_generator_or_wave_input,True,True,True,0.01,Boundary;CoefDtMin;DensityDT;DensityDTvalue;DtAllParticles;DtFixed;DtFixedFile;DtIni;DtMin;FtIgnoreRadius;FtPause;Kernel;MinFluidStop;RhopOutMax;RhopOutMin;RigidAlgorithm;SavePosDouble;StepAlgorithm;TimeMax;TimeOut;VerletSteps;Visco;ViscoBoundFactor;ViscoTreatment;WrnPartsOut,23,source_inventory_only
