# time_s,angle_deg,angular_velocity_deg_s,state; SI time and degree control for audit only
time_s,angle_deg,angular_velocity_deg_s,state
0,0,0,forward_accelerate
0.02,0.0648,6.48,forward_accelerate
0.04,0.2592,12.96,forward_accelerate
0.06,0.5832,19.44,forward_accelerate
0.08,1.0368,25.92,forward_accelerate
0.1,1.62,32.4,forward_accelerate
0.12,2.3328,38.88,forward_accelerate
0.14,3.1752,45.36,forward_accelerate
0.16,4.1472,51.84,forward_accelerate
0.18,5.2488,58.32,forward_accelerate
0.2,6.48,64.8,forward_accelerate
0.22,7.8408,71.28,forward_accelerate
0.24,9.3312,77.76,forward_accelerate
0.26,10.9512,84.24,forward_accelerate
0.28,12.7008,90.72,forward_accelerate
0.3,14.58,97.2,forward_accelerate
0.32,16.5888,103.68,forward_accelerate
0.34,18.7272,110.16,forward_accelerate
0.36,20.9952,116.64,forward_accelerate
0.38,23.3928,123.12,forward_accelerate
0.4,25.92,129.6,forward_accelerate
0.42,28.5768,136.08,forward_accelerate
0.44,31.3632,142.56,forward_accelerate
0.46,34.2792,149.04,forward_accelerate
0.48,37.3248,155.52,forward_accelerate
0.5,40.5,162,forward_constant
0.52,43.74,162,forward_constant
0.54,46.98,162,forward_constant
0.56,50.22,162,forward_constant
0.58,53.46,162,forward_constant
0.6,56.7,162,forward_constant
0.62,59.94,162,forward_constant
0.64,63.18,162,forward_constant
0.66,66.42,162,forward_constant
0.68,69.66,162,forward_constant
0.7,72.9,162,forward_constant
0.72,76.14,162,forward_constant
0.74,79.38,162,forward_constant
0.76,82.62,162,forward_constant
0.78,85.86,162,forward_constant
0.8,89.1,162,forward_constant
0.82,92.34,162,forward_constant
0.84,95.58,162,forward_constant
0.86,98.82,162,forward_constant
0.88,102.06,162,forward_constant
0.9,105.3,162,forward_constant
0.92,108.54,162,forward_constant
0.94,111.78,162,forward_constant
0.96,115.02,162,forward_constant
0.98,118.26,162,forward_constant
1,121.5,162,forward_constant
1.02,124.74,162,forward_constant
1.04,127.98,162,forward_constant
1.06,131.22,162,forward_constant
1.08,134.46,162,forward_constant
1.1,137.7,162,forward_constant
1.12,140.94,162,forward_constant
1.14,144.18,162,forward_constant
1.16,147.42,162,forward_constant
1.18,150.66,162,forward_constant
1.2,153.9,162,forward_constant
1.22,157.14,162,forward_constant
1.24,160.38,162,forward_constant
1.26,163.62,162,forward_constant
1.28,166.86,162,forward_constant
1.3,170.1,162,forward_constant
1.32,173.34,162,forward_constant
1.34,176.58,162,forward_constant
1.36,179.82,162,forward_constant
1.38,183.06,162,forward_constant
1.4,186.3,162,forward_constant
1.42,189.54,162,forward_constant
1.44,192.78,162,forward_constant
1.46,196.02,162,forward_constant
1.48,199.26,162,forward_constant
1.5,202.5,162,forward_decelerate
1.52,205.6752,155.52,forward_decelerate
1.54,208.7208,149.04,forward_decelerate
1.56,211.6368,142.56,forward_decelerate
1.58,214.4232,136.08,forward_decelerate
1.6,217.08,129.6,forward_decelerate
1.62,219.6072,123.12,forward_decelerate
1.64,222.0048,116.64,forward_decelerate
1.66,224.2728,110.16,forward_decelerate
1.68,226.4112,103.68,forward_decelerate
1.7,228.42,97.2,forward_decelerate
1.72,230.2992,90.72,forward_decelerate
1.74,232.0488,84.24,forward_decelerate
1.76,233.6688,77.76,forward_decelerate
1.78,235.1592,71.28,forward_decelerate
1.8,236.52,64.8,forward_decelerate
1.82,237.7512,58.32,forward_decelerate
1.84,238.8528,51.84,forward_decelerate
1.86,239.8248,45.36,forward_decelerate
1.88,240.6672,38.88,forward_decelerate
1.9,241.38,32.4,forward_decelerate
1.92,241.9632,25.92,forward_decelerate
1.94,242.4168,19.44,forward_decelerate
1.96,242.7408,12.96,forward_decelerate
1.98,242.9352,6.48,forward_decelerate
2,243,0,neutral_wait
2.02,243,0,neutral_wait
2.04,243,0,neutral_wait
2.06,243,0,neutral_wait
2.08,243,0,neutral_wait
2.1,243,0,neutral_wait
2.12,243,0,neutral_wait
2.14,243,0,neutral_wait
2.16,243,0,neutral_wait
2.18,243,0,neutral_wait
2.2,243,0,neutral_wait
2.22,243,0,neutral_wait
2.24,243,0,neutral_wait
2.26,243,0,neutral_wait
2.28,243,0,neutral_wait
2.3,243,0,neutral_wait
2.32,243,0,neutral_wait
2.34,243,0,neutral_wait
2.36,243,0,neutral_wait
2.38,243,0,neutral_wait
2.4,243,0,neutral_wait
2.42,243,0,neutral_wait
2.44,243,0,neutral_wait
2.46,243,0,neutral_wait
2.48,243,0,neutral_wait
2.5,243,-0,reverse_accelerate
2.52,242.9352,-6.48,reverse_accelerate
2.54,242.7408,-12.96,reverse_accelerate
2.56,242.4168,-19.44,reverse_accelerate
2.58,241.9632,-25.92,reverse_accelerate
2.6,241.38,-32.4,reverse_accelerate
2.62,240.6672,-38.88,reverse_accelerate
2.64,239.8248,-45.36,reverse_accelerate
2.66,238.8528,-51.84,reverse_accelerate
2.68,237.7512,-58.32,reverse_accelerate
2.7,236.52,-64.8,reverse_accelerate
2.72,235.1592,-71.28,reverse_accelerate
2.74,233.6688,-77.76,reverse_accelerate
2.76,232.0488,-84.24,reverse_accelerate
2.78,230.2992,-90.72,reverse_accelerate
2.8,228.42,-97.2,reverse_accelerate
2.82,226.4112,-103.68,reverse_accelerate
2.84,224.2728,-110.16,reverse_accelerate
2.86,222.0048,-116.64,reverse_accelerate
2.88,219.6072,-123.12,reverse_accelerate
2.9,217.08,-129.6,reverse_accelerate
2.92,214.4232,-136.08,reverse_accelerate
2.94,211.6368,-142.56,reverse_accelerate
2.96,208.7208,-149.04,reverse_accelerate
2.98,205.6752,-155.52,reverse_accelerate
3,202.5,-162,reverse_constant
3.02,199.26,-162,reverse_constant
3.04,196.02,-162,reverse_constant
3.06,192.78,-162,reverse_constant
3.08,189.54,-162,reverse_constant
3.1,186.3,-162,reverse_constant
3.12,183.06,-162,reverse_constant
3.14,179.82,-162,reverse_constant
3.16,176.58,-162,reverse_constant
3.18,173.34,-162,reverse_constant
3.2,170.1,-162,reverse_constant
3.22,166.86,-162,reverse_constant
3.24,163.62,-162,reverse_constant
3.26,160.38,-162,reverse_constant
3.28,157.14,-162,reverse_constant
3.3,153.9,-162,reverse_constant
3.32,150.66,-162,reverse_constant
3.34,147.42,-162,reverse_constant
3.36,144.18,-162,reverse_constant
3.38,140.94,-162,reverse_constant
3.4,137.7,-162,reverse_constant
3.42,134.46,-162,reverse_constant
3.44,131.22,-162,reverse_constant
3.46,127.98,-162,reverse_constant
3.48,124.74,-162,reverse_constant
3.5,121.5,-162,reverse_constant
3.52,118.26,-162,reverse_constant
3.54,115.02,-162,reverse_constant
3.56,111.78,-162,reverse_constant
3.58,108.54,-162,reverse_constant
3.6,105.3,-162,reverse_constant
3.62,102.06,-162,reverse_constant
3.64,98.82,-162,reverse_constant
3.66,95.58,-162,reverse_constant
3.68,92.34,-162,reverse_constant
3.7,89.1,-162,reverse_constant
3.72,85.86,-162,reverse_constant
3.74,82.62,-162,reverse_constant
3.76,79.38,-162,reverse_constant
3.78,76.14,-162,reverse_constant
3.8,72.9,-162,reverse_constant
3.82,69.66,-162,reverse_constant
3.84,66.42,-162,reverse_constant
3.86,63.18,-162,reverse_constant
3.88,59.94,-162,reverse_constant
3.9,56.7,-162,reverse_constant
3.92,53.46,-162,reverse_constant
3.94,50.22,-162,reverse_constant
3.96,46.98,-162,reverse_constant
3.98,43.74,-162,reverse_constant
4,40.5,-162,reverse_decelerate
4.02,37.3248,-155.52,reverse_decelerate
4.04,34.2792,-149.04,reverse_decelerate
4.06,31.3632,-142.56,reverse_decelerate
4.08,28.5768,-136.08,reverse_decelerate
4.1,25.92,-129.6,reverse_decelerate
4.12,23.3928,-123.12,reverse_decelerate
4.14,20.9952,-116.64,reverse_decelerate
4.16,18.7272,-110.16,reverse_decelerate
4.18,16.5888,-103.68,reverse_decelerate
4.2,14.58,-97.2,reverse_decelerate
4.22,12.7008,-90.72,reverse_decelerate
4.24,10.9512,-84.24,reverse_decelerate
4.26,9.3312,-77.76,reverse_decelerate
4.28,7.8408,-71.28,reverse_decelerate
4.3,6.48,-64.8,reverse_decelerate
4.32,5.2488,-58.32,reverse_decelerate
4.34,4.1472,-51.84,reverse_decelerate
4.36,3.1752,-45.36,reverse_decelerate
4.38,2.3328,-38.88,reverse_decelerate
4.4,1.62,-32.4,reverse_decelerate
4.42,1.0368,-25.92,reverse_decelerate
4.44,0.5832,-19.44,reverse_decelerate
4.46,0.2592,-12.96,reverse_decelerate
4.48,0.0648,-6.48,reverse_decelerate
4.5,0,0,neutral_wait
4.52,0,0,neutral_wait
4.54,0,0,neutral_wait
4.56,0,0,neutral_wait
4.58,0,0,neutral_wait
4.6,0,0,neutral_wait
4.62,0,0,neutral_wait
4.64,0,0,neutral_wait
4.66,0,0,neutral_wait
4.68,0,0,neutral_wait
4.7,0,0,neutral_wait
4.72,0,0,neutral_wait
4.74,0,0,neutral_wait
4.76,0,0,neutral_wait
4.78,0,0,neutral_wait
4.8,0,0,neutral_wait
4.82,0,0,neutral_wait
4.84,0,0,neutral_wait
4.86,0,0,neutral_wait
4.88,0,0,neutral_wait
4.9,0,0,neutral_wait
4.92,0,0,neutral_wait
4.94,0,0,neutral_wait
4.96,0,0,neutral_wait
4.98,0,0,neutral_wait
5,0,0,forward_accelerate
5.02,0.0648,6.48,forward_accelerate
5.04,0.2592,12.96,forward_accelerate
5.06,0.5832,19.44,forward_accelerate
5.08,1.0368,25.92,forward_accelerate
5.1,1.62,32.4,forward_accelerate
5.12,2.3328,38.88,forward_accelerate
5.14,3.1752,45.36,forward_accelerate
5.16,4.1472,51.84,forward_accelerate
5.18,5.2488,58.32,forward_accelerate
5.2,6.48,64.8,forward_accelerate
5.22,7.8408,71.28,forward_accelerate
5.24,9.3312,77.76,forward_accelerate
5.26,10.9512,84.24,forward_accelerate
5.28,12.7008,90.72,forward_accelerate
5.3,14.58,97.2,forward_accelerate
5.32,16.5888,103.68,forward_accelerate
5.34,18.7272,110.16,forward_accelerate
5.36,20.9952,116.64,forward_accelerate
5.38,23.3928,123.12,forward_accelerate
5.4,25.92,129.6,forward_accelerate
5.42,28.5768,136.08,forward_accelerate
5.44,31.3632,142.56,forward_accelerate
5.46,34.2792,149.04,forward_accelerate
5.48,37.3248,155.52,forward_accelerate
5.5,40.5,162,forward_constant
5.52,43.74,162,forward_constant
5.54,46.98,162,forward_constant
5.56,50.22,162,forward_constant
5.58,53.46,162,forward_constant
5.6,56.7,162,forward_constant
5.62,59.94,162,forward_constant
5.64,63.18,162,forward_constant
5.66,66.42,162,forward_constant
5.68,69.66,162,forward_constant
5.7,72.9,162,forward_constant
5.72,76.14,162,forward_constant
5.74,79.38,162,forward_constant
5.76,82.62,162,forward_constant
5.78,85.86,162,forward_constant
5.8,89.1,162,forward_constant
5.82,92.34,162,forward_constant
5.84,95.58,162,forward_constant
5.86,98.82,162,forward_constant
5.88,102.06,162,forward_constant
5.9,105.3,162,forward_constant
5.92,108.54,162,forward_constant
5.94,111.78,162,forward_constant
5.96,115.02,162,forward_constant
5.98,118.26,162,forward_constant
6,121.5,162,forward_constant
6.02,124.74,162,forward_constant
6.04,127.98,162,forward_constant
6.06,131.22,162,forward_constant
6.08,134.46,162,forward_constant
6.1,137.7,162,forward_constant
6.12,140.94,162,forward_constant
6.14,144.18,162,forward_constant
6.16,147.42,162,forward_constant
6.18,150.66,162,forward_constant
6.2,153.9,162,forward_constant
6.22,157.14,162,forward_constant
6.24,160.38,162,forward_constant
6.26,163.62,162,forward_constant
6.28,166.86,162,forward_constant
6.3,170.1,162,forward_constant
6.32,173.34,162,forward_constant
6.34,176.58,162,forward_constant
6.36,179.82,162,forward_constant
6.38,183.06,162,forward_constant
6.4,186.3,162,forward_constant
6.42,189.54,162,forward_constant
6.44,192.78,162,forward_constant
6.46,196.02,162,forward_constant
6.48,199.26,162,forward_constant
6.5,202.5,162,forward_decelerate
6.52,205.6752,155.52,forward_decelerate
6.54,208.7208,149.04,forward_decelerate
6.56,211.6368,142.56,forward_decelerate
6.58,214.4232,136.08,forward_decelerate
6.6,217.08,129.6,forward_decelerate
6.62,219.6072,123.12,forward_decelerate
6.64,222.0048,116.64,forward_decelerate
6.66,224.2728,110.16,forward_decelerate
6.68,226.4112,103.68,forward_decelerate
6.7,228.42,97.2,forward_decelerate
6.72,230.2992,90.72,forward_decelerate
6.74,232.0488,84.24,forward_decelerate
6.76,233.6688,77.76,forward_decelerate
6.78,235.1592,71.28,forward_decelerate
6.8,236.52,64.8,forward_decelerate
6.82,237.7512,58.32,forward_decelerate
6.84,238.8528,51.84,forward_decelerate
6.86,239.8248,45.36,forward_decelerate
6.88,240.6672,38.88,forward_decelerate
6.9,241.38,32.4,forward_decelerate
6.92,241.9632,25.92,forward_decelerate
6.94,242.4168,19.44,forward_decelerate
6.96,242.7408,12.96,forward_decelerate
6.98,242.9352,6.48,forward_decelerate
7,243,0,neutral_wait
7.02,243,0,neutral_wait
7.04,243,0,neutral_wait
7.06,243,0,neutral_wait
7.08,243,0,neutral_wait
7.1,243,0,neutral_wait
7.12,243,0,neutral_wait
7.14,243,0,neutral_wait
7.16,243,0,neutral_wait
7.18,243,0,neutral_wait
7.2,243,0,neutral_wait
7.22,243,0,neutral_wait
7.24,243,0,neutral_wait
7.26,243,0,neutral_wait
7.28,243,0,neutral_wait
7.3,243,0,neutral_wait
7.32,243,0,neutral_wait
7.34,243,0,neutral_wait
7.36,243,0,neutral_wait
7.38,243,0,neutral_wait
7.4,243,0,neutral_wait
7.42,243,0,neutral_wait
7.44,243,0,neutral_wait
7.46,243,0,neutral_wait
7.48,243,0,neutral_wait
7.5,243,-0,reverse_accelerate
7.52,242.9352,-6.48,reverse_accelerate
7.54,242.7408,-12.96,reverse_accelerate
7.56,242.4168,-19.44,reverse_accelerate
7.58,241.9632,-25.92,reverse_accelerate
7.6,241.38,-32.4,reverse_accelerate
7.62,240.6672,-38.88,reverse_accelerate
7.64,239.8248,-45.36,reverse_accelerate
7.66,238.8528,-51.84,reverse_accelerate
7.68,237.7512,-58.32,reverse_accelerate
7.7,236.52,-64.8,reverse_accelerate
7.72,235.1592,-71.28,reverse_accelerate
7.74,233.6688,-77.76,reverse_accelerate
7.76,232.0488,-84.24,reverse_accelerate
7.78,230.2992,-90.72,reverse_accelerate
7.8,228.42,-97.2,reverse_accelerate
7.82,226.4112,-103.68,reverse_accelerate
7.84,224.2728,-110.16,reverse_accelerate
7.86,222.0048,-116.64,reverse_accelerate
7.88,219.6072,-123.12,reverse_accelerate
7.9,217.08,-129.6,reverse_accelerate
7.92,214.4232,-136.08,reverse_accelerate
7.94,211.6368,-142.56,reverse_accelerate
7.96,208.7208,-149.04,reverse_accelerate
7.98,205.6752,-155.52,reverse_accelerate
8,202.5,-162,reverse_constant
8.02,199.26,-162,reverse_constant
8.04,196.02,-162,reverse_constant
8.06,192.78,-162,reverse_constant
8.08,189.54,-162,reverse_constant
8.1,186.3,-162,reverse_constant
8.12,183.06,-162,reverse_constant
8.14,179.82,-162,reverse_constant
8.16,176.58,-162,reverse_constant
8.18,173.34,-162,reverse_constant
8.2,170.1,-162,reverse_constant
8.22,166.86,-162,reverse_constant
8.24,163.62,-162,reverse_constant
8.26,160.38,-162,reverse_constant
8.28,157.14,-162,reverse_constant
8.3,153.9,-162,reverse_constant
8.32,150.66,-162,reverse_constant
8.34,147.42,-162,reverse_constant
8.36,144.18,-162,reverse_constant
8.38,140.94,-162,reverse_constant
8.4,137.7,-162,reverse_constant
8.42,134.46,-162,reverse_constant
8.44,131.22,-162,reverse_constant
8.46,127.98,-162,reverse_constant
8.48,124.74,-162,reverse_constant
8.5,121.5,-162,reverse_constant
8.52,118.26,-162,reverse_constant
8.54,115.02,-162,reverse_constant
8.56,111.78,-162,reverse_constant
8.58,108.54,-162,reverse_constant
8.6,105.3,-162,reverse_constant
8.62,102.06,-162,reverse_constant
8.64,98.82,-162,reverse_constant
8.66,95.58,-162,reverse_constant
8.68,92.34,-162,reverse_constant
8.7,89.1,-162,reverse_constant
8.72,85.86,-162,reverse_constant
8.74,82.62,-162,reverse_constant
8.76,79.38,-162,reverse_constant
8.78,76.14,-162,reverse_constant
8.8,72.9,-162,reverse_constant
8.82,69.66,-162,reverse_constant
8.84,66.42,-162,reverse_constant
8.86,63.18,-162,reverse_constant
8.88,59.94,-162,reverse_constant
8.9,56.7,-162,reverse_constant
8.92,53.46,-162,reverse_constant
8.94,50.22,-162,reverse_constant
8.96,46.98,-162,reverse_constant
8.98,43.74,-162,reverse_constant
9,40.5,-162,reverse_decelerate
9.02,37.3248,-155.52,reverse_decelerate
9.04,34.2792,-149.04,reverse_decelerate
9.06,31.3632,-142.56,reverse_decelerate
9.08,28.5768,-136.08,reverse_decelerate
9.1,25.92,-129.6,reverse_decelerate
9.12,23.3928,-123.12,reverse_decelerate
9.14,20.9952,-116.64,reverse_decelerate
9.16,18.7272,-110.16,reverse_decelerate
9.18,16.5888,-103.68,reverse_decelerate
9.2,14.58,-97.2,reverse_decelerate
9.22,12.7008,-90.72,reverse_decelerate
9.24,10.9512,-84.24,reverse_decelerate
9.26,9.3312,-77.76,reverse_decelerate
9.28,7.8408,-71.28,reverse_decelerate
9.3,6.48,-64.8,reverse_decelerate
9.32,5.2488,-58.32,reverse_decelerate
9.34,4.1472,-51.84,reverse_decelerate
9.36,3.1752,-45.36,reverse_decelerate
9.38,2.3328,-38.88,reverse_decelerate
9.4,1.62,-32.4,reverse_decelerate
9.42,1.0368,-25.92,reverse_decelerate
9.44,0.5832,-19.44,reverse_decelerate
9.46,0.2592,-12.96,reverse_decelerate
9.48,0.0648,-6.48,reverse_decelerate
9.5,0,0,neutral_wait
9.52,0,0,neutral_wait
9.54,0,0,neutral_wait
9.56,0,0,neutral_wait
9.58,0,0,neutral_wait
9.6,0,0,neutral_wait
9.62,0,0,neutral_wait
9.64,0,0,neutral_wait
9.66,0,0,neutral_wait
9.68,0,0,neutral_wait
9.7,0,0,neutral_wait
9.72,0,0,neutral_wait
9.74,0,0,neutral_wait
9.76,0,0,neutral_wait
9.78,0,0,neutral_wait
9.8,0,0,neutral_wait
9.82,0,0,neutral_wait
9.84,0,0,neutral_wait
9.86,0,0,neutral_wait
9.88,0,0,neutral_wait
9.9,0,0,neutral_wait
9.92,0,0,neutral_wait
9.94,0,0,neutral_wait
9.96,0,0,neutral_wait
9.98,0,0,neutral_wait
10,0,0,forward_accelerate
10.02,0.0648,6.48,forward_accelerate
10.04,0.2592,12.96,forward_accelerate
10.06,0.5832,19.44,forward_accelerate
10.08,1.0368,25.92,forward_accelerate
10.1,1.62,32.4,forward_accelerate
10.12,2.3328,38.88,forward_accelerate
10.14,3.1752,45.36,forward_accelerate
10.16,4.1472,51.84,forward_accelerate
10.18,5.2488,58.32,forward_accelerate
10.2,6.48,64.8,forward_accelerate
10.22,7.8408,71.28,forward_accelerate
10.24,9.3312,77.76,forward_accelerate
10.26,10.9512,84.24,forward_accelerate
10.28,12.7008,90.72,forward_accelerate
10.3,14.58,97.2,forward_accelerate
10.32,16.5888,103.68,forward_accelerate
10.34,18.7272,110.16,forward_accelerate
10.36,20.9952,116.64,forward_accelerate
10.38,23.3928,123.12,forward_accelerate
10.4,25.92,129.6,forward_accelerate
10.42,28.5768,136.08,forward_accelerate
10.44,31.3632,142.56,forward_accelerate
10.46,34.2792,149.04,forward_accelerate
10.48,37.3248,155.52,forward_accelerate
10.5,40.5,162,forward_constant
10.52,43.74,162,forward_constant
10.54,46.98,162,forward_constant
10.56,50.22,162,forward_constant
10.58,53.46,162,forward_constant
10.6,56.7,162,forward_constant
10.62,59.94,162,forward_constant
10.64,63.18,162,forward_constant
10.66,66.42,162,forward_constant
10.68,69.66,162,forward_constant
10.7,72.9,162,forward_constant
10.72,76.14,162,forward_constant
10.74,79.38,162,forward_constant
10.76,82.62,162,forward_constant
10.78,85.86,162,forward_constant
10.8,89.1,162,forward_constant
10.82,92.34,162,forward_constant
10.84,95.58,162,forward_constant
10.86,98.82,162,forward_constant
10.88,102.06,162,forward_constant
10.9,105.3,162,forward_constant
10.92,108.54,162,forward_constant
10.94,111.78,162,forward_constant
10.96,115.02,162,forward_constant
10.98,118.26,162,forward_constant
11,121.5,162,forward_constant
11.02,124.74,162,forward_constant
11.04,127.98,162,forward_constant
11.06,131.22,162,forward_constant
11.08,134.46,162,forward_constant
11.1,137.7,162,forward_constant
11.12,140.94,162,forward_constant
11.14,144.18,162,forward_constant
11.16,147.42,162,forward_constant
11.18,150.66,162,forward_constant
11.2,153.9,162,forward_constant
11.22,157.14,162,forward_constant
11.24,160.38,162,forward_constant
11.26,163.62,162,forward_constant
11.28,166.86,162,forward_constant
11.3,170.1,162,forward_constant
11.32,173.34,162,forward_constant
11.34,176.58,162,forward_constant
11.36,179.82,162,forward_constant
11.38,183.06,162,forward_constant
11.4,186.3,162,forward_constant
11.42,189.54,162,forward_constant
11.44,192.78,162,forward_constant
11.46,196.02,162,forward_constant
11.48,199.26,162,forward_constant
11.5,202.5,162,forward_decelerate
11.52,205.6752,155.52,forward_decelerate
11.54,208.7208,149.04,forward_decelerate
11.56,211.6368,142.56,forward_decelerate
11.58,214.4232,136.08,forward_decelerate
11.6,217.08,129.6,forward_decelerate
11.62,219.6072,123.12,forward_decelerate
11.64,222.0048,116.64,forward_decelerate
11.66,224.2728,110.16,forward_decelerate
11.68,226.4112,103.68,forward_decelerate
11.7,228.42,97.2,forward_decelerate
11.72,230.2992,90.72,forward_decelerate
11.74,232.0488,84.24,forward_decelerate
11.76,233.6688,77.76,forward_decelerate
11.78,235.1592,71.28,forward_decelerate
11.8,236.52,64.8,forward_decelerate
11.82,237.7512,58.32,forward_decelerate
11.84,238.8528,51.84,forward_decelerate
11.86,239.8248,45.36,forward_decelerate
11.88,240.6672,38.88,forward_decelerate
11.9,241.38,32.4,forward_decelerate
11.92,241.9632,25.92,forward_decelerate
11.94,242.4168,19.44,forward_decelerate
11.96,242.7408,12.96,forward_decelerate
11.98,242.9352,6.48,forward_decelerate
12,243,0,neutral_wait
