 ;PosX [m]:;0.8245;0.8245;0.8245;0.8245;0.8035;0.7635;0.7235;0.6835
 ;PosY [m]:;0.471;0.471;0.471;0.471;0.471;0.471;0.471;0.471
 ;PosZ [m]:;0.021;0.061;0.101;0.141;0.1645;0.1645;0.1645;0.1645
Part;Time [s];Press_0 [Pa];Press_1 [Pa];Press_2 [Pa];Press_3 [Pa];Press_4 [Pa];Press_5 [Pa];Press_6 [Pa];Press_7 [Pa]
0;0;0;0;0;0;0;0;0;0
1;0.0100351;0;0;0;0;0;0;0;0
2;0.0200424;0;0;0;0;0;0;0;0
3;0.0300142;0;0;0;0;0;0;0;0
4;0.0400408;0;0;0;0;0;0;0;0
5;0.0500378;0;0;0;0;0;0;0;0
6;0.0600074;0;0;0;0;0;0;0;0
7;0.0700232;0;0;0;0;0;0;0;0
8;0.0800131;0;0;0;0;0;0;0;0
9;0.0900532;0;0;0;0;0;0;0;0
10;0.100059;0;0;0;0;0;0;0;0
11;0.110043;0;0;0;0;0;0;0;0
12;0.120009;0;0;0;0;0;0;0;0
13;0.130032;0;0;0;0;0;0;0;0
14;0.140037;0;0;0;0;0;0;0;0
15;0.150011;0;0;0;0;0;0;0;0
16;0.160026;0;0;0;0;0;0;0;0
17;0.170012;0;0;0;0;0;0;0;0
18;0.180062;0;0;0;0;0;0;0;0
19;0.190007;0;0;0;0;0;0;0;0
20;0.200013;0;0;0;0;0;0;0;0
21;0.210013;0;0;0;0;0;0;0;0
22;0.220009;0;0;0;0;0;0;0;0
23;0.230082;0;0;0;0;0;0;0;0
24;0.240063;0;0;0;0;0;0;0;0
25;0.25001;0;0;0;0;0;0;0;0
26;0.260026;0;0;0;0;0;0;0;0
27;0.27002;0;0;0;0;0;0;0;0
28;0.280074;0;0;0;0;0;0;0;0
29;0.290006;0;0;0;0;0;0;0;0
30;0.300074;0;0;0;0;0;0;0;0
31;0.310001;0;0;0;0;0;0;0;0
32;0.320041;0;0;0;0;0;0;0;0
33;0.330001;0;0;0;0;0;0;0;0
34;0.340063;0;0;0;0;0;0;0;0
35;0.35007;0;0;0;0;0;0;0;0
36;0.360055;0;0;0;0;0;0;0;0
37;0.370081;0;0;0;0;0;0;0;0
38;0.38001;0;0;0;0;0;0;0;0
39;0.390064;0;0;0;0;0;0;0;0
40;0.400004;0;0;0;0;0;0;0;0
41;0.410039;0;0;0;0;0;0;0;0
42;0.420038;-8.04956e-07;0;0;0;0;0;0;0
43;0.430037;-5878.99;-776.315;0;0;0;0;0;0
44;0.440004;851.545;3894.07;4.86858;0;0;0;0;0
45;0.450024;983.823;-288.814;-3055.49;-451.405;0;0;0;0
46;0.460004;2709.7;805.862;196.612;-5005.69;-0.0240129;0;0;0
47;0.470023;3046.96;3903.82;1959.1;-1059.66;-1644.32;0;0;0
48;0.480046;2949.19;2717.94;1465.81;-2422.93;-484.865;0;0;0
49;0.490015;2193.99;2273.76;1629.21;-203.976;-69.372;0;0;0
50;0.500003;2138.83;2575.91;1619.24;32.2944;-41.1547;0;0;0
51;0.510016;1970.41;2369.15;2061.31;128.766;14.2948;1.21862e-11;0;0
52;0.520056;1873.96;2107.51;1652.59;262.459;-459.984;8.10473;0;0
53;0.530033;1909.32;2181.8;1667.45;134.9;-87.1585;47.4376;0.273079;0
54;0.540019;1592.73;2030.42;1703.27;495.161;-209.154;26.1986;2.71717;0
55;0.550024;1770.71;1967.31;1794.42;-98.8218;-276.82;-26.4877;-5.98952;1.08578
56;0.560024;1811.67;2034.43;1928.13;875.901;-220.16;-39.2672;-11.1448;3.13514
57;0.57003;1655.4;1760.16;1671.61;-117.576;-362.337;-14.7584;-6.07482;-21.4782
58;0.580012;1469.22;1629.39;1714.98;673.107;-156.9;0.796876;1.21103;-18.2824
59;0.590023;1305.56;1541.63;1692.81;604.054;-306.212;0.211835;4.68781;-6.50476
60;0.600031;1420.45;1550.41;1695.19;789.312;-150.043;-0.0648954;-23.3774;5.43831
61;0.610047;1401.33;1550.45;1615.69;1242.22;-322.653;0;-10.9528;6.48688
62;0.62005;1382.63;1518.6;1700.67;957.774;-264.523;0;30.6514;7.16092
63;0.630043;1479.49;1609.38;1726.34;721.315;-236.547;0;18.8016;17.9622
64;0.640034;1469.44;1492.75;1501.1;1545.04;-139.616;0;-5.40674;20.4318
65;0.650053;1559.51;1612.54;1622.66;543.259;-232.898;0;-6.56662;26.1725
66;0.660047;1478.43;1485.92;1511.27;640.929;-341.929;0;7.54129;35.5035
67;0.670026;1371.13;1447.99;1563.03;703.455;-198.489;0;8.29866;29.9258
68;0.680015;1362.81;1391.07;1503.9;770.064;-280.131;0;-6.3447;16.5213
69;0.690043;1340.28;1373.56;1544.43;900.807;-345.988;0;-8.37683;5.44748
70;0.700053;1258.89;1241.88;1569.26;987.158;-178.94;0;26.5412;4.3346
71;0.710039;1249.49;1226.69;1516.48;1613.76;-456.658;0;0.0201705;-3.70295
72;0.720002;1238.05;1222.74;1524.75;786.534;-358.711;0;-23.7304;-6.50384
73;0.730018;1279.08;1331.02;1525.18;620.178;-457.877;0;8.60214;7.46313
74;0.740046;1412.72;1313.82;1550.02;843.637;-235.481;0;6.8672;4.17143
75;0.750046;1449.58;1319.39;1528.69;774.263;-192.373;0;-14.7701;-8.38887
76;0.760045;1313.42;1287.78;1480.2;882.267;-265.709;0;-1.11957;1.83514
77;0.770038;1222.9;1184.21;1489.13;737.839;-255.151;0;13.1988;11.2255
78;0.780062;1234.55;1181.43;1449.63;1583.44;-267.74;0;-0.322127;-6.19422
79;0.79003;1315.29;1160.21;1425.1;848.377;-441.029;0;-1.89015;-8.56867
80;0.800019;1250.78;1125.52;1426.88;868.159;-378.132;0;8.44991;8.35828
81;0.810023;1240.61;1162.99;1453.49;1004.92;-203.169;0;10.5338;9.00175
82;0.820011;1285.51;1200.78;1483.12;1061.16;-356.803;0;5.87586;-8.33163
83;0.830049;1141.73;1139;1428.2;681.855;-368.685;0;1.04727;-8.78127
84;0.840038;1289.84;1145.71;1458.19;923.682;-247.375;0.0325707;-1.99656;6.76053
85;0.850014;1204.2;1191.08;1469.42;960.163;-203.064;0;-4.88528;12.1943
86;0.860005;1168.55;1131.63;1449.03;937.681;-283.186;0;-8.14162;-3.34455
87;0.870021;1161.16;1141.07;1366.52;947.842;-224.754;0;-9.82352;-14.5936
88;0.880035;1183.51;1154.7;1482.13;1017.42;-258.269;0;-9.30355;-7.66933
89;0.890025;1160.66;1064.37;2763.28;941.619;-330.051;0;-8.11836;7.17454
90;0.900071;1236.23;1091.03;2759.58;2294.53;-257.185;0;-7.07848;11.7348
91;0.910067;1025.66;953.654;1380.62;1036.88;-374.274;0;-6.74421;-0.487144
92;0.920015;1165.78;1145.75;2920.34;853.082;-362.997;0;-7.06706;-11.7009
93;0.930011;1287.46;1076.33;2877.16;946.363;-523.927;0;-6.46494;-14.1272
94;0.940001;1109.65;1032.1;1309.65;858.245;-322.082;0;-5.34653;-9.35768
95;0.950059;1004.13;1006.06;1286.19;1073.09;-303.777;0;-2.33717;3.71337
96;0.960009;1107.49;1084.44;1395.81;1192.96;-387.88;0;-0.938835;19.3865
97;0.970063;1217.6;1106.89;1352.43;935.323;-185.972;0;2.30729;23.2337
98;0.980053;1087.49;998.014;1290;956.718;-304.99;0;4.43052;15.9715
99;0.990021;1381.24;1076.46;1336.16;1089.84;-364.921;0;5.86332;3.11552
100;1.00007;1261.37;1063.67;1385.03;1041.08;-372.306;0;7.76322;-11.4017
101;1.01007;989.979;935.208;1286.59;1056.59;-288.056;0;8.32373;-18.0106
102;1.02007;1276.01;1040.72;1274.03;920.187;-268.425;0;7.77917;-20.4285
103;1.03004;1109.36;992.022;1250.06;1108.42;-351.17;0;6.33047;-17.8269
104;1.04004;1181.61;1007.73;1233.09;915.701;-238.098;0;4.05939;-12.4652
105;1.05001;1193.8;944.215;1244.33;1064.17;-304.423;0;1.96682;-4.94914
106;1.06005;1226.12;1015.21;1256.88;961.197;-306.099;0;-0.987458;1.22578
107;1.07003;1061.51;951.347;1266.67;1049.04;-468.787;0;-2.99771;2.96483
108;1.08006;1156.04;1006.59;1242.79;1038.31;-475.527;0;-5.36894;-1.01
109;1.09001;1341.87;1035.08;1283.17;2193.46;-356.096;0;-6.03221;0.0601903
110;1.10002;1127.32;967.077;1197.13;858.399;-412.146;8.65047e-09;-6.85341;-0.122148
111;1.11004;1228.18;1041.63;1217.1;1034.97;-255.172;-2.95614e-08;-7.16388;-0.00900365
112;1.12005;1132.67;1033.85;1311.69;1080.93;-489.6;-5.91523e-07;-7.20273;2.26448e-05
113;1.13005;1061.78;935.074;1164.18;1022.52;-362.791;-4.6066e-05;-6.66372;0
114;1.14002;1168.5;983.635;1239.7;1015.09;-207.987;1.96657e-05;-4.27993;0
115;1.15002;1287.4;1022.47;1188.68;1177.62;-317.272;1.71687e-05;-0.703374;0
116;1.16003;1097.54;942.715;1133.04;976.928;-280.263;-0.000138576;3.71936;0
117;1.17005;1033.17;933.469;1132.79;1076.81;-607.09;-7.75378e-05;8.22919;0
118;1.18004;1243.58;955.636;1125.01;995.285;-405.86;-1.80591e-05;9.86219;0
119;1.19005;1179.08;916.322;1129.22;1049.9;-348.392;0.00376015;7.40097;0
120;1.2;1253.19;977.088;1064.6;1000.25;-300.348;-0.00756165;1.20623;0
121;1.21001;1074.61;937.338;1107.86;993.016;-277.312;0.00277535;-4.51156;0
122;1.22003;1156.7;906.31;1065.38;1005.22;-507.508;-0.00123203;-7.0589;0
123;1.23005;1219.05;890.738;1042.87;899.706;-321.517;-9.65431e-06;-2.61118;-3.77534
124;1.24003;1131.46;1005.1;1149.56;984.656;-146.335;-0.0172583;6.03447;-97.724
125;1.25006;1132.9;892.193;1030.58;992.754;-340.465;-0.00464893;1.71924;-45.9209
126;1.26005;1135.16;903.776;1045.9;920.284;-354.232;-0.0263211;-28.1869;-42.2489
127;1.27007;1120.29;950.114;1049.27;973.073;-202.831;0.466363;18.2489;-70.0922
128;1.28005;1113.9;906.933;1076.39;1060.9;-620.157;-10.6314;6.62476;-151.936
129;1.29001;1281.93;920.376;1033.13;968.101;-565.972;7.35437;-5.2894;-408.204
130;1.30006;1079.47;847.777;975.255;991.427;-351.045;0.849062;1.40718;-80.7621
131;1.31003;1153.42;893.231;1051.29;955.843;-341.275;0.68944;2.87925;109.917
132;1.32002;1072.72;868.733;986.65;961.238;-272.958;-1.17278;-3.71736;264.834
133;1.33001;1147.8;857.965;962.81;977.314;-493.339;0.813606;0.533485;195.877
134;1.34004;1250.21;875.025;962.517;964.501;-395.165;-1.50385;0.685971;22.7688
135;1.35001;1121.46;855.109;918.485;958.985;-263.742;-3.76733;-2.25457;331.85
136;1.36004;1084.37;858.283;929.491;808.583;-262.495;1.94087;-10.8829;489.481
137;1.37;1110.94;874.068;997.832;981.02;-301.545;7.21767;15.9954;652.186
138;1.38005;1149.12;879.53;976.617;878.47;-244.615;3.31924;3.63625;528.144
139;1.39002;1205.15;894.87;967.656;918.349;-389.52;3.41045;18.8593;349.371
140;1.40003;1225.98;878.314;947.293;949.523;-328.99;-9.5077;19.0327;538.923
141;1.41;1101.39;811.287;892.964;932.037;-232.343;11.8297;23.1668;1575.37
142;1.42;1057.66;857.363;895.16;903.937;-210.417;-49.8704;54.9032;1243.23
143;1.43;1070.07;807.417;882.221;984.663;-526.683;10.5224;54.9261;799.256
144;1.44007;1030.44;789.115;872.507;882.585;-250.25;74.6671;-42.9023;1917.58
145;1.45005;1034.05;850.198;883.755;950.23;39.9121;466.732;220.471;1040.13
146;1.46002;1114.76;845.732;843.579;965.826;17.0845;830.406;138.992;782.85
147;1.47001;1091.82;808.43;840.377;856.467;186.02;-136.639;521.024;870
148;1.48005;1139.27;830.451;847.397;887.913;-70.186;-406.191;332.428;694.235
149;1.49003;1162.88;849.237;794.433;840.561;-15.7632;-73.3024;406.542;869.312
150;1.50003;1160.39;826.031;817.871;932.456;36.8645;-38.3444;974.964;694.393
151;1.51001;1179.43;882.836;857.482;929.458;97.3914;366.195;1318.04;887.267
152;1.52006;1143.62;875.675;826.946;847.12;193.386;450.764;585.23;716.224
153;1.53002;1174.31;856.732;809.944;903.281;366.154;359.8;399.582;523.333
154;1.54001;1100.3;842.893;813.582;827.374;27.4736;359.55;484.314;527.078
155;1.55001;1146.85;849.977;815.863;873.897;307.461;377.024;532.008;594.555
156;1.56002;1049.74;872.342;788.835;822.74;168.683;186.492;435.287;391.586
157;1.57007;1126.91;861.081;795.411;833.97;205.683;386.778;429.656;565.904
158;1.58006;1108.85;829.3;793.094;839.06;174.765;354.185;538.612;616.813
159;1.59003;1248.44;924.663;802.52;861.071;248.967;325.639;439.768;639.123
160;1.60004;1135.5;843.262;741.693;794.364;288.538;359.952;500.079;663.916
161;1.61003;1172.35;888.965;754.627;839.537;261.169;384.988;522.425;626.164
162;1.62001;1083.32;854.176;746.881;805.995;324.196;789.141;533.804;579.36
163;1.63;1064.94;878.495;735.877;801.497;309.47;928.147;522.418;547.881
164;1.64006;1060.63;871.835;721.562;773.692;423.349;944.381;528.18;609.067
165;1.65007;1142.09;886.349;741.134;758.616;301.841;470.356;531.296;598.934
166;1.66004;1183.47;912.51;745.242;784.546;417.208;471.338;537.607;565.818
167;1.67003;1139.77;891.054;739.31;782.591;430.099;461.342;506.134;563.367
168;1.68002;1157.05;919.691;759.515;720.168;406.163;473.275;510.573;541.651
169;1.69001;1096.86;899.553;722.08;716.745;432.38;525.607;510.073;537.072
170;1.70002;1167.01;915.685;720.783;753.165;499.575;545.149;535.971;557.89
171;1.71004;1136.54;884.475;719.837;739.554;488.996;538.196;566.269;546.507
172;1.72006;1127.27;894.964;731.933;746.248;483.158;539.524;563.756;528.062
173;1.73003;1123.07;889.301;715.401;727.485;515.265;542.789;580.266;540.162
174;1.74006;1097.5;910.513;729.19;759.284;590.029;608.955;626.881;1136.39
175;1.75001;1176.75;919.947;717.875;724.149;590.973;602.589;628.695;1199.45
176;1.76005;1097.62;892.57;695.511;709.022;617.718;631.171;659.086;1354.05
177;1.77007;1129.21;920.957;724.607;739.399;638.249;650.687;635.443;600.75
178;1.78001;1144.97;897.505;720.836;717.87;612.153;648.251;642.71;575.936
179;1.79003;1182.56;928.243;743.276;705.332;591.187;625.953;657;552.398
180;1.80007;1142;925.775;723.957;678.134;576.372;598.53;645.61;505.02
181;1.81004;1119.24;925.208;712.701;653.77;588.178;595.604;633.985;501.777
182;1.82003;1174.29;959.045;745.669;681.615;614.153;602.599;619.802;493.653
183;1.83003;1141.07;928.685;715.907;656.74;631.909;611.189;629.773;501.721
184;1.84004;1161.12;942.149;723.865;655.274;645.663;624.371;639.467;462.487
185;1.85002;1140.63;930.466;735.91;662.256;662.592;644.153;634.492;502.511
186;1.86001;1135.16;908.903;738.413;651.352;655.655;635.807;595.254;501.79
187;1.87006;1122.37;924.032;726.9;649.113;654.085;641.849;570.489;433.217
188;1.88005;1194.86;975.186;747.831;670.661;658.817;661.893;588.357;464.545
189;1.89002;1174.35;978.888;747.839;660.158;652.431;640.33;566.12;428.309
190;1.90002;1137.62;961.422;739.659;648.486;664.339;641.782;574.059;456.106
191;1.91007;1193.16;982.35;767.342;661.273;675.944;648.599;570.961;400.358
192;1.92003;1186.58;986.664;757.886;649.668;674.355;654.479;586.481;470.064
193;1.93002;1178.91;1004.1;764.169;648.752;680.381;658.474;612.36;659.999
194;1.94003;1182.93;1012.93;781.083;653.833;689.891;668.341;626.797;555.786
195;1.95002;1176.49;1009;785.495;652.45;688.087;664.857;620.115;694.921
196;1.96;1187.66;1019.52;794.565;649.133;693.023;688.326;666.345;655.662
197;1.97007;1208.13;1042.19;803.757;649.852;693.521;710.507;681.951;702.621
198;1.98002;1225.26;1045.39;800.61;649.723;687.163;717.609;675.367;710.397
199;1.99003;1224.65;1053.39;813.895;650.48;680.567;713.421;687.255;669.143
200;2.00006;1217.99;1053.08;827.361;649.022;680.867;722.749;704.642;657.977
201;2.01004;1219.89;1075.77;839.111;657.1;688.731;730.125;720.183;697.11
202;2.02004;1241.9;1086.45;847.818;656.203;687.598;725.006;698.016;650.49
203;2.03;1270.83;1099.59;858.251;654.719;686.262;736.581;703.165;714.725
204;2.04007;1299.34;1129.22;877.535;655.993;692.454;746.409;712.578;711.398
205;2.05002;1287.31;1117.42;875.498;639.296;688.013;736.836;700.765;608.848
206;2.06005;1301.37;1138.61;906.549;649.063;701.379;745.071;716.841;680.759
207;2.07006;1269.74;1126.65;901.444;644.665;702.954;752.941;732.964;800.097
208;2.08005;1314.61;1157.08;924.375;651.381;708.238;753.196;717.936;796.713
209;2.09001;1333.09;1173.24;938.825;647.131;735.124;759.658;725.981;776.164
210;2.10005;1312.36;1159.54;934.857;646.259;714.727;717.429;686.051;661.383
211;2.11008;1344.63;1188.55;960.153;659.099;729.434;733.108;720.102;738.269
212;2.12;1357.89;1209.05;976.692;662.561;759.786;753.238;745.334;810.028
213;2.13004;1343.94;1196.63;968.408;631.281;753.152;744.717;739.893;775.4
214;2.14;1365.3;1228.36;1011.08;647.739;768.691;742.259;749.767;653.532
215;2.15006;1343.15;1215.29;1007.34;646.485;733.397;742.696;755.287;665.331
216;2.16007;1383.6;1246.11;1029.99;647.382;780.432;775.792;779.959;835.549
217;2.17005;1380.56;1245.63;1028.42;663.915;797.682;773.27;765.003;857.562
218;2.18005;1387.73;1252.03;1031.44;636.653;782.092;759.103;746.229;815.37
219;2.19008;1379.14;1252.08;1031.66;627.89;773.122;760.812;778.179;833.652
220;2.20001;1402.34;1278.37;1054.93;662.019;798.441;771.508;795.308;803.693
221;2.21005;1401.49;1272.54;1060.09;673.74;793.821;768.365;795.861;780.594
222;2.22007;1402.18;1276.23;1060.1;714.862;771.775;761.299;784.33;768.066
223;2.23001;1413.8;1295.99;1079.39;731.393;770.627;768.848;774.663;804.186
224;2.24004;1411.74;1295.76;1099.63;747.422;771.518;774.739;781.975;804.831
225;2.25007;1404.12;1279.93;1099.2;747.834;768.686;768.57;796.941;802.286
226;2.26005;1408.49;1283.42;1100.86;761.568;770.771;761.611;812.987;802.695
227;2.27005;1406.8;1282.69;1079.81;758.846;758.366;763.814;813.908;800.729
228;2.28001;1409.55;1290.81;1081.81;781.31;757.11;765.252;800.936;789.919
229;2.29006;1403.74;1290.86;1087.07;788.761;760.927;762.805;794.474;793.492
230;2.30001;1402.38;1291.21;1093.52;792.421;751.781;758.712;786.887;758.274
231;2.31005;1389.31;1275.42;1077.7;784.908;740.94;756.039;786.142;758.139
232;2.32002;1398.83;1281.56;1084.26;791.083;738.399;752.728;782.063;762.441
233;2.33004;1387.52;1270.18;1073;794.65;725.803;743.009;778.42;746.243
234;2.34005;1380.61;1268.71;1061.64;800.226;718.059;734.667;777.423;736.302
235;2.35003;1375.39;1269.4;1050.83;796.677;713.003;728.181;759.992;721.608
236;2.36004;1362.55;1254.14;1034.66;784.912;698.178;716.4;727.388;713.665
237;2.37003;1380.69;1269.26;1054.19;800.312;703.4;721.653;732.275;697.065
238;2.38006;1355.61;1245.77;1036.79;784.955;690.438;710.558;738.266;676.731
239;2.39004;1354.02;1246.97;1033.4;788.656;685.518;708.483;747.422;684.317
240;2.40004;1349.12;1244.26;1025.55;793.176;679.6;704.686;736.675;684.305
241;2.41006;1337.92;1232.81;1011.39;791.675;671.472;695.948;713.967;658.024
242;2.42003;1337.85;1232;1009.66;792.123;664.698;685.93;704.758;676.03
243;2.43;1328.31;1220.3;1002.63;782.527;655.648;672.256;696.113;695.504
244;2.44001;1324.73;1214.06;999.908;774.336;647.772;664.1;677.897;681.27
245;2.45006;1312.72;1198.83;986.093;759.473;637.332;662.674;679.449;677.368
246;2.46007;1307.56;1190.91;976.926;750.335;630.217;659.908;682.152;694.231
247;2.47004;1302.33;1184.47;967.602;739.279;620.095;648.277;670.457;698.683
248;2.48002;1293.69;1176.44;957.359;727.356;610.251;636.6;672.654;688.296
249;2.49001;1292.12;1176.18;956.372;724.278;603.443;624.546;675.711;690.451
250;2.50006;1276.4;1160.86;943.05;710.719;590.186;605.862;662.013;673.923
251;2.51004;1270.87;1155.46;937.899;704.09;584.203;600.173;648.487;658.195
252;2.52003;1262.07;1147.51;928.71;698.464;578.098;597.651;638.509;648.057
253;2.53002;1249.12;1134.82;914.065;690.097;567.801;587.515;625.732;630.014
254;2.54007;1243.12;1128.07;906.164;683.075;555.839;580.042;610.317;616.675
255;2.55;1233.06;1116.43;895.513;671.07;546.534;571.069;593.644;621.244
256;2.56007;1223.69;1105.3;884.918;659.815;538.711;557.84;580.273;615.956
257;2.57007;1214.53;1095.38;875.274;653.897;532.267;550.609;573.001;596.885
258;2.58001;1201.15;1081.1;860.933;642.51;519.217;543.866;564.313;576.464
259;2.59004;1191.03;1068.58;848.422;631.969;509.949;533.053;548.241;560.189
260;2.60003;1178.46;1053.19;835.079;623.061;500.553;524.167;536.523;545.698
261;2.61006;1168.64;1041.27;826.287;615.593;488.579;520.312;529.581;532.362
262;2.62004;1160.82;1033.11;820.707;617.814;481.269;510.915;523.216;523.404
263;2.63002;1148.13;1021.51;810.494;617.73;473.829;497.757;515.49;523.34
264;2.64003;1137.68;1012.79;801.08;606.074;469.182;490.474;510.273;523.012
265;2.65002;1125.65;1002.36;791.406;591.424;462.137;488.785;504.17;514.809
266;2.66004;1115.1;992.269;784.094;584.862;455.763;485.995;496.7;500.839
267;2.67005;1107.49;984.065;779.428;584.865;452.698;480.523;492.365;485.447
268;2.68001;1099.23;974.843;773.038;577.955;445.059;473.208;487.723;470.594
269;2.69003;1093.99;969.029;769.202;575.353;443.501;467.853;480.246;460.148
270;2.70008;1086.52;961.292;763.484;579.441;441.598;463.204;474.227;458.809
271;2.71004;1084.06;958.648;760.904;582.565;439.583;459.679;469.703;454.245
272;2.72005;1078.06;953.346;757.166;579.901;436.247;454.427;465.321;440.621
273;2.73004;1074.34;950.546;756.575;572.731;434.434;447.697;457.764;417.809
274;2.74004;1073.5;950.305;758.432;570.01;436.195;441.745;452.358;405.423
275;2.75;1071.07;948.258;757.944;576.54;436.982;439.627;452.347;417.421
276;2.76005;1069.66;947.189;757.734;580.88;433.654;439.784;452.196;432.383
277;2.77003;1067.74;945.922;757.066;580.324;430.91;436.99;449.504;436.495
278;2.78006;1066.65;945.971;758.211;581.65;430.107;431.912;444.882;428.527
279;2.79003;1065.34;945.784;759.296;576.928;427.089;427.906;441.419;421.708
280;2.80007;1064.04;945.49;759.365;566.685;424.093;426.401;437.923;411.267
281;2.81004;1065.14;946.916;760.979;568.71;421.282;427.609;433.796;396.604
282;2.82008;1065.02;947.037;763.261;580.812;419.749;428.081;431.159;381.388
283;2.83003;1063.6;946.101;764.73;585.013;418.465;427.197;430.895;372.874
284;2.84007;1061.63;944.873;763.733;576.046;418.01;426.382;430.437;361.702
285;2.85001;1062.37;946.172;763.182;569.658;420.039;427.81;430.904;356.372
286;2.86002;1059.65;943.837;760.84;575.936;421.238;427.065;427.567;354.6
287;2.87001;1060.51;944.953;763.464;585.418;421.912;422.454;421.77;349.811
288;2.88004;1060.28;945.063;765.303;584.138;421.465;418.03;418.988;343.293
289;2.89006;1058.37;942.836;763.084;578.514;419.812;416.937;419.9;346.28
290;2.90001;1057.44;940.952;760.816;575.433;418.922;416.178;419.18;351.995
291;2.91002;1057.32;939.877;760.019;574.043;418.636;414.159;417.448;342.436
292;2.92008;1054.69;936.901;757.519;572.186;417.532;409.299;417.804;340.647
293;2.93001;1052.97;934.676;755.15;571.064;415.835;405.104;417.012;338.025
294;2.94002;1050.35;931.088;752.462;568.077;410.547;402.557;413.363;338.074
295;2.95001;1047.42;927.207;749.966;564.185;406.555;402.37;414.066;343.105
296;2.96001;1045.7;924.412;747.609;560.44;404.802;401.21;410.985;340.592
297;2.97005;1040.82;918.427;741.783;554.777;403.312;399.938;402.082;328.912
298;2.98001;1040.93;917.369;739.584;553.796;402.125;399.242;395.668;322.184
299;2.99004;1036.14;912.123;733.155;550.678;397.821;396.939;393.908;321.75
300;3.00001;1032.92;908.891;728.341;547.189;392.61;393.168;393.924;320.974
301;3.01004;1029.77;905.951;724.838;542.704;388.08;389.499;391.598;324.354
302;3.02006;1024.8;901.096;720.502;537.377;384.766;386.64;390.255;336.116
303;3.03002;1022.64;898.487;718.161;533.471;382.925;384.824;391.423;347.873
304;3.04001;1018.11;893.492;713.226;528.069;380.625;383.317;392.108;357.132
305;3.05002;1013.09;888.412;708.091;523.251;378.116;381.825;393.543;355.705
306;3.06001;1010;885.736;705.247;520.984;374.384;379.634;394.683;352.776
307;3.07003;1004.1;880.477;700.343;516.523;368.485;375.518;389.767;346.552
308;3.08002;1000.51;877.495;696.939;512.224;363.619;370.957;384.31;340.507
309;3.09;995.695;873.373;691.986;506.317;359.852;367.27;382.851;341.124
310;3.10003;991.615;869.72;686.814;501.226;356.475;364.007;381.895;344.194
311;3.11004;987.222;865.558;681.26;496.104;352.656;360.641;380.782;340.752
312;3.12001;983.219;861.714;676.47;492.151;347.478;356.431;378.616;329.486
313;3.13003;979.018;857.643;672.076;487.957;342.52;351.572;373.195;326.225
314;3.14002;974.464;853.38;667.627;483.749;338.116;347.347;367.143;330.367
315;3.15002;971.121;850.27;664.178;480.419;333.243;343.785;361.458;326.558
316;3.16007;965.634;845.059;658.33;474.977;327.251;339.74;356.242;321.021
317;3.17004;962.203;842.015;653.656;469.157;320.503;336.262;351.96;321.305
318;3.18002;956.532;836.695;647.101;461.652;314.085;332.941;349.589;322.056
319;3.19006;952.514;832.879;641.911;455.244;309.8;328.667;346.122;322.143
320;3.20003;948.034;828.355;636.238;448.267;305.973;323.15;340.961;322.026
321;3.21007;943.276;823.121;630.344;441.7;301.255;317.693;337.788;322.082
322;3.22006;940.391;819.689;626.546;437.923;295.513;314.711;335.988;322.768
323;3.23002;935.645;814.103;621.323;432.267;289.943;313.238;332.666;320.692
324;3.24004;929.966;807.875;615.889;425.293;284.771;309.964;327.141;314.676
325;3.25006;926.805;803.847;611.916;418.568;280.491;305.358;320.65;308.262
326;3.26008;921.766;798.205;606.296;411.161;274.936;302.036;316.488;306.579
327;3.27004;919.866;795.526;603.143;407.306;270.694;299.436;313.125;307.611
328;3.28006;911.642;786.707;595.044;400.51;266.249;295.021;309.332;306.302
329;3.29001;908.115;782.438;590.931;395.843;263.467;287.856;304.752;301.647
330;3.30004;903.853;777.439;586.249;390.511;259.668;280.399;300.623;295.34
331;3.31006;899.622;772.422;581.442;385.079;254.228;276.153;298.099;291.317
332;3.32006;895.304;767.319;576.437;378.796;249.613;272.958;294.718;289.669
333;3.33001;890.595;762.015;571.574;372.29;244.203;269.986;290.225;286.307
334;3.34002;886.232;757.111;566.934;365.425;238.209;267.352;284.773;280.311
335;3.35001;881.995;752.144;562.035;358.402;232.741;263.632;280.381;278.054
336;3.36003;876.925;746.501;556.286;353.769;229.355;258.318;277.456;275.7
337;3.37005;877.771;746.438;554.879;351.945;225.934;254.049;273.862;268.64
338;3.38005;871.768;740.019;547.917;345.71;221.095;249.277;270.568;261.277
339;3.39002;851.252;719.046;529.822;333.63;212.966;244.008;267.101;256.497
340;3.40005;824.208;694.571;510.904;319.834;205.293;241.362;263.884;255.331
341;3.41003;844.123;712.088;523.76;324.552;204.763;237.748;261.663;253.58
342;3.42005;857.091;723.004;531.319;328.58;203.502;231.121;257.706;249.77
343;3.43005;842.102;708.119;518.631;319.923;196.137;225.381;250.076;242.368
344;3.44007;834.704;701.042;511.018;312.213;190.15;221.003;242.786;238.43
345;3.45004;832.069;697.62;505.682;307.344;183.608;217.349;238.43;235.593
346;3.46003;824.43;689.961;498.113;302.478;179.637;212.77;234.309;225.449
347;3.47005;840.975;704.602;508.554;307.394;175.503;202.89;226.723;219.463
348;3.48004;834.287;698.108;503.124;300.774;170.431;190.962;214.049;218.488
349;3.49008;809.746;674.956;484.799;285.55;168.185;186.993;210.833;222.88
350;3.50006;801.851;667.337;478.61;277.788;164.489;185.317;203.074;219.374
351;3.51004;829.661;693.038;497.587;287.258;161.808;181.49;200.611;210.125
352;3.52004;828.714;691.656;494.655;284.778;156.72;178.041;200.325;191.428
353;3.53005;801.097;665.319;473.281;272.447;149.535;172.831;191.793;176.87
354;3.54007;801.37;664.847;472.977;278.706;144.704;174.695;191.989;173.029
355;3.55007;807.191;669.307;476.58;288.67;144.061;172.696;194.746;172.276
356;3.56006;805.896;667.357;475.03;287.362;281.132;164.935;188.138;188.127
357;3.57003;798.763;660.165;469.325;280.583;137.111;159.692;179.199;187.817
358;3.58002;791.194;652.904;462.464;270.333;138.996;153.44;170.488;182.353
359;3.59007;791.562;652.794;460.122;255.041;136.375;151.542;172.103;176.438
360;3.60008;793.737;654.302;459.509;246.256;128.46;158.15;171.763;174.947
361;3.61003;785.814;646.411;452.845;246.137;128.935;155.088;167.425;173.797
362;3.62003;782.9;643.208;450.539;253.092;123.038;142.927;159.435;169.173
363;3.63003;781.973;641.622;450.079;252.345;121.665;138.398;158.467;168.227
364;3.64005;779.242;638.392;448.161;246.093;122.289;135.145;151.068;170.368
365;3.65006;776.526;635.527;445.39;240.811;121.958;135.988;152.106;168.143
366;3.66004;774.505;633.541;442.252;238.473;123.303;139.381;145.565;157.712
367;3.67002;772.065;631.218;438.471;237.593;121.481;133.787;146.818;152.503
368;3.68008;769.56;628.664;434.427;234.257;115.272;124.421;143.684;157.129
369;3.69004;766.715;625.837;431.133;227.319;107.285;113.753;141.666;162.811
370;3.7;764.285;623.745;430.137;220.951;97.8075;107.11;137.911;159.804
371;3.71003;762.589;622.444;430.585;219.281;86.7038;103.179;133.168;157.71
372;3.72003;760.64;620.619;430.275;221.176;77.5684;98.7389;130.946;153.522
373;3.73004;758.123;617.624;428.253;222.507;69.0751;95.2904;134.329;151.011
374;3.74006;755.723;614.921;425.636;221.403;61.0235;95.7971;135.404;147.621
375;3.75001;754.514;614.249;425.24;222.773;54.0286;95.3325;128.693;146.42
376;3.76004;753.403;613.805;425.311;225.483;45.0151;90.4659;122.752;150.92
377;3.77007;751.615;612.438;422.293;222.102;32.995;83.8301;120.316;150.739
378;3.78003;750.796;612.245;422.362;219.542;27.7335;78.0977;118.799;149.398
379;3.79002;748.654;610.29;422.155;227.355;16.5848;75.7201;115.868;145.381
380;3.80004;747.665;609.568;422.587;228.925;13.9729;76.2679;114.702;139.51
381;3.81003;745.59;607.389;419.431;221.289;9.95824;83.1252;120.97;134.134
382;3.82005;744.555;606.235;417.664;215.89;6.3909;80.6171;118.735;128.727
383;3.83002;742.074;603.772;415.677;214.35;-0.0195687;74.398;109.664;130.241
384;3.84002;741.518;603.672;416.222;217.415;6.14646;64.6648;95.9231;134.211
385;3.85005;740.075;602.337;415.981;220.938;13.5082;55.9142;81.7349;131.66
386;3.86004;736.982;599.511;414.823;221.371;8.90539;57.9482;70.6956;130.423
387;3.87007;735.78;598.384;414.541;220.349;3.40977;51.0459;65.1952;128.674
388;3.88005;734.356;596.384;413.096;218.719;-1.30728;5.39549;65.9513;129.364
389;3.89;732.527;594.147;410.991;217.789;10.8213;-22.568;64.9022;131.076
390;3.90005;730.56;591.916;409.389;219.575;7.69549;-19.9861;45.1921;129.067
391;3.91002;728.819;590.206;407.902;215.827;4.32665;-9.60105;58.0215;130.79
392;3.92006;726.166;587.423;404.046;207.662;3.93825;-7.95891;19.0258;113.646
393;3.93007;724.909;585.586;399.666;200.067;15.1605;3.95775;2.34157;92.9501
394;3.94006;726.441;586.539;399.583;200.724;4.70849;10.8758;-2.58976;86.0971
395;3.95003;735.969;596.507;407.956;210.383;14.1566;12.7958;-5.90766;92.7074
396;3.96003;736.334;595.847;407.653;215.156;15.9232;8.81246;1.06176;92.5369
397;3.97004;719.876;580.231;399.334;208.692;8.32851;7.82681;4.79082;77.8433
398;3.98004;720.607;587.11;394.6;200.754;27.0817;-36.6375;-40.5917;30.2956
399;3.99007;723.329;572.667;395.253;222.045;43.3863;71.513;11.2286;62.0874
400;4.00002;706.634;563.79;403.319;179.005;-133.612;-83.4078;17.5756;67.8648
401;4.01005;711.18;575.782;377.687;211.755;129.138;196.366;13.5896;48.1934
402;4.02005;716.19;572.85;404.52;174.983;-30.693;-363.483;-36.7221;42.2528
403;4.03004;709.307;569.906;382.974;214.089;-31.9815;422.338;107.655;159.128
404;4.04007;693.463;598.82;381.014;124.781;-340.076;-925.408;-208.718;-144.46
405;4.05003;702.41;572.839;351.045;217.367;277.084;401.75;7.48763;-111.526
406;4.06002;700.442;566.01;359.91;197.63;748.394;233.223;-149.767;-366.415
407;4.07007;699.135;579.161;362.365;165.092;-396.665;-246.4;-250.491;-232.659
408;4.08004;695.104;556.574;355.557;206.661;1008.06;236.454;-242.473;-506.821
409;4.09004;686.678;587.253;374.236;109.339;-2119.67;-652.457;310.376;471.428
410;4.10002;688.004;540.199;361.028;270.451;1488.13;983.989;-153.752;-689.547
411;4.11006;693.265;542.988;353.458;57.7212;-637.428;-1385.95;-2.09791;155.648
412;4.12008;685.773;527.634;377.88;165.599;-729.735;-299.515;125.916;-132.771
413;4.13006;686.281;537.475;346.652;185.533;233.16;509.427;904.314;520.471
414;4.14002;666.024;577.646;349.463;99.894;-264.945;-628.286;-521.785;-460.045
415;4.15001;687.8;530.027;323.244;192.643;908.609;2199.96;939.81;660.349
416;4.16007;668.718;531.666;374.228;115.893;-738.181;-940.675;-188.17;-251.74
417;4.17001;667.48;575.848;322.144;100.118;195.328;-174.337;-498.892;-29.6275
418;4.18001;674.567;531.835;361.893;77.8417;-45.8074;347.139;585.052;-122.28
419;4.19003;662.019;577.075;319.44;131.475;-105.021;-896.941;-2039.48;-1646.6
420;4.20008;669.442;521.015;349.19;180.782;39.5503;74.8656;711.1;856.78
421;4.21007;668.969;541.934;320.782;188.983;206.718;94.3418;34.0605;-598.391
422;4.22007;659.448;533.363;342.327;163.324;-60.3244;-79.801;-402.754;-1012.71
423;4.23005;661.855;526.867;336.673;162.273;27.0839;18.3354;158.34;150.97
424;4.24001;660.435;524.8;332.446;153.076;109.322;34.4116;34.9087;42.7039
425;4.25006;659.427;519.888;331.635;135.142;79.8205;60.252;134.322;104.332
426;4.26004;652.17;516.107;323.662;114.055;65.7732;-36.2651;-98.2766;48.5734
427;4.27006;647.785;517.193;320.37;97.1689;-35.9914;-144.254;-340.208;-53.7798
428;4.28006;646.204;517.173;323.583;90.8511;-312.99;-285.891;-647.439;-496.026
429;4.29008;642.601;516.043;326.431;90.0513;-719.894;-476.601;-829.08;-440.979
430;4.30007;644.651;494.526;326.781;99.2802;-783.799;-532.89;-882.824;-680.468
431;4.31003;647.952;467.697;329.263;249.443;-191.416;-126.498;-413.835;-597.524
432;4.32001;641.405;484.013;311.025;307.444;515.919;315.994;-307.826;-706.532
433;4.33007;635.635;496.551;309.401;240.478;72.8963;190.592;516.126;178.762
434;4.34002;636.879;484.66;305.705;230.965;-286.52;218.869;44.1263;22.8161
435;4.35002;639.192;453.646;320.708;31.1781;-1167.21;-1014.13;-1138.01;-293.48
436;4.36007;635.137;475.054;291.944;116.765;-21.8407;-991.459;-1209.35;-459.772
437;4.37006;630.717;474.462;319.56;50.9949;-438.278;-693.613;265.876;117.684
438;4.38007;624.9;494.819;301.495;80.751;-181.678;-734.735;-395.12;329.679
439;4.39006;627.839;486.405;287.518;161.25;367.749;-277.982;20.7556;-254.551
440;4.40001;621.28;480.592;291.513;57.6993;8.30995;32.4795;-128.309;48.1471
441;4.41005;621.219;469.079;301.201;15.0411;-326.806;-420.821;-14.8743;373.681
442;4.42004;618.875;479.194;283.06;0.602675;44.6714;407.396;232.25;-352.399
443;4.43007;618.852;472.681;289.893;24.6086;-89.8421;-513.872;-384.723;-51.9204
444;4.44004;618.261;477.471;278.637;71.247;12.9319;346.079;374.654;119.107
445;4.45005;617.143;472.521;288.297;114.811;67.8616;66.9169;-392.28;-148.982
446;4.46007;616.701;474.56;289.888;167.664;202.328;14.1061;74.4386;98.1925
447;4.47003;616.713;468.977;293.144;213.342;121.623;-81.9813;54.7536;-0.41268
448;4.48005;615.063;471.985;283.981;182.643;43.0477;-23.4488;-172.568;24.5838
449;4.49007;612.76;468.479;282.897;98.7253;6.90786;62.2292;-14.4992;75.6153
450;4.50004;609.922;466.951;282.333;65.1376;122.413;80.9755;73.4128;8.80476
451;4.51003;606.898;463.265;284.066;22.0397;-0.337819;31.402;38.3254;-55.0072
452;4.52008;603.294;457.947;273.903;-2.55131;36.1349;28.1866;63.3181;52.2364
453;4.53003;599.505;451.686;256.335;-38.767;41.2695;10.4934;13.1464;44.48
454;4.54006;596.289;447.566;250.313;-1.88195;38.5558;-11.576;-17.9155;40.7708
455;4.55007;594.637;440.952;251.754;36.4061;48.2126;0.958844;139.765;173.77
456;4.56001;590.764;445.811;242.318;25.6828;92.0283;311.688;65.0632;-78.2548
457;4.57006;589.467;438.382;241.857;4.31686;81.702;170.074;84.8741;-79.6472
458;4.58002;586.789;435.715;240.554;-10.3736;74.357;121.939;58.3008;80.6359
459;4.59002;584.55;433.424;236.216;2.33754;38.6143;79.698;60.5272;73.7209
460;4.6;581.332;428.801;231.829;13.4683;14.9057;26.8588;34.0571;45.6998
461;4.61007;578.173;425.413;229.141;10.0456;13.0774;36.7839;52.5013;38.8047
462;4.62;575.74;423.353;226.437;17.8822;20.6491;32.3028;41.2382;45.6381
463;4.63004;574.424;422.011;226.325;20.1991;19.7996;37.2118;46.3675;38.8341
464;4.64007;574.421;421.605;223.329;12.3736;16.6687;44.4228;56.2519;40.635
465;4.65002;571.253;418.66;220.37;11.2567;13.9494;43.3756;51.7239;43.3459
466;4.66;571.943;419.616;223.976;10.6892;13.227;43.8094;50.3392;40.9529
467;4.67001;571.475;418.809;228.693;5.69167;12.2902;44.4603;53.7286;38.5291
468;4.68004;572.518;420.091;233.259;8.626;13.3434;43.8701;52.579;38.2254
469;4.69007;572.721;420.282;229.978;17.285;13.8057;42.502;49.4978;38.0611
470;4.70003;572.86;420.448;224.022;18.4427;9.75252;41.8673;49.4669;37.1372
471;4.71001;573.606;421.586;224.411;19.5671;7.69168;41.8766;49.8037;35.6804
472;4.72001;574.391;422.54;227.378;19.5727;12.2767;41.6427;49.1989;34.5272
473;4.73005;575.47;423.797;229.32;23.8341;16.3135;41.3809;48.536;33.815
474;4.74003;576.547;425.6;230.844;31.2029;16.8241;40.9919;47.7915;32.7763
475;4.75003;577.903;427.551;233.106;34.7679;12.8667;40.8111;46.9282;32.8219
476;4.76001;578.654;428.73;237.064;32.0803;6.29841;39.3902;46.7828;32.8474
477;4.77004;579.671;430.385;243.446;30.3131;5.08461;40.8104;48.2254;31.3953
478;4.78005;581.577;432.509;249.353;33.3347;9.53263;41.548;49.3147;30.3212
479;4.79001;583.838;435.03;252.136;35.9393;16.2128;39.7155;50.3257;30.0754
480;4.80004;585.302;436.638;251.51;40.6933;22.0644;41.5406;50.1173;29.3296
481;4.81007;585.815;437.353;251.788;52.2161;22.5519;41.6992;49.1338;28.472
482;4.82002;586.527;438.055;252.622;55.727;11.8625;38.1264;44.3064;27.1068
483;4.83002;586.69;438.101;252.452;51.7713;2.75637;36.6605;38.839;25.8918
484;4.84008;587.973;439.304;252.973;47.9601;-2.17282;34.907;37.855;24.5822
485;4.85001;590.202;441.705;254.417;45.1154;-3.24949;35.437;39.2293;23.1582
486;4.86004;592.016;443.76;256.914;48.0274;1.21983;36.9408;41.0391;22.1476
487;4.87001;594.243;445.923;259.347;51.0691;3.86864;36.8211;41.3817;20.62
488;4.88004;596.621;448.3;261.885;57.8816;6.07499;36.8886;41.0547;18.5749
489;4.89002;599.708;451.265;264.817;65.9689;8.69931;36.8021;40.2465;17.1752
490;4.90004;602.938;454.366;267.829;70.8237;11.255;36.7807;39.6156;17.4415
491;4.91007;606.186;457.611;270.972;73.8497;13.5314;36.2958;39.2464;18.6707
492;4.92001;609.252;460.637;273.848;77.7354;13.8888;33.8853;38.9384;19.3053
493;4.93004;613.558;464.923;277.918;83.3287;15.8734;34.913;38.6197;18.4958
494;4.94003;617.462;469.168;281.13;81.7087;16.1238;34.6368;37.3266;16.3142
495;4.95002;622.288;474.002;284.168;79.5145;15.3525;34.4705;29.971;12.1824
496;4.96001;626.22;478.051;287.413;80.1283;9.59305;33.1375;15.6402;-0.582704
497;4.97005;632.762;484.537;292.344;81.9045;10.9741;32.0807;28.2018;1.44767
498;4.98004;638.611;490.371;296.547;83.0383;6.21425;21.8987;28.0966;-4.16042
499;4.99001;647.592;499.136;303.448;86.5225;4.99802;5.37271;28.3293;-56.5401
500;5.00004;656.018;507.713;310.668;92.4098;9.19799;20.7171;30.503;15.1466
501;5.01003;666.985;518.742;320.139;101.977;9.36131;21.807;30.3249;-23.695
502;5.02007;678.044;530.01;329.945;113.708;7.29237;25.9635;29.5342;-8.83298
503;5.03005;692.328;544.427;341.873;124.974;5.19551;25.3404;28.7441;1.57422
504;5.04003;706.143;558.764;354.222;134.953;4.03303;24.7073;28.3355;7.98152
505;5.05003;723.556;576.451;369.549;145.959;4.13353;25.0981;27.2514;10.7011
506;5.06004;743.344;596.515;387.309;158.485;4.61426;25.537;26.2108;13.2031
507;5.07007;764.415;618.055;407.119;173.324;5.58044;26.6988;26.3843;16.173
508;5.08004;789.694;643.907;430.922;191.145;5.78444;27.3255;24.0814;-2.10751
509;5.09;811.471;667.16;454.431;213.277;5.96656;29.5524;25.6079;-2.53203
510;5.10006;841.336;698.278;484.524;239.692;-1.07297;32.94;24.7797;-0.496527
511;5.11006;869.457;728.606;515.285;267.109;-23.5125;25.5265;25.8323;1.8837
512;5.12007;899.82;761.612;550.842;299.251;-7.87182;-5.60936;24.3765;3.88202
513;5.13008;943.086;808.195;599.385;349.038;-0.866421;-31.1489;24.8872;3.28677
514;5.14001;966.013;834.936;629.401;388.957;-26.3367;-1.3639;24.3172;3.88
515;5.15;989.153;860.353;655.951;403.505;-12.1621;6.6365;25.3146;2.50321
516;5.16005;1009.28;884.19;684.338;433.681;-22.5095;8.61081;25.493;4.25736
517;5.17003;1031.97;908.277;709.742;458.445;-43.488;11.0884;23.764;3.12431
518;5.18001;1055.21;934.185;733.522;492.722;-92.9743;19.7643;23.6008;3.78006
519;5.19004;1065.43;948.806;758.536;524.933;-79.8577;37.1577;24.5061;4.20352
520;5.20002;1068.78;953.236;763.776;540.21;-89.5874;44.7855;23.2595;3.66892
521;5.21003;1084.16;969.706;776.931;548.658;-86.5141;34.1133;26.6301;3.23536
522;5.22;1091.01;977.23;788.752;590.245;-136.292;-45.5605;24.4837;2.51654
523;5.23004;1095.32;983.828;790.448;576.073;-78.4834;52.1002;143.049;14.068
524;5.24002;1092.76;984.354;796.569;579.745;-110.281;148.766;441.096;76.4109
525;5.25005;1094.93;983.517;793.753;586.813;-108.177;164.479;207.893;23.1356
526;5.26001;1091.06;980.125;793.203;575.862;-97.6764;174.991;170.399;46.1564
527;5.27006;1089.1;975.419;783.331;580.118;-103.835;157.37;88.8113;6.28554
528;5.28007;1084.18;971.411;784.996;589.137;-112.533;156.96;86.0229;22.5443
529;5.29003;1086.44;974.056;784.697;587.329;-97.85;156.7;117.728;-11.2486
530;5.30005;1080.4;966.35;782.053;565.251;-98.9423;213.051;141.308;30.2733
531;5.31;1083.24;965.607;782.437;587.516;-126.808;251.229;182.124;146.739
532;5.32003;1075.53;960.463;776.25;578;-51.2156;202.947;221.128;65.2847
533;5.33008;1064.7;948.944;768.332;568.292;-126.391;177.267;228.343;75.3341
534;5.34003;1061.01;947.063;764.373;569.751;-98.1729;190.478;220.595;96.1556
535;5.35003;1051.4;938.446;758.277;574.097;-76.5718;184.367;221.556;124.53
536;5.36005;1043.13;931.958;746.875;567.188;-18.2228;213.236;238.916;142.858
537;5.37002;1035.24;924.195;743.571;562.77;-51.4887;198.164;214.099;151.748
538;5.38007;1023.35;909.978;727.131;549.143;-115.274;199.192;226.669;184.196
539;5.39002;1017.02;903.864;719.482;539.674;11.1745;186.095;253.131;192.739
540;5.40002;1003.07;889.384;708.775;532.18;2.30353;170.391;262.991;189.389
541;5.41;998.392;883.304;701.707;519.696;57.145;156.578;270.687;191.445
542;5.42006;994.357;875.321;693.658;515.219;82.9504;147.182;285.623;205.973
543;5.43008;986.073;867.885;691.224;518.895;100.406;147.471;293.791;214.052
544;5.44007;977.046;857.791;682.396;492.114;162.382;164.906;279.718;218.711
545;5.45005;973.337;854.477;677.302;490.185;160.1;185.316;294.471;232.042
546;5.46004;961.944;845.21;666.663;490.647;134.478;177.753;291.978;243.028
547;5.47005;959.646;843.224;666.192;490.321;169.823;189.34;283.644;240.516
548;5.48005;952.47;835.05;657.384;488.338;154.775;208.102;279.627;237.198
549;5.49002;944.656;826.851;647.472;478.995;152.012;208.981;272.148;255.756
550;5.50004;940.439;822.284;641.902;478.437;165.836;207.194;273.331;249.549
551;5.51006;934.834;816.325;636.858;475.107;148.805;222.12;282.897;234.908
552;5.52001;929.702;810.188;632.276;458.218;153.457;232.366;274.86;232.123
553;5.53008;925.09;804.553;626.671;449.606;159.457;234.692;268.832;234.478
554;5.54005;920.601;799.625;621.593;445.966;157.693;240.194;263.964;233.373
555;5.55007;916.653;795.112;617.85;447.842;158.161;241.134;266.79;233.169
556;5.56007;912.817;790.305;613.45;442.128;163.962;241.653;267.786;234.783
557;5.57003;909.06;785.832;609.495;439.158;164.606;247.846;274.913;226.784
558;5.58008;905.68;782.186;606.274;436.977;179.017;251.661;260.64;211.929
559;5.59006;902.782;779.345;602.913;432.205;186.782;253.48;244.154;203.47
560;5.60002;898.545;775.104;597.734;423.914;188.213;246.856;233.097;209.659
561;5.61002;894.663;771.338;593.05;418.69;195.316;245.369;221.004;197.431
562;5.62004;891.527;768.215;588.618;417.103;194.349;237.091;214.212;175.372
563;5.63005;889.356;765.784;584.936;414.27;195.473;235.128;216.34;169.33
564;5.64007;887.793;763.219;581.565;410.617;200.957;228.416;208.706;163.074
565;5.65008;886.884;760.749;578.52;405.683;193.266;209.057;205.058;167.144
566;5.66007;886.288;758.453;575.513;400.201;187.087;201.202;198.159;158.478
567;5.67002;885.057;755.857;572.351;394.84;179.332;192.8;187.616;143.194
568;5.68001;885.207;755.151;570.062;391.139;175.859;186.567;185.821;147.662
569;5.69004;890.958;760.591;573.287;390.798;166.323;170.412;178.004;144.89
570;5.70006;871.352;742.446;557.883;377.709;160.275;164.7;172.568;134.135
571;5.71005;878.873;750.256;563.923;378.892;164.598;169.23;174.916;237.677
572;5.72003;882.46;753.721;566.115;379.48;165.145;169.947;328.407;267.989
573;5.73007;868.311;739.666;554.161;369.767;160.596;165.768;298.761;137.171
574;5.74002;885.571;755.169;566.581;376.004;166.941;169.451;307.782;129.429
575;5.75007;875.726;745.128;558.532;369.451;163.829;173.155;299.624;116.746
576;5.76005;876.828;746.13;559.368;370.297;156.404;176.396;283.553;116.412
577;5.77007;881.55;750.972;563.093;371.982;150.593;164.278;277.496;124.569
578;5.78002;878.966;749.196;561.081;368.247;147.829;159.691;294.465;125.604
579;5.79005;877.895;748.779;560.864;365.248;148.332;151.925;144.526;113.99
580;5.80002;881.139;752.094;563.3;366.43;149.454;144.69;147.576;127.986
581;5.81006;882.017;753.275;563.313;365.528;143.464;143.17;145.592;145.998
582;5.82008;883.197;754.721;563.759;365.019;141.051;140.502;132.683;118.233
583;5.83002;885.363;757.207;565.303;367.305;145.19;138.54;128.915;92.0697
584;5.84;887.427;759.478;566.895;368.944;150.068;140.894;122.546;72.159
585;5.85003;890.923;762.881;569.648;369.993;148.104;139.452;109.744;53.7159
586;5.86001;893.554;765.132;571.955;372.237;144.114;138.864;103.459;40.9262
587;5.87;897.198;768.153;574.752;377.293;140.909;136.958;99.5758;22.751
588;5.88007;900.088;770.725;577.004;380.421;140.547;136.662;95.9985;4.14753
589;5.89005;903.88;774.581;580.773;383.956;143.485;140.567;91.5409;6.83105
590;5.90003;907.075;778.223;584.96;387.977;146.063;142.365;84.8517;21.2099
591;5.91007;910.148;781.709;589.13;392.017;142.558;139.232;82.6486;17.7532
592;5.92007;912.941;784.933;592.842;397.269;138.13;134.596;82.6823;7.1969
593;5.93006;915.577;788.222;596.901;402.528;138.164;133.216;81.0287;-10.2329
594;5.94003;918.653;791.633;601.15;405.24;136.931;134.612;88.1222;-12.8515
595;5.95007;921.92;795.109;605.569;408.797;135.63;140.695;97.4684;1.10127
596;5.96004;925.24;799.014;609.976;413.349;134.938;142.788;90.814;5.27673
597;5.97006;927.671;802.159;613.023;415.874;131.749;138.907;81.2965;-1.48019
598;5.98008;930.094;805.044;616.635;417.608;128.398;142.274;79.8841;13.0013
599;5.99007;931.756;807.168;619.867;422.539;118.363;152.526;90.0941;15.0418
600;6.00005;933.373;809.538;622.497;428.157;105.754;154.248;91.5429;18.9885
