Pos.x [m];Pos.y [m];Pos.z [m];PartOut;Motive;Idp;Vel.x [m/s];Vel.y [m/s];Vel.z [m/s];Rhop [kg/m^3];
  7.6238549E-01;  2.2833739E-01; -2.1002455E-02;96;1;403137; -2.1697847E-02;  5.0798017E-01; -1.1243798E-01;  9.9949200E+02;
  4.7635368E-01;  7.0003963E-01; -2.1000342E-02;97;1;372239;  3.6479944E-01; -4.0458950E-01; -9.0229496E-02;  9.9982281E+02;
  7.6358300E-01;  2.2818141E-01; -2.1006534E-02;97;1;408482; -6.0588908E-01;  2.5206813E-01; -1.8765716E-01;  9.9920569E+02;
  7.6295620E-01;  2.2855194E-01; -2.1004196E-02;97;1;413828; -5.6894052E-01;  8.8814974E-02; -1.6579911E-01;  9.9930481E+02;
  7.8592891E-01;  7.6196110E-01; -2.1003295E-02;97;1;447038;  4.8369187E-01; -4.1460091E-01; -1.4027168E-01;  9.9944757E+02;
  4.7879225E-01;  6.9641697E-01; -2.1001527E-02;98;1;388389;  2.2040020E-01; -4.0154362E-01; -6.5598793E-02;  9.9978839E+02;
  7.8820157E-01;  7.5954759E-01; -2.1001054E-02;98;1;436347;  6.8943806E-02;  1.4935949E-01; -3.9374940E-02;  9.9991241E+02;
  7.8663957E-01;  7.6234376E-01; -2.1001449E-02;98;1;430944;  2.4428535E-02; -3.3129334E-01; -8.4504835E-02;  9.9902441E+02;
  4.9242562E-01;  6.9499630E-01; -2.1001544E-02;98;1;393571; -9.1906741E-02; -3.6010811E-01; -8.3221793E-02;  9.9991791E+02;
  4.7794348E-01;  6.9718748E-01; -2.1000737E-02;98;1;388498;  1.7954600E-01; -3.8546005E-01; -3.6981624E-02;  9.9987109E+02;
  7.4961770E-01;  7.7795124E-01; -2.1001389E-02;99;1;409614;  2.2154149E-01; -1.4385523E-01; -4.9644124E-02;  9.9960199E+02;
  4.8198998E-01;  6.8886203E-01; -2.1001251E-02;99;1;420470;  1.2406462E-01; -2.2298689E-01; -4.8224043E-02;  9.9975604E+02;
  7.4937999E-01;  7.7723259E-01; -2.1002181E-02;99;1;414963;  2.9863730E-01; -2.8577876E-01; -7.7147737E-02;  9.9952570E+02;
  7.4525553E-01;  7.7721798E-01; -2.1001469E-02;99;1;415008;  7.4747086E-02; -4.8552358E-01; -1.0210346E-01;  9.9951483E+02;
  7.4767786E-01;  7.7763730E-01; -2.1001045E-02;99;1;420250;  6.1142497E-02; -1.0966975E-01; -6.6041350E-02;  9.9956207E+02;
  7.9835242E-01;  2.3847105E-01; -2.1001028E-02;100;1;429862;  2.2676091E-01;  2.4407691E-01; -1.4898579E-01;  9.9957141E+02;
  4.8089537E-01;  6.9230109E-01; -2.1002227E-02;100;1;388333;  6.8365209E-02; -3.4020358E-01; -7.8244187E-02;  9.9977179E+02;
  8.0076855E-01;  2.3909573E-01; -2.1000532E-02;100;1;429815;  1.7469287E-01;  1.9318767E-01; -9.2683993E-02;  9.9975537E+02;
  7.9890239E-01;  2.3637424E-01; -2.1002630E-02;100;1;413883;  2.9976800E-01;  2.4093673E-01; -1.4245036E-01;  9.9966766E+02;
  8.0087847E-01;  2.4232297E-01; -2.1001004E-02;100;1;424577; -8.6354178E-01;  3.0973548E-01; -2.2506738E-01;  9.9986035E+02;
  7.9538071E-01;  2.4747789E-01; -2.1000559E-02;101;1;429869; -1.2498429E-01;  3.7522629E-02; -5.7890959E-02;  9.9966949E+02;
  1.2854871E-01;  5.5546945E-01; -2.1001197E-02;101;1;378561;  6.9590485E-01; -2.9508421E-01; -1.1817155E-01;  9.9991986E+02;
  7.4787307E-01;  7.7537769E-01; -2.1000119E-02;101;1;388123;  2.3554249E-01; -3.5217735E-01; -1.9317683E-02;  9.9932092E+02;
  7.9373932E-01;  2.4388556E-01; -2.1001255E-02;101;1;403287; -8.4473801E-01;  6.9867492E-01; -1.4077581E-01;  9.9954260E+02;
  7.9312384E-01;  2.4772260E-01; -2.1000324E-02;101;1;440615; -2.0890279E-02;  2.4844448E-01; -3.7587091E-02;  9.9843799E+02;
  4.3692756E-02;  6.7863303E-01; -2.1001318E-02;101;1;378720;  6.3466374E-03; -2.2526871E-01; -9.1512278E-02;  9.9912518E+02;
  1.2691009E-01;  5.5815291E-01; -2.1000402E-02;102;1;383752;  6.2715244E-01; -1.3692974E-01; -9.4168536E-02;  1.0000615E+03;
  1.3211478E-01;  5.4605144E-01; -2.1001423E-02;102;1;380996;  6.1867279E-01;  2.1740068E-01; -1.3313082E-01;  9.9989178E+02;
  7.9259044E-01;  2.4535798E-01; -2.1000639E-02;102;1;435216; -1.1584657E-01; -2.5598159E-01; -7.8527585E-02;  1.0013315E+03;
  1.4028350E-01;  5.5810505E-01; -2.1005405E-02;102;1;372420; -5.6574261E-01;  4.3620732E-01; -2.1037962E-01;  9.9831458E+02;
  4.9862015E-01;  6.8621993E-01; -2.1000184E-02;102;1;388330; -2.2158330E-02; -1.8026413E-02; -3.1523764E-02;  9.9983557E+02;
  7.6992536E-01;  2.2964343E-01; -2.1000016E-02;102;1;419116;  1.8414989E-01;  1.5144521E-01; -1.6911160E-02;  9.9962183E+02;
  1.3846812E-01;  5.5752093E-01; -2.1003570E-02;102;1;389204;  6.7319489E-01; -2.3195931E-01; -1.1811794E-01;  1.0006813E+03;
  4.2327292E-02;  6.7565203E-01; -2.1005990E-02;102;1;378201; -1.7822306E-01;  1.7348683E-01; -1.8245272E-01;  9.9893066E+02;
  3.8341146E-02;  6.7972112E-01; -2.1001104E-02;102;1;383554; -4.1090852E-01; -3.2456702E-01; -9.4150282E-02;  9.9893341E+02;
  3.7264001E-01;  3.6041221E-01; -2.1002682E-02;102;1;370640;  2.0748934E-01;  3.2938081E-01; -1.4999881E-01;  9.9964734E+02;
  4.0583204E-02;  6.8556356E-01; -2.1001481E-02;102;1;383955;  4.7542145E-03; -3.2184917E-01; -1.0050528E-01;  9.9856683E+02;
  1.3591966E-01;  5.5536026E-01; -2.1001102E-02;102;1;383757;  5.4014790E-01; -2.8134370E-01; -5.2330397E-02;  1.0003722E+03;
  3.5887381E-01;  3.5403752E-01; -2.1005761E-02;103;1;370543;  6.1395645E-01;  3.9091364E-01; -1.8021777E-01;  9.9939331E+02;
  7.7336299E-01;  2.3134531E-01; -2.1000678E-02;103;1;435107;  2.2175816E-01; -4.1718438E-02; -2.6759736E-02;  9.9962512E+02;
  4.0964499E-02;  6.7539346E-01; -2.1002343E-02;103;1;389359; -7.3616904E-01;  2.3424758E-01; -1.4482331E-01;  9.9865930E+02;
  3.8114479E-01;  3.6500338E-01; -2.1000007E-02;103;1;376085;  3.4386227E-01;  7.5516611E-02; -7.3841281E-02;  9.9956769E+02;
  3.7372977E-01;  3.6589190E-01; -2.1001793E-02;103;1;375985;  1.3066046E-01;  3.9580267E-02; -1.3221967E-01;  9.9992371E+02;
  3.8108525E-01;  3.6728612E-01; -2.1001814E-02;103;1;370639;  1.7096657E-01; -7.7458434E-02; -1.0726235E-01;  1.0000302E+03;
  3.6952221E-01;  3.5965890E-01; -2.1000220E-02;104;1;381528; -6.4757094E-02;  7.7947634E-01; -1.2955357E-01;  1.0000292E+03;
  4.9755171E-02;  6.7457956E-01; -2.1002214E-02;104;1;400008; -3.3785228E-02; -8.5698217E-02; -1.0492253E-01;  9.9930493E+02;
  3.5901117E-01;  3.6464444E-01; -2.1000201E-02;104;1;376347;  6.2480450E-02;  6.6457516E-01; -4.7818244E-02;  9.9948206E+02;
  3.7764868E-01;  3.6779490E-01; -2.1000480E-02;105;1;376086;  7.0628770E-02; -1.3785881E-01; -6.2432777E-02;  1.0001006E+03;
  4.3185256E-02;  6.7554724E-01; -2.1001754E-02;105;1;399907;  2.2288057E-01; -4.1329151E-01; -1.0535818E-01;  9.9884631E+02;
  3.6300439E-01;  3.6584419E-01; -2.1002343E-02;105;1;392003;  5.0101146E-02;  7.8050607E-01; -6.8726979E-02;  9.9962354E+02;
  3.9139837E-01;  3.6636570E-01; -2.1000285E-02;105;1;386925;  1.4318648E-01;  2.8391352E-01; -4.5739554E-02;  9.9968420E+02;
  7.8998262E-01;  7.6369542E-01; -2.1001147E-02;105;1;430939;  9.7274989E-02;  1.8330364E-01; -4.9219687E-02;  9.9956738E+02;
  2.8845739E-01;  6.5950090E-01; -2.1000519E-02;105;1;377815;  2.7462849E-01;  7.8460205E-01; -3.3369202E-02;  9.9966174E+02;
  7.8906977E-01;  7.6227772E-01; -2.1001196E-02;105;1;414900;  5.5810090E-02;  1.2123924E-01; -5.8584455E-02;  9.9952893E+02;
  4.9737638E-01;  6.8407315E-01; -2.1001182E-02;105;1;388225;  1.5609102E-01; -4.0768614E-01; -5.6308925E-02;  9.9966119E+02;
  3.7409553E-01;  3.6179018E-01; -2.1001417E-02;106;1;386733;  3.3906987E-01;  1.9678754E-01; -6.5323457E-02;  9.9998645E+02;
  4.9990320E-01;  6.7851925E-01; -2.1000180E-02;106;1;404314;  3.3661827E-02; -3.6780357E-01; -3.3821933E-02;  9.9962433E+02;
  4.9101695E-02;  6.6577506E-01; -2.1004725E-02;106;1;420629; -2.2403893E-01; -6.0921311E-01; -1.8679862E-01;  9.9880261E+02;
  2.8945073E-01;  6.6411084E-01; -2.1002293E-02;106;1;377814;  4.0218180E-01;  6.1560792E-01; -9.2671126E-02;  9.9952899E+02;
  2.9981332E-02;  3.4958136E-01; -2.1004409E-02;106;1;385918;  1.0016569E+00; -1.1424985E-01; -2.7456340E-01;  9.9864050E+02;
  7.7944869E-01;  2.3909979E-01; -2.1000652E-02;107;1;419121;  3.6931521E-01;  2.8558701E-01; -2.4426568E-02;  9.9943597E+02;
  2.9175123E-02;  3.4798330E-01; -2.1007482E-02;107;1;396662;  6.9741791E-01; -3.8749194E-01; -2.9102111E-01;  9.9822064E+02;
  3.9999861E-02;  6.6226119E-01; -2.1003228E-02;107;1;394720;  5.3360063E-01; -4.3407214E-01; -1.5916660E-01;  9.9956995E+02;
  5.1501609E-02;  6.6167510E-01; -2.1004202E-02;107;1;405308;  4.7849017E-01; -2.5732976E-01; -1.4870737E-01;  9.9861847E+02;
  3.1721424E-02;  3.4925804E-01; -2.1002555E-02;107;1;370328;  1.0826949E+00; -3.5766271E-01; -2.5799057E-01;  9.9769452E+02;
  2.9236490E-01;  6.6891909E-01; -2.1002557E-02;107;1;372640;  5.1931393E-01;  5.2606553E-01; -8.4612563E-02;  9.9961139E+02;
  3.2029811E-02;  3.4676924E-01; -2.1001380E-02;107;1;397253; -9.7433299E-02;  3.3504486E-01; -1.3121210E-01;  9.9980432E+02;
  4.9253531E-02;  6.5833461E-01; -2.1005582E-02;107;1;410545; -1.9756067E-01;  2.3667319E-01; -2.1893653E-01;  9.9967719E+02;
  2.9535782E-01;  6.6776955E-01; -2.1001700E-02;107;1;372584;  2.3951267E-01;  6.9450045E-01; -5.4359794E-02;  9.9977393E+02;
  2.9277128E-01;  6.6629118E-01; -2.1001013E-02;107;1;377813;  8.1804559E-02;  6.7756444E-01; -6.4762942E-02;  9.9964258E+02;
  7.8560841E-01;  2.4121337E-01; -2.1000480E-02;108;1;429810;  2.1331480E-01;  3.1552359E-01; -1.6518872E-02;  9.9942456E+02;
  3.6092255E-01;  3.6674461E-01; -2.1001065E-02;108;1;370592;  3.1883189E-01;  2.9920984E-02; -6.7763768E-02;  9.9980212E+02;
  4.9387124E-01;  6.6680360E-01; -2.1000350E-02;108;1;377530;  1.9080073E-01; -4.7399431E-01; -1.3811585E-02;  9.9975629E+02;
  3.4554880E-02;  3.5364202E-01; -2.1001402E-02;108;1;401836; -3.0853102E-01;  7.6986499E-02; -5.4179605E-02;  9.9803967E+02;
  3.6744758E-01;  3.6378223E-01; -2.1001883E-02;108;1;375937;  1.4183667E-01; -4.0058613E-02; -1.1967807E-01;  9.9982233E+02;
  3.6394611E-01;  3.6463422E-01; -2.1000557E-02;109;1;381335; -1.4602050E-01; -7.8177685E-01; -3.0759411E-02;  9.9964081E+02;
  7.5643772E-01;  7.7085245E-01; -2.1000242E-02;109;1;420309; -3.2233864E-02; -4.7552757E-02; -4.3352187E-02;  9.9945874E+02;
  4.1889060E-01;  6.2670684E-01; -2.1000424E-02;111;1;378453;  8.8835609E-01; -2.9069055E-03; -1.8859908E-01;  9.9978168E+02;
  4.1947150E-01;  6.2674218E-01; -2.1002669E-02;111;1;383690;  9.0326834E-01;  2.2447307E-03; -1.9717875E-01;  9.9972168E+02;
  7.9874593E-01;  7.6199299E-01; -2.1000078E-02;113;1;446990;  1.6138181E-01;  2.3475921E-01; -2.5676455E-02;  9.9941638E+02;
  1.9102518E-01;  5.3731108E-01; -2.1001391E-02;113;1;380836;  7.0644665E-01; -5.8826804E-02; -5.8674533E-02;  9.9938275E+02;
  1.8274748E-01;  5.4914820E-01; -2.1000002E-02;114;1;375697;  7.8937066E-01;  1.9626030E-01; -2.9103648E-02;  9.9907135E+02;
  5.9222889E-01;  6.8035448E-01; -2.1000678E-02;114;1;393632;  1.6960640E-01; -1.6735809E-01; -3.1303711E-02;  9.9976440E+02;
  1.9263148E-01;  5.6046891E-01; -2.1002324E-02;114;1;372759;  4.5138264E-01;  1.7192912E-01; -1.7449702E-01;  9.9699280E+02;
  2.9609758E-01;  6.6860092E-01; -2.1000402E-02;115;1;377930;  1.5779984E-01; -6.5405792E-01; -9.9236123E-02;  9.9799518E+02;
  1.9749445E-01;  5.2991462E-01; -2.1001434E-02;115;1;370402;  5.5600750E-01; -9.0404123E-02; -2.0742594E-01;  9.9929828E+02;
  7.7395886E-01;  7.6992089E-01; -2.1000162E-02;115;1;441697;  2.6329488E-01;  1.1034308E-02; -1.5509740E-02;  9.9945721E+02;
  7.6535046E-01;  7.7352750E-01; -2.1000937E-02;115;1;425654;  3.8716775E-01;  5.0142992E-02; -4.5162506E-02;  9.9939355E+02;
  2.0277549E-01;  5.4024094E-01; -2.1000044E-02;116;1;378152; -2.2576907E-01; -5.4297846E-02; -1.2161571E-01;  9.9739545E+02;
  2.1755561E-01;  4.8475185E-01; -2.1003153E-02;116;1;370893;  8.1372154E-01;  4.9042696E-01; -3.6361387E-01;  9.9825244E+02;
  2.2067928E-01;  4.8714110E-01; -2.1000756E-02;116;1;381493;  9.0045744E-01; -3.1600085E-01; -4.3455240E-01;  9.9790063E+02;
  3.0049405E-01;  6.6693962E-01; -2.1002373E-02;116;1;370689;  4.7941697E-01; -6.2658161E-02; -1.2423719E-01;  9.9525342E+02;
  2.2008860E-01;  4.9004534E-01; -2.1007026E-02;116;1;381492;  9.1472113E-01;  6.1706483E-01; -3.1281099E-01;  9.9847705E+02;
  2.0472802E-01;  5.2969736E-01; -2.1005364E-02;116;1;394495; -3.4911999E-01; -4.3507393E-02; -2.4086837E-01;  9.9616345E+02;
  2.1714331E-01;  4.7967440E-01; -2.1002278E-02;116;1;381546;  2.0261308E-02;  6.5657109E-01; -2.7949259E-01;  9.9855328E+02;
  2.1871674E-01;  4.9414027E-01; -2.1009466E-02;116;1;370841;  2.3645163E+00;  4.9840859E-01; -3.6893553E-01;  9.9590271E+02;
  2.1671309E-01;  4.8801431E-01; -2.1002825E-02;116;1;376203;  1.8547562E+00;  9.5190370E-01; -4.2751443E-01;  9.9568732E+02;
  5.1804429E-01;  6.3272375E-01; -2.1000793E-02;116;1;404370;  2.6418024E-01; -1.8308641E-01; -1.2315214E-01;  9.9974811E+02;
  5.0990355E-01;  6.4136398E-01; -2.1000415E-02;117;1;393953;  5.7387817E-01; -4.9682376E-01; -9.3187913E-02;  9.9887006E+02;
  8.0924904E-01;  7.6349044E-01; -2.1000316E-02;117;1;452383;  4.6617043E-01; -1.5065551E-01; -4.7430139E-02;  9.9954553E+02;
  2.1903868E-01;  4.8730281E-01; -2.1005681E-02;117;1;376204;  1.7661577E+00; -8.1010205E-01; -3.9509127E-01;  9.9578748E+02;
  2.3070772E-01;  4.8603591E-01; -2.1007814E-02;117;1;372724;  5.2542605E-02;  1.2901764E+00; -3.4539074E-01;  9.9858533E+02;
  2.0539249E-01;  5.5140799E-01; -2.1000875E-02;117;1;378196;  1.3170333E+00; -2.8760749E-01; -8.3609328E-02;  9.9665814E+02;
  5.2680564E-01;  6.3117868E-01; -2.1000793E-02;118;1;457887;  5.7935423E-01;  6.7230716E-02; -5.4872923E-02;  9.9932867E+02;
  2.1286198E-01;  5.4769599E-01; -2.1002566E-02;118;1;372738;  1.0359635E+00; -5.7753521E-01; -1.2676880E-01;  9.9964148E+02;
  2.1511124E-01;  5.4393101E-01; -2.1003669E-02;118;1;367031;  1.2388903E+00; -1.0638008E+00; -1.4759693E-01;  9.9722125E+02;
  2.3522265E-01;  5.1230890E-01; -2.1002330E-02;119;1;370467;  4.4904101E-01;  1.2245443E+00; -2.7009115E-01;  9.9609137E+02;
  2.3944442E-01;  5.1945066E-01; -2.1001538E-02;119;1;378517;  5.9722161E-01;  1.1937864E+00; -7.5829595E-02;  9.9557959E+02;
  6.0096890E-01;  6.6680962E-01; -2.1001374E-02;120;1;404324;  1.6001347E-01; -2.3752806E-01; -5.8276217E-02;  9.9985730E+02;
  6.0114384E-01;  6.6560388E-01; -2.1001870E-02;120;1;409781;  2.1325174E-01; -2.3688656E-01; -6.1515875E-02;  9.9983185E+02;
  6.0138667E-01;  6.6545564E-01; -2.1000460E-02;120;1;404325;  1.9116701E-01; -2.9042342E-01; -6.5014176E-02;  9.9985077E+02;
  6.0190582E-01;  6.6520441E-01; -2.1000845E-02;120;1;409782;  1.7978002E-01; -3.2373777E-01; -6.6341273E-02;  9.9989673E+02;
  6.7845896E-02;  6.4371234E-01; -2.1000128E-02;120;1;421236;  4.3105748E-02; -4.6551853E-01; -2.6543802E-01;  9.9871234E+02;
  7.0392042E-02;  6.3984001E-01; -2.1009659E-02;120;1;388633; -4.8363933E-01; -6.3962030E-01; -3.7416795E-01;  9.9855298E+02;
  7.1030080E-02;  6.2628686E-01; -2.1007787E-02;120;1;404988; -6.6630262E-01;  6.3197333E-01; -3.8556907E-01;  9.9970502E+02;
  7.3542163E-02;  6.3042557E-01; -2.1005524E-02;120;1;388628; -6.1011302E-01;  3.3036172E-01; -3.6388442E-01;  9.9968750E+02;
  7.1088426E-02;  6.4140606E-01; -2.1005450E-02;121;1;421232; -2.0033561E-01; -6.8714911E-01; -3.8337958E-01;  9.9563672E+02;
  6.7797139E-02;  6.2483937E-01; -2.1002907E-02;121;1;420800; -5.6250221E-01;  7.7984971E-01; -3.8624117E-01;  9.9649158E+02;
  6.7592569E-02;  1.0210016E+00;  1.1937931E-01;121;1;405844;  5.9120864E-02;  1.0200194E-01;  4.6524704E-02;  9.9917346E+02;
  7.1107030E-02;  1.0210022E+00;  1.2050862E-01;121;1;394821; -3.2069262E-02;  1.1709263E-01;  2.0676680E-01;  9.9903131E+02;
  6.9883034E-02;  1.0210012E+00;  1.1881339E-01;121;1;389700; -1.2948936E-01;  5.2456874E-02; -5.9378408E-02;  9.9908655E+02;
  7.1238458E-02;  1.0210019E+00;  1.2402394E-01;121;1;411188;  1.5884990E-01;  7.5987361E-02;  1.7307391E-02;  9.9888306E+02;
  7.1652897E-02;  6.2812614E-01; -2.1002879E-02;121;1;426519; -1.5925016E+00;  3.4373602E-01; -3.1145453E-01;  9.9749896E+02;
  7.2412170E-02;  1.0210010E+00;  1.2511839E-01;121;1;416701; -1.1327918E+00;  1.6570321E-01; -8.6083874E-02;  9.9492529E+02;
  6.0148448E-01;  6.5847814E-01; -2.1003902E-02;121;1;473874;  2.4746843E-01; -2.0399225E-01; -1.5532623E-01;  9.9967462E+02;
  6.9569722E-02;  1.0210017E+00;  1.2688023E-01;122;1;384285;  6.5024160E-02;  8.8946886E-02;  1.7539002E-01;  9.9993677E+02;
  6.5690935E-02;  6.4091539E-01; -2.1000007E-02;122;1;426580; -1.6086215E-01; -4.8500976E-01; -2.0642957E-01;  9.9904071E+02;
  2.6663896E-01;  5.4762620E-01; -2.1003714E-02;122;1;383501;  1.0920027E+00;  4.0171072E-01; -1.7448075E-01;  9.9791827E+02;
  2.6685303E-01;  5.4736722E-01; -2.1002645E-02;122;1;372704;  1.0389311E+00;  4.8618871E-01; -1.8728089E-01;  9.9778680E+02;
  4.7041154E-01;  3.2174376E-01; -2.1001728E-02;123;1;434944;  6.5722632E-01; -6.3509500E-01; -9.8349899E-02;  9.9914929E+02;
  4.7435069E-01;  3.2318467E-01; -2.1003256E-02;123;1;419278;  6.2329736E-02; -7.6235992E-01; -1.9592519E-01;  9.9849591E+02;
  7.8039572E-02;  3.8869017E-01; -2.1000525E-02;123;1;376021; -1.1197196E-01; -8.6382955E-02; -7.0513330E-02;  9.9869019E+02;
  4.7387564E-01;  3.1884566E-01; -2.1000361E-02;123;1;403131;  8.5271496E-01; -7.1598369E-01; -3.5634857E-02;  9.9878510E+02;
  7.0083380E-01;  2.3088767E-01; -2.1001581E-02;123;1;419067;  1.6597125E-01;  1.5375447E-01; -8.5498512E-02;  9.9957996E+02;
  3.4135637E-01;  3.5340786E-01; -2.1005739E-02;123;1;397890;  7.7865696E-01;  1.8787663E-01; -1.7620414E-01;  9.9837604E+02;
  3.3834222E-01;  3.5179630E-01; -2.1002347E-02;123;1;380882;  1.5065640E+00; -9.1923401E-02; -2.2841758E-01;  9.9835303E+02;
  3.3824047E-01;  3.5173744E-01; -2.1006504E-02;123;1;375429;  1.5595692E+00; -8.1460394E-02; -2.3532122E-01;  9.9802362E+02;
  3.4010252E-01;  3.5331398E-01; -2.1005653E-02;123;1;381177;  1.4863033E+00; -8.5280620E-02; -1.9259618E-01;  9.9792938E+02;
  3.4473705E-01;  3.5217887E-01; -2.1002224E-02;123;1;413825;  6.2835133E-01;  1.9193408E-01; -9.0785883E-02;  9.9580585E+02;
  6.9935995E-01;  2.3177119E-01; -2.1003481E-02;124;1;451089;  1.9747604E-01;  3.2993969E-02; -1.3289165E-01;  9.9946301E+02;
  6.1407453E-01;  3.3445993E-01; -2.1008192E-02;124;1;370839;  9.4660717E-01; -6.6614699E-01; -5.9601146E-01;  9.9821198E+02;
  7.0146948E-01;  2.3134518E-01; -2.1002671E-02;124;1;413712;  1.3518636E-01;  2.9862905E-02; -1.0315001E-01;  9.9920673E+02;
  8.0256397E-01;  2.3041725E-01; -2.1003079E-02;124;1;377875;  5.2562341E-02;  4.3411022E-01; -1.1930790E-01;  9.9946600E+02;
  7.7180006E-02;  1.0210030E+00;  1.3563608E-01;125;1;416633; -1.3680071E-01;  1.3794076E-01;  4.2629862E-01;  9.9852448E+02;
  6.1395943E-01;  3.4025809E-01; -2.1001928E-02;125;1;402967; -9.2282146E-01;  4.6352592E-01; -1.1198623E-01;  9.9995648E+02;
  6.9917554E-01;  2.3279904E-01; -2.1000152E-02;125;1;509889; -3.7014794E-02; -3.5011247E-01; -1.0749459E-01;  9.9942920E+02;
  5.1462275E-01;  3.1495336E-01; -2.1008579E-02;125;1;418958;  2.1447468E+00; -6.7107391E-01; -6.9049788E-01;  1.0005131E+03;
  6.1390823E-01;  3.4387097E-01; -2.1000193E-02;125;1;392336; -1.3194839E+00;  7.5759912E-01; -8.6262956E-02;  9.9874878E+02;
  5.8650213E-01;  6.0448164E-01; -2.1010254E-02;125;1;388116; -1.1876800E+00;  1.2454423E+00; -3.0545092E-01;  9.9954388E+02;
  6.0704994E-01;  3.4584451E-01; -2.1000065E-02;125;1;376342; -1.1250490E+00;  6.2106645E-01; -2.8769153E-03;  1.0000887E+03;
  6.0691470E-01;  3.4204292E-01; -2.1002496E-02;125;1;483057; -5.7003462E-01;  7.1224725E-01; -1.1361958E-01;  1.0011032E+03;
  6.0983967E-02;  8.8276017E-01; -2.1006109E-02;125;1;400058;  4.0880352E-01; -2.5642458E-01; -3.0340809E-01;  9.9879932E+02;
  6.0774279E-01;  3.4223980E-01; -2.1002868E-02;125;1;467121; -5.5683476E-01;  6.3282901E-01; -1.9244070E-01;  9.9993921E+02;
  5.9290296E-01;  6.1830097E-01; -2.1005876E-02;125;1;447091; -2.5212687E-01;  5.8936024E-01; -1.9148234E-01;  1.0001427E+03;
  6.1412372E-02;  8.8264132E-01; -2.1009643E-02;125;1;394773;  2.8150281E-01; -4.1097519E-01; -3.0682960E-01;  9.9862921E+02;
  6.2776819E-02;  8.8238037E-01; -2.1007339E-02;125;1;399470;  2.8570434E-01; -5.2922386E-01; -3.0078298E-01;  9.9854144E+02;
  7.8592427E-02;  6.4674836E-01; -2.1000147E-02;126;1;377829;  5.4744339E-01;  2.6800293E-01; -1.4650029E-01;  9.9854810E+02;
  7.5772040E-02;  6.4690155E-01; -2.1001102E-02;126;1;372485;  2.7642834E-01;  4.8536512E-01; -1.0667956E-01;  9.9908569E+02;
  7.5938568E-02;  6.4286363E-01; -2.1002270E-02;126;1;367146;  2.4825704E-01;  4.1577217E-01; -1.0261525E-01;  9.9918774E+02;
  5.0941700E-01;  3.0161411E-01; -2.1000676E-02;126;1;434945;  1.3046646E+00; -2.1470866E-01; -3.1767231E-01;  9.9937842E+02;
  5.2380961E-01;  3.0564442E-01; -2.1004140E-02;126;1;370943;  1.1780360E-01;  4.2272504E-02; -2.2229935E-01;  9.9998505E+02;
  5.2499926E-01;  3.0617800E-01; -2.1004364E-02;126;1;386878;  2.2696570E-01;  1.5915844E-01; -1.9095637E-01;  1.0000987E+03;
  7.8455001E-02;  3.8957503E-01; -2.1002967E-02;126;1;397369; -3.2974613E-01; -6.9526702E-01; -1.8053398E-01;  9.9849432E+02;
  6.7948747E-01;  7.9219317E-01; -2.1001190E-02;127;1;415016;  2.8281116E-01; -2.7431887E-01; -6.9579013E-02;  9.9920178E+02;
  5.2607256E-01;  3.0798185E-01; -2.1001844E-02;127;1;386770;  3.3839038E-01;  1.6543102E-01; -5.3918794E-02;  9.9879132E+02;
  7.6792203E-02;  3.9062902E-01; -2.1001238E-02;127;1;391431; -7.8526974E-02; -3.4115276E-01; -1.0126198E-01;  9.9868951E+02;
  2.9953527E-01;  6.6955578E-01; -2.1007018E-02;127;1;394717;  5.2383661E-01; -1.3780719E-01; -2.5301498E-01;  9.9850482E+02;
  5.8250028E-01;  6.2664402E-01; -2.1003446E-02;127;1;457829; -4.2451704E-01; -7.9295892E-01; -2.2220512E-01;  9.9925293E+02;
  2.9890653E-01;  6.6465724E-01; -2.1001654E-02;127;1;377921;  2.0402879E-01;  5.3342694E-01; -1.1631415E-01;  9.9784747E+02;
  5.2489376E-01;  3.1051779E-01; -2.1001494E-02;127;1;456438;  3.4277043E-01; -8.3547337E-03; -8.9552253E-02;  9.9983490E+02;
  2.9953644E-01;  6.6500014E-01; -2.1002417E-02;127;1;383279;  4.1072235E-01;  4.4813216E-01; -1.2957199E-01;  9.9912585E+02;
  4.0643517E-02;  3.6360464E-01; -2.1002403E-02;127;1;402394; -2.1521954E-01; -2.6909065E-01; -7.1694061E-02;  9.9894641E+02;
  6.8321520E-01;  7.9241621E-01; -2.1001307E-02;128;1;463182;  2.6438251E-01;  6.6066667E-02; -5.9196230E-02;  9.9911200E+02;
  6.8223059E-01;  7.9317600E-01; -2.1001050E-02;128;1;505951;  4.6156621E-01; -7.4699223E-02; -5.6741361E-02;  9.9897058E+02;
  5.1692539E-01;  2.9659557E-01; -2.1000259E-02;128;1;456379;  9.0671486E-01;  4.8756432E-02; -3.5750099E-02;  9.9952417E+02;
  4.0435743E-02;  3.6191997E-01; -2.1000799E-02;128;1;407465; -1.6519076E-01; -2.0094514E-01; -7.1704060E-02;  9.9869806E+02;
 -2.1000603E-02;  5.7602841E-01;  4.5391280E-02;128;1;420918; -2.5082994E-01;  8.2292676E-01; -3.0307150E-01;  9.9886157E+02;
 -2.1005599E-02;  5.7435584E-01;  4.1395061E-02;128;1;372688; -2.0363227E-01;  2.5328824E-01;  3.7108758E-01;  9.9911981E+02;
 -2.1004021E-02;  5.7746583E-01;  4.1702695E-02;129;1;410500; -2.1205229E-01; -7.1106754E-02;  3.3277759E-01;  9.9890527E+02;
  8.0017716E-02;  3.8773772E-01; -2.1001199E-02;129;1;365578;  2.7322510E-02; -1.4016645E-01; -7.0649870E-02;  9.9869684E+02;
  7.6926149E-02;  3.8790649E-01; -2.1001603E-02;129;1;418256; -1.4970684E-01; -3.7153903E-02; -4.9544863E-02;  9.9851276E+02;
 -2.1000519E-02;  5.7347983E-01;  4.5236465E-02;129;1;420916; -1.9837241E-01;  4.0958411E-01; -6.9787189E-02;  9.9879041E+02;
  6.9792193E-01;  2.3504399E-01; -2.1000488E-02;130;1;424510;  2.7149987E-01;  1.1541004E-02; -5.6188591E-02;  9.9918945E+02;
  7.5202443E-02;  3.8888451E-01; -2.1002747E-02;131;1;392239;  1.5280013E-01; -4.8330781E-01; -1.5984623E-01;  9.9870770E+02;
 -2.1000070E-02;  5.7766545E-01;  4.1570444E-02;131;1;398498; -8.6003408E-02; -7.6240577E-02;  1.0313395E-01;  9.9903632E+02;
  5.5522311E-01;  5.9038806E-01; -2.1002691E-02;131;1;381596; -3.2472384E-01; -1.6145877E+00; -1.2039105E-01;  9.9964014E+02;
  7.0498085E-01;  2.3382594E-01; -2.1001218E-02;132;1;493799;  5.7344639E-01; -7.3280215E-02; -5.5900373E-02;  9.9895032E+02;
  5.8993292E-01;  3.1842980E-01; -2.1000084E-02;132;1;483216; -5.2903849E-01; -5.3583020E-01; -2.2538376E-01;  9.9981927E+02;
  7.0460916E-01;  2.4096051E-01; -2.1000966E-02;132;1;499255;  1.5305258E-01;  1.8477194E-01; -9.4300896E-02;  9.9906030E+02;
  1.0813343E-01; -2.1004934E-02;  6.7860998E-02;132;1;423010;  2.2216776E-01; -2.3691148E-01; -1.2986181E+00;  9.9827423E+02;
  6.7634815E-01;  7.9631662E-01; -2.1000704E-02;132;1;479218; -3.1328624E-01; -3.6230426E-02; -3.7538059E-02;  9.9920953E+02;
  5.8056915E-01;  3.1317413E-01; -2.1003690E-02;132;1;483103; -2.2930259E-01; -5.4798716E-01; -3.0917263E-01;  9.9973260E+02;
  5.7968187E-01;  3.0915314E-01; -2.1001801E-02;132;1;408377; -5.4249877E-01;  8.7675828E-01; -1.0266189E-01;  9.9782428E+02;
  5.6668341E-01;  3.0855513E-01; -2.1003451E-02;132;1;421116;  8.9203697E-01;  2.3135152E-01; -1.7974058E-01;  9.9971295E+02;
  6.7456287E-01;  7.9696631E-01; -2.1000495E-02;132;1;500601; -1.9105715E-01;  2.4818953E-02; -5.2800931E-02;  9.9896558E+02;
  1.1250442E-01; -2.1002276E-02;  7.1075737E-02;133;1;380337; -2.9587370E-01; -1.7918541E-01; -4.5165533E-01;  9.9867493E+02;
  5.6465846E-01;  3.0467165E-01; -2.1002913E-02;133;1;451025;  1.0499974E+00;  7.3492393E-02; -1.6085908E-01;  9.9952924E+02;
  1.1238953E-01; -2.1000780E-02;  6.9307558E-02;133;1;422856; -2.2071368E-01; -1.2582317E-01; -4.3320918E-01;  9.9909607E+02;
  2.9589388E-01;  6.6746783E-01; -2.1004675E-02;133;1;405130; -6.7551404E-01; -6.0667342E-01; -2.3560700E-01;  9.9875616E+02;
  6.7528552E-01;  7.9192650E-01; -2.1000572E-02;133;1;500549; -1.6143183E-01;  1.4437537E-01; -6.2238306E-02;  9.9900818E+02;
  8.6233020E-02;  6.3806027E-01; -2.1000862E-02;133;1;414695; -8.2605898E-01;  1.6471666E-01; -7.4131399E-02;  9.9822131E+02;
  4.4623604E-01;  5.0088733E-01; -2.1003647E-02;134;1;384129;  1.4786726E+00;  3.0042261E-01; -2.8260323E-01;  9.9872778E+02;
  1.1526826E-01; -2.1000018E-02;  6.6964194E-02;134;1;444241;  1.5968031E-01; -2.8830776E-03; -8.0828473E-02;  9.9893304E+02;
  5.4819483E-01;  5.5819345E-01; -2.1001682E-02;134;1;376254; -4.4696447E-01; -8.3920950E-01; -1.7862971E-01;  9.9943115E+02;
  8.5685559E-02;  6.3790089E-01; -2.1000253E-02;134;1;421223;  1.6433850E-01;  2.2408312E-02; -4.1082986E-02;  9.9856738E+02;
  5.5150378E-01;  5.5444711E-01; -2.1000041E-02;134;1;376249; -9.1741510E-02; -7.6160890E-01; -1.4244284E-01;  9.9944226E+02;
  8.8395469E-02;  6.4240122E-01; -2.1003062E-02;134;1;432029;  9.3758501E-02;  4.6991551E-01; -1.5148690E-01;  9.9863391E+02;
  1.1732969E-01;  9.2557490E-01; -2.1004084E-02;134;1;416318;  2.3625836E-01; -3.9745113E-01; -1.4295518E-01;  9.9823279E+02;
  6.0410675E-02;  3.8377017E-01; -2.1000003E-02;135;1;391250; -6.1892414E-01;  3.8585851E-01; -1.1044313E-01;  9.9865570E+02;
  5.5401188E-01;  5.6583309E-01; -2.1008033E-02;135;1;500709; -3.4794059E-02; -2.5693449E-01; -3.7337449E-01;  1.0003081E+03;
  8.9895114E-02;  6.4497602E-01; -2.1001564E-02;135;1;377347; -2.3451842E-01;  3.6963224E-01; -2.3117077E-01;  9.9877124E+02;
 -2.1002231E-02;  5.5933976E-01;  3.0529428E-02;135;1;393216; -8.0598697E-02; -5.5577457E-01; -6.4245784E-01;  9.9881769E+02;
  8.0973357E-02;  6.4456111E-01; -2.1000458E-02;135;1;387922; -1.0154883E-01;  3.7028414E-01; -1.5451752E-01;  9.9789459E+02;
  2.8095454E-01;  5.3682488E-01; -2.1000791E-02;135;1;373211; -1.0464826E+00;  9.1912293E-01; -2.6094908E-01;  9.9814886E+02;
  5.5470854E-01;  5.6902021E-01; -2.1002073E-02;135;1;381385;  1.7830487E+00;  2.0549701E-01; -7.7087179E-02;  1.0008190E+03;
  2.7652654E-01;  5.4249173E-01; -2.1003511E-02;135;1;376035;  4.6776125E-01;  5.9850460E-01; -1.6492867E-01;  9.9674298E+02;
  4.9154755E-01;  4.7952652E-01; -2.1000713E-02;135;1;386658;  5.6245381E-01; -3.0413124E-01; -9.4587602E-02;  9.9894629E+02;
  4.9398017E-01;  4.7052622E-01; -2.1003116E-02;136;1;383338;  9.3840189E-02;  5.5137360E-01; -1.9562709E-01;  9.9855157E+02;
 -2.1004371E-02;  5.4386896E-01;  2.6669824E-02;136;1;365087; -3.0844513E-01;  6.8586856E-01;  5.0209922E-01;  9.9839008E+02;
 -2.1006467E-02;  5.5566394E-01;  3.4500718E-02;136;1;371897; -2.3972140E-01; -8.9906365E-01; -9.8740861E-02;  9.9857281E+02;
  4.9407247E-01;  4.7870827E-01; -2.1001272E-02;136;1;392057;  4.0756145E-01; -2.1714890E-01; -7.6302446E-02;  9.9949524E+02;
  5.5819404E-01;  5.6359386E-01; -2.1000938E-02;136;1;373118;  6.9321740E-01;  5.0674605E-01; -7.5488165E-02;  9.9966919E+02;
  5.6327617E-01;  5.7807285E-01; -2.1003027E-02;136;1;489966;  8.1905231E-02; -1.5735333E-01; -1.4378470E-01;  1.0016533E+03;
  4.9484122E-01;  4.7744429E-01; -2.1000810E-02;136;1;397684;  3.5892245E-01; -1.4426868E-01; -6.3677780E-02;  9.9830273E+02;
  4.9561596E-01;  4.7607404E-01; -2.1000678E-02;136;1;397246;  3.2853842E-02;  3.8174711E-02; -8.4220126E-02;  9.9779724E+02;
  5.2669185E-01;  3.2082316E-01; -2.1002002E-02;137;1;381633; -1.9803485E-01; -3.4821898E-01; -1.6471146E-01;  9.9909137E+02;
  5.2769613E-01;  3.0153823E-01; -2.1000493E-02;137;1;386783;  5.3530097E-01;  4.9400681E-01; -1.0106362E-01;  9.9953503E+02;
  5.2322763E-01;  3.0499858E-01; -2.1001568E-02;137;1;402593;  7.2162402E-01;  7.8486133E-01; -1.6631314E-01;  9.9825543E+02;
  1.1948501E-01; -2.1001708E-02;  6.8633690E-02;137;1;428365;  4.9501166E-01; -7.9897560E-02;  2.2709064E-01;  9.9889905E+02;
  5.2658504E-01;  3.0580613E-01; -2.1004405E-02;137;1;376095;  6.6849184E-01;  6.4573765E-01; -2.1198733E-01;  9.9853931E+02;
  6.5382548E-02;  3.9496937E-01; -2.1001816E-02;138;1;423554;  1.1790462E+00; -1.7332374E-01; -1.0530425E-01;  9.9808661E+02;
  5.7313460E-01;  6.5778714E-01; -2.1002462E-02;138;1;376205; -5.5355316E-01; -2.2145076E-02; -1.3998930E-01;  9.9834186E+02;
  5.6844020E-01;  6.6460544E-01; -2.1000005E-02;138;1;388279; -1.1497178E-01;  1.9954845E-01; -1.2033013E-01;  1.0005243E+03;
  4.8692822E-01;  5.2036673E-01; -2.1002769E-02;139;1;419839;  6.7739862E-01;  8.6729455E-01; -1.4913473E-01;  9.9910773E+02;
  1.2367085E-01; -2.1003686E-02;  7.4592248E-02;139;1;444395;  2.3964092E-02; -1.4384677E-01;  1.6277260E-01;  9.9885071E+02;
  4.8808578E-01;  5.2696925E-01; -2.1003030E-02;139;1;372200;  2.2127431E-02; -2.4343652E-01; -1.8895769E-01;  9.9786108E+02;
  5.3417230E-01;  3.1683585E-01; -2.1001650E-02;139;1;435369;  3.0139840E-01; -5.1801658E-01; -1.0493360E-01;  9.9696887E+02;
  5.6805074E-01;  6.6424680E-01; -2.1002015E-02;139;1;370753; -7.7472866E-01;  2.5925094E-01; -9.7983330E-02;  9.9693866E+02;
  1.2492535E-01; -2.1000825E-02;  6.9268413E-02;139;1;433480;  2.9876854E-02; -1.6463572E-01;  1.9248150E-01;  9.9904980E+02;
  1.3165234E-01;  9.2825902E-01; -2.1002762E-02;139;1;421670;  2.1360180E-01; -4.2890674E-01; -1.1173151E-01;  9.9826440E+02;
  1.3075365E-01;  1.0210061E+00;  6.3998453E-02;140;1;432293;  7.5682098E-01;  3.1339073E-01; -8.4672600E-01;  9.9898712E+02;
  1.2933989E-01;  1.0210043E+00;  6.2489018E-02;140;1;389914;  4.8412642E-01;  2.6765415E-01; -7.8314108E-01;  9.9902411E+02;
  5.3272367E-01;  3.2135850E-01; -2.1002263E-02;140;1;467131;  3.3969309E-02;  4.2323217E-01; -1.3210580E-01;  9.9795471E+02;
  5.6715673E-01;  6.6409087E-01; -2.1000983E-02;140;1;431162; -1.0551505E-03; -3.8222861E-01; -3.1603530E-02;  9.9954108E+02;
  1.3060310E-01;  1.0210012E+00;  6.0200993E-02;140;1;416483;  5.0503784E-01;  2.8209564E-01; -9.4799322E-01;  9.9849066E+02;
  7.3490977E-02;  3.8586241E-01; -2.1002542E-02;141;1;466166;  3.1799150E-01;  3.7660301E-01; -1.0598827E-01;  9.9813812E+02;
  5.8353418E-01;  4.2582211E-01; -2.1002961E-02;141;1;372800;  8.4285259E-02;  4.6320805E-01; -1.2406517E-01;  9.9848932E+02;
  1.3533542E-01;  1.0210034E+00;  6.0074776E-02;141;1;432469; -7.4621581E-02;  2.1858406E-01; -2.1951832E-01;  9.9776862E+02;
  5.8305424E-01;  4.1617256E-01; -2.1003842E-02;141;1;372408;  3.2247266E-01;  2.4010557E-01; -1.9974688E-01;  9.9865375E+02;
  1.3435388E-01;  1.0210018E+00;  6.0076397E-02;141;1;437757; -8.5062981E-02;  1.1620384E-01; -8.3167970E-02;  1.0014319E+03;
  6.9057681E-02;  3.8440186E-01; -2.1000719E-02;141;1;387387;  7.9219049E-01; -9.1273576E-01; -2.5470248E-01;  9.9683514E+02;
  1.7535500E-01;  6.3652080E-01; -2.1001311E-02;141;1;409084; -2.5574616E-01;  7.0826811E-01; -1.1055893E-01;  9.9774738E+02;
  1.3253836E-01;  9.2766899E-01; -2.1000683E-02;142;1;442939;  5.4074597E-02;  3.8294819E-01; -7.2754629E-02;  9.9868903E+02;
  1.7592019E-01;  6.4079654E-01; -2.1000134E-02;142;1;370092; -2.5868100E-01;  3.2187033E-01; -1.0295099E-02;  9.9851819E+02;
 -2.1000240E-02;  5.5159289E-01;  2.8848607E-02;142;1;398609; -5.1013712E-02;  7.5211751E-01; -1.9003241E-01;  9.9880493E+02;
  5.4199755E-01;  3.0623800E-01; -2.1000234E-02;142;1;440445; -6.5253043E-01; -7.1460053E-02; -1.0153083E-01;  9.9899506E+02;
  5.4171568E-01;  3.0576524E-01; -2.1001393E-02;142;1;477708; -6.5231705E-01; -5.5194989E-02; -1.0278556E-01;  9.9905823E+02;
  1.3243885E-01;  9.2945999E-01; -2.1000650E-02;142;1;427007;  7.4639007E-02;  6.3451475E-01; -9.1296241E-02;  9.9856830E+02;
  5.0752479E-01;  5.1420671E-01; -2.1001521E-02;142;1;375765;  3.6824992E-01; -3.0557042E-01; -1.6190346E-01;  9.9883063E+02;
  1.7552306E-01;  6.3170314E-01; -2.1000251E-02;142;1;372056; -1.4698295E-01;  1.9248022E-01; -4.8824105E-02;  9.9818390E+02;
  5.0824285E-01;  5.1592064E-01; -2.1005595E-02;143;1;393010;  6.6268899E-02; -1.9269060E-01; -1.8112779E-01;  9.9864825E+02;
  1.3280337E-01;  9.3349546E-01; -2.1001935E-02;143;1;448284;  3.1758821E-01;  4.9378932E-01; -9.6540719E-02;  9.9860468E+02;
  7.1205512E-02;  3.7506774E-01; -2.1000544E-02;143;1;365811; -5.0083405E-01; -6.0662049E-01; -4.8561182E-02;  9.9844379E+02;
  7.3344216E-02;  3.7212747E-01; -2.1002501E-02;143;1;371125; -1.5345295E-01; -6.1036927E-01; -7.8059271E-02;  9.9875299E+02;
  5.0504810E-01;  5.0588888E-01; -2.1009194E-02;143;1;494619; -1.5644964E-02;  5.1599276E-01; -3.2361716E-01;  9.9831079E+02;
  4.9822989E-01;  5.1336884E-01; -2.1006446E-02;143;1;457189;  2.8066421E-01; -8.9768845E-01; -2.3338254E-01;  9.9675568E+02;
  5.0327015E-01;  5.0345236E-01; -2.1003451E-02;144;1;446444; -8.8614249E-01; -7.1345434E-02; -2.2130945E-01;  9.9867731E+02;
  6.3522112E-01;  6.4141291E-01; -2.1002436E-02;144;1;399027; -3.0858707E-01; -5.2028697E-02; -1.0195588E-01;  9.9892328E+02;
  5.7299179E-01;  6.4748198E-01; -2.1005027E-02;144;1;511299; -1.5791193E-01; -6.9745427E-01; -2.1240170E-01;  9.9862341E+02;
  4.9958658E-01;  5.1028502E-01; -2.1003846E-02;144;1;473072;  4.4305551E-01; -7.3501028E-02; -1.1933386E-01;  9.9838348E+02;
  5.8877105E-01;  6.2801182E-01; -2.1007696E-02;145;1;420734;  5.8307275E-02;  1.4987683E+00; -2.6629689E-01;  9.9867126E+02;
  5.8394742E-01;  6.3894522E-01; -2.1005480E-02;145;1;402386; -1.7792009E-01; -5.0858843E-01; -2.3085092E-01;  9.9652740E+02;
  1.8250492E-01;  6.3846529E-01; -2.1003637E-02;145;1;398454;  7.8942060E-02; -7.7210534E-01; -2.0469245E-01;  9.9851239E+02;
  9.6461743E-02;  6.4276427E-01; -2.1002451E-02;145;1;377343; -5.5208766E-01; -1.2698595E-01; -1.5270284E-01;  9.9837848E+02;
  6.7096777E-02;  3.7362939E-01; -2.1001965E-02;145;1;371250; -3.1924110E-02; -7.5527751E-01; -1.7649065E-01;  9.9886719E+02;
  1.8306156E-01;  6.3736433E-01; -2.1004852E-02;145;1;419947; -1.8763126E-01;  2.1613844E-02; -1.3573496E-01;  9.9809912E+02;
  1.7199686E-01;  6.2175536E-01; -2.1001348E-02;145;1;398716;  9.3590721E-02;  8.9236885E-02; -4.2510513E-02;  9.9833398E+02;
  9.4723366E-02;  6.4309400E-01; -2.1000903E-02;145;1;409354; -3.0208495E-01;  3.0187836E-01; -3.6502436E-02;  9.9782782E+02;
  5.8303857E-01;  6.2879920E-01; -2.1000484E-02;146;1;376250;  3.7074435E-01;  8.5208642E-01; -3.6543947E-02;  9.9779010E+02;
  5.3713435E-01;  4.6261024E-01; -2.1000465E-02;146;1;381204;  4.8557439E-01;  1.4907875E-02; -8.4702142E-02;  9.9810321E+02;
  1.8154180E-01;  6.3718748E-01; -2.1002645E-02;146;1;414560; -8.0110860E-01; -4.9217012E-02; -9.5653236E-02;  9.9624945E+02;
  5.8952826E-01;  4.1588333E-01; -2.1000829E-02;147;1;414331;  5.8376020E-01;  2.7381089E-01; -1.0071329E-01;  9.9802014E+02;
  6.2710926E-02;  3.7839663E-01; -2.1004353E-02;147;1;397961;  3.8104793E-01; -5.1963049E-01; -1.4620531E-01;  9.9787433E+02;
  3.8520661E-01;  4.7721106E-01; -2.1004228E-02;148;1;370539; -1.0335752E+00; -2.2924832E-01; -3.4505624E-01;  9.9861633E+02;
  3.7975800E-01;  4.7331199E-01; -2.1002032E-02;148;1;413024; -5.0514054E-01;  3.2183316E-01; -3.0685988E-01;  9.9821600E+02;
  3.8268390E-01;  4.7568980E-01; -2.1005820E-02;148;1;445792; -1.0257728E+00; -2.1200635E-02; -2.8661254E-01;  9.9782501E+02;
  3.8092402E-01;  4.7835919E-01; -2.1002276E-02;148;1;482833; -8.9064878E-01; -6.7431025E-02; -2.3403355E-01;  9.9824487E+02;
  5.3286910E-01;  3.1020674E-01; -2.1001004E-02;148;1;456318;  5.1653636E-01; -3.5809349E-02; -2.3586860E-01;  9.9887421E+02;
  5.9629315E-01;  4.1069308E-01; -2.1002252E-02;148;1;365331; -3.9425525E-01; -3.5011995E-01; -6.8005882E-02;  9.9778986E+02;
  8.2993966E-01;  7.6594281E-01; -2.1002425E-02;149;1;436293;  5.1758033E-01; -1.9836168E-01; -1.1833880E-01;  9.9924103E+02;
  3.7787926E-01;  4.7167757E-01; -2.1000639E-02;149;1;478532; -2.3938805E-01; -4.4770244E-01; -4.0373873E-02;  9.9990424E+02;
  3.7126032E-01;  4.7989172E-01; -2.1000007E-02;149;1;505211; -3.0187619E-01; -5.7556722E-02; -2.1035706E-01;  9.9914172E+02;
  5.3774917E-01;  3.0775940E-01; -2.1003623E-02;149;1;376039;  3.2565734E-01;  6.4190429E-01; -2.3899812E-01;  9.9985242E+02;
  5.9294808E-01;  4.0609759E-01; -2.1001587E-02;149;1;461669; -2.5764486E-02; -2.7168566E-01; -7.2122931E-02;  9.9837152E+02;
  6.0028672E-01;  5.6253147E-01; -2.1002557E-02;149;1;403748;  8.2359165E-02; -4.7896096E-01; -1.2716913E-01;  9.9812622E+02;
  5.8667779E-01;  6.7123872E-01; -2.1000434E-02;149;1;409727;  9.2430405E-02;  1.1234400E+00; -3.7659898E-02;  9.9884106E+02;
  5.5525446E-01;  6.8312669E-01; -2.1001911E-02;150;1;367352;  8.5400999E-01; -2.2902861E-01; -1.9893019E-01;  9.9882275E+02;
  5.9763390E-01;  4.1212666E-01; -2.1000117E-02;150;1;477711; -9.1575071E-02; -3.6411679E-01; -1.1619972E-01;  9.9779529E+02;
  2.0613357E-01;  6.1293852E-01; -2.1000698E-02;151;1;372002;  5.6721145E-01; -5.0059271E-01; -1.3573828E-01;  9.9873169E+02;
  5.9394628E-01;  6.6502136E-01; -2.1008374E-02;151;1;516691;  3.5273567E-01;  1.1173372E+00; -3.7832168E-01;  9.9875732E+02;
  2.0685367E-01;  6.1132061E-01; -2.1004423E-02;151;1;366659;  6.7369640E-01; -5.5825251E-01; -1.4827871E-01;  9.9829858E+02;
  5.9798187E-01;  6.7479652E-01; -2.1000061E-02;152;1;522045; -7.1438342E-01;  1.1570302E+00; -1.1269065E-01;  9.9800269E+02;
  5.7803011E-01;  6.9443119E-01; -2.1005476E-02;152;1;370264; -2.4631122E-01;  2.0171505E-01; -1.5270033E-01;  9.9882025E+02;
  5.7802188E-01;  6.8854213E-01; -2.1001659E-02;153;1;474037;  5.4939049E-01;  4.2909497E-01; -2.2423099E-01;  9.9934821E+02;
  5.7296848E-01;  6.9136590E-01; -2.1006387E-02;153;1;415228;  7.8587663E-01;  3.9631671E-01; -1.9133951E-01;  9.9946429E+02;
  5.5385202E-01;  4.4341540E-01; -2.1006128E-02;153;1;377871;  1.0395007E+00; -7.5825542E-01; -2.5489765E-01;  9.9809308E+02;
  1.5766576E-01;  1.0210011E+00;  4.3305248E-02;153;1;453851;  5.3461266E-01;  6.2349610E-02; -2.2523335E-01;  9.9883173E+02;
  5.9728342E-01;  5.4247332E-01; -2.1002056E-02;154;1;473296;  8.7543063E-02;  2.2188699E-01; -9.9458069E-02;  9.9795752E+02;
  5.7962525E-01;  6.8728852E-01; -2.1002214E-02;154;1;409719; -2.7436191E-01;  4.5981938E-01; -1.3457553E-01;  9.9935034E+02;
  6.0670787E-01;  5.4614592E-01; -2.1001786E-02;154;1;387717;  2.3187993E-01; -6.8067396E-01; -7.7497959E-02;  9.9759448E+02;
  6.0205597E-01;  5.4412174E-01; -2.1001348E-02;154;1;388739;  3.7156755E-01; -9.4877601E-01; -1.7761654E-01;  9.9753760E+02;
 -2.1005509E-02;  5.6612319E-01;  5.8588330E-02;155;1;452674; -2.3580533E-01;  1.8191554E-01; -7.4019450E-01;  9.9870483E+02;
  5.7686150E-01;  7.0040309E-01; -2.1002961E-02;155;1;436609; -7.6815993E-01;  3.9498523E-01; -9.6070558E-02;  9.9792334E+02;
 -2.1005210E-02;  5.7010192E-01;  5.5040509E-02;155;1;372001; -2.5411236E-01; -3.0258891E-01;  4.8774758E-01;  9.9844116E+02;
 -2.1004174E-02;  5.6962776E-01;  5.4979235E-02;155;1;403902; -2.4041474E-01; -2.5272942E-01;  5.9214497E-01;  9.9759412E+02;
 -2.1007765E-02;  5.6606531E-01;  5.5774990E-02;155;1;403897; -2.3873451E-01; -1.8285440E-01;  5.2492970E-01;  9.9947113E+02;
  5.6606632E-01;  6.9866168E-01; -2.1002818E-02;155;1;506183;  2.9562652E-01;  3.3082485E-01; -1.2438219E-01;  9.9893561E+02;
 -2.1002853E-02;  5.6893092E-01;  5.5306155E-02;155;1;372058; -2.2571835E-01; -9.3443714E-02;  5.9861022E-01;  9.9757471E+02;
  5.7806587E-01;  6.9927275E-01; -2.1000246E-02;156;1;500734; -3.3767003E-01;  5.6369662E-01; -8.2511641E-02;  9.9924835E+02;
  3.6324650E-01;  4.9039909E-01; -2.1004507E-02;157;1;462604; -7.4061418E-01;  2.9508522E-01; -1.7872818E-01;  9.9861584E+02;
  1.0382535E-01;  6.4329863E-01; -2.1000007E-02;158;1;398612;  1.0271392E-02;  3.0341525E-02; -3.0987931E-02;  9.9836383E+02;
  7.3048717E-01;  2.2214861E-01; -2.1000616E-02;158;1;430127;  1.5787497E-01; -1.7594087E-01; -3.2086223E-02;  9.9872168E+02;
  5.6836396E-01;  2.7408972E-01; -2.1002820E-02;158;1;424347;  5.6190741E-01; -3.9579469E-01; -1.1196838E-01;  9.9895593E+02;
  6.1455786E-01;  4.0217307E-01; -2.1002967E-02;158;1;376976;  4.3613565E-01;  2.6408014E-01; -1.5325378E-01;  9.9810785E+02;
  5.6922692E-01;  2.7286530E-01; -2.1003503E-02;158;1;440388;  7.8613424E-01; -6.3103002E-01; -1.2549196E-01;  9.9897778E+02;
  3.0848655E-01;  6.0414702E-01; -2.1002686E-02;158;1;377874; -1.6242194E-01; -1.1953577E-01; -1.1127385E-01;  9.9881830E+02;
  5.7117218E-01;  2.7105156E-01; -2.1003379E-02;159;1;547206;  8.2162088E-01; -3.9492738E-01; -1.6498691E-01;  9.9915448E+02;
  9.8383375E-02;  6.4806068E-01; -2.1000976E-02;160;1;399946; -1.0459118E-01;  3.9767423E-01; -6.9298327E-02;  9.9846747E+02;
  3.0564305E-01;  6.0079247E-01; -2.1001499E-02;160;1;409833; -3.5081774E-01; -3.5316560E-01; -1.0644674E-01;  9.9827972E+02;
  1.0289226E-01;  6.4839470E-01; -2.1001408E-02;161;1;383181; -1.6733479E-01;  5.1388222E-01; -1.0840765E-01;  9.9830023E+02;
  5.7334089E-01;  2.5417048E-01; -2.1003455E-02;162;1;536567; -1.6876126E-02; -1.2122251E+00; -1.0693052E-01;  9.9887079E+02;
  5.5759448E-01;  4.5878768E-01; -2.1000963E-02;162;1;483763; -4.3616191E-01; -4.7508761E-02; -1.7179382E-01;  9.9825549E+02;
  5.5456340E-01;  4.5834947E-01; -2.1004850E-02;162;1;483823; -5.1023501E-01;  3.6260277E-01; -1.6908596E-01;  9.9827557E+02;
  3.5517082E-01;  4.9980596E-01; -2.1002056E-02;162;1;494361;  4.4507107E-01; -3.6217508E-01; -7.9810619E-02;  9.9849805E+02;
  5.5173361E-01;  4.5589605E-01; -2.1000845E-02;162;1;488185;  3.8366458E-01;  6.7852664E-01; -1.3576837E-01;  9.9776892E+02;
  5.5374449E-01;  4.5779166E-01; -2.1004222E-02;162;1;516919; -6.8576030E-02;  7.1347100E-01; -1.9788666E-01;  9.9882776E+02;
  5.7511771E-01;  2.2813223E-01; -2.1003550E-02;162;1;525718;  1.7425583E-01; -8.2439184E-01; -1.3163966E-01;  9.9863477E+02;
  5.5928415E-01;  4.6473861E-01; -2.1004479E-02;163;1;537072; -1.2302194E-03;  7.3051071E-01; -2.2929151E-01;  9.9678357E+02;
  5.7207763E-01;  2.4242756E-01; -2.1007916E-02;163;1;531720; -3.6944725E-02; -1.4426750E+00; -2.3427451E-01;  9.9850861E+02;
  5.7536548E-01;  2.4764349E-01; -2.1003366E-02;163;1;531564; -8.9519656E-01; -9.7304589E-01; -3.1905401E-01;  9.9847321E+02;
  5.6913310E-01;  2.4616396E-01; -2.1006336E-02;163;1;526380; -1.6299723E-01; -9.3740821E-01; -1.7791510E-01;  9.9888837E+02;
  5.6695777E-01;  2.4467964E-01; -2.1004394E-02;163;1;515629; -1.9744411E-01; -7.0939076E-01; -2.0127174E-01;  9.9889355E+02;
  5.9713429E-01;  5.5000788E-01; -2.1000687E-02;163;1;506238; -1.1833855E-02; -2.8227586E-01; -8.9906298E-02;  9.9798389E+02;
  3.5620391E-01;  4.9721751E-01; -2.1000320E-02;163;1;499868; -3.4636584E-01;  2.4482790E-01; -1.1093934E-01;  9.9827649E+02;
  7.7889156E-01;  7.9993850E-01; -2.1001298E-02;164;1;479064;  6.7318060E-02; -2.9299005E-03; -5.9758734E-02;  9.9867310E+02;
  5.6932163E-01;  2.3463333E-01; -2.1004906E-02;164;1;499139; -2.0491460E-01;  3.3131576E-01; -1.5631270E-01;  9.9687152E+02;
  5.7493538E-01;  2.2608562E-01; -2.1001730E-02;165;1;451296; -4.0921858E-01; -5.5170840E-01; -9.2029303E-02;  9.9795703E+02;
  6.0368472E-01;  7.4608505E-01; -2.1000007E-02;165;1;559682;  5.8407289E-01;  7.8648172E-02; -2.3235278E-02;  9.9871484E+02;
  3.0942693E-01;  6.0435873E-01; -2.1000443E-02;165;1;441281;  5.5382237E-02;  5.0654656E-01; -6.4235330E-02;  9.9840472E+02;
  9.3744263E-02;  8.4669608E-01; -2.1000022E-02;166;1;442883; -1.9276971E-02; -1.3549758E-01; -2.2858955E-02;  9.9857709E+02;
  9.3434632E-02;  8.4577608E-01; -2.1001186E-02;166;1;410685; -5.7491969E-02; -1.8171783E-01; -3.7232138E-02;  9.9859369E+02;
  7.6328808E-01;  8.0819172E-01; -2.1004450E-02;166;1;468524;  7.4186379E-01; -1.7130528E-01; -1.9006102E-01;  9.9882349E+02;
  9.3793310E-02;  8.4453815E-01; -2.1000376E-02;167;1;448290; -1.2681642E-01; -2.8195077E-01; -7.0482090E-02;  9.9857050E+02;
  9.2626974E-02;  8.4402102E-01; -2.1000894E-02;167;1;453627; -2.7358074E-02; -3.5485145E-01; -7.9651751E-02;  9.9860187E+02;
  3.6755958E-01;  4.9525812E-01; -2.1002853E-02;167;1;391915; -8.3477926E-01; -3.6000669E-01; -2.4155301E-01;  9.9861090E+02;
  7.8070557E-01;  8.0623853E-01; -2.1001568E-02;167;1;473497;  1.3246721E-01; -6.6934898E-02; -4.6566904E-02;  9.9802643E+02;
  3.5388428E-01;  4.9556014E-01; -2.1002214E-02;168;1;505256;  6.0530108E-01; -1.2505199E-01; -1.2536559E-01;  9.9784009E+02;
  3.5882220E-01;  4.9627349E-01; -2.1001665E-02;168;1;510558;  3.6146393E-01; -7.1352136E-01; -1.2257136E-01;  9.9777673E+02;
  5.9105957E-01;  2.2258310E-01; -2.1000406E-02;169;1;488554;  7.9035032E-01; -9.1723073E-01; -4.9047668E-02;  9.9844916E+02;
  8.8912672E-01;  7.3436457E-01; -2.1000115E-02;170;1;479067;  2.4247906E-01; -2.2410886E-01; -3.9206982E-02;  9.9888861E+02;
  8.8923973E-01;  7.3332959E-01; -2.1000944E-02;170;1;457621;  1.9421308E-01;  8.6583890E-02; -4.0043134E-02;  9.9898334E+02;
  8.8957512E-01;  7.3362452E-01; -2.1000866E-02;170;1;468376;  2.0066144E-01;  8.0303796E-02; -4.0205572E-02;  9.9889331E+02;
  8.9027071E-01;  7.3380601E-01; -2.1001577E-02;171;1;463028;  2.2522776E-01;  8.6910971E-02; -4.9143091E-02;  9.9887982E+02;
  2.7731842E-01;  1.0210036E+00;  2.6800382E-01;171;1;384977; -2.3655155E-01;  1.0866279E-01; -1.8768290E-01;  9.9970795E+02;
  8.9244169E-01;  7.3247051E-01; -2.1001721E-02;171;1;473555;  2.6351503E-01; -1.1637741E-02; -5.0908957E-02;  9.9899243E+02;
  6.1203074E-01;  7.9479909E-01; -2.1000912E-02;172;1;494779;  4.0280592E-01;  4.4495520E-01; -6.2592581E-02;  9.9850269E+02;
  2.7269366E-01;  1.0210010E+00;  2.6582155E-01;173;1;414915; -9.1992028E-02;  4.2975459E-02; -2.9551587E-01;  9.9939935E+02;
  1.2775661E-01;  1.9134459E-01; -2.1000717E-02;174;1;396602;  3.5199976E-01; -4.1911912E-01; -2.4253996E-01;  9.9868097E+02;
  1.2875301E-01;  1.9040921E-01; -2.1009257E-02;174;1;392069;  3.4673023E-01; -5.1244670E-01; -2.6499626E-01;  9.9866241E+02;
  1.2897383E-01;  1.8993805E-01; -2.1000635E-02;174;1;402045;  3.4611604E-01; -5.4646528E-01; -2.7755857E-01;  9.9847125E+02;
 -2.1000005E-02;  5.8069533E-01;  3.3192988E-02;175;1;377439; -9.3780020E-03; -2.2180256E-02; -9.1064185E-02;  9.9839636E+02;
  4.3248183E-01;  4.3013647E-01; -2.1000272E-02;176;1;499914; -1.6944163E-01;  1.5408860E-01; -3.7940808E-02;  9.9841742E+02;
 -2.1000592E-02;  5.5974185E-01;  1.5721168E-02;177;1;409244; -1.9346718E-02;  1.5887083E-01;  4.3796930E-02;  9.9827222E+02;
  3.2747337E-01;  3.4563005E-01; -2.1008339E-02;177;1;372423; -1.8491362E-01; -4.9395519E-01; -2.3933809E-01;  9.9870526E+02;
 -2.1000806E-02;  5.6182981E-01;  1.5862091E-02;177;1;365452; -3.3750117E-02;  2.2144365E-01;  5.9996270E-02;  9.9832635E+02;
  1.2530304E-01;  1.9931853E-01; -2.1001121E-02;178;1;449912;  1.0139846E-02;  3.5626009E-01; -5.2593093E-02;  9.9752423E+02;
  3.2657197E-01;  3.4152585E-01; -2.1001363E-02;178;1;414325; -2.4060734E-01; -8.0931932E-01; -3.4644467E-01;  9.9843805E+02;
  1.2626696E-01;  2.0122680E-01; -2.1000603E-02;178;1;455205;  1.6415761E-01;  3.9658037E-01; -2.3684144E-02;  9.9873804E+02;
 -2.1000506E-02;  5.7731646E-01;  2.8309040E-02;178;1;387931; -3.2258816E-02; -2.1091297E-01; -2.6103702E-01;  9.9846661E+02;
 -2.1003101E-02;  5.6417751E-01;  1.8667368E-02;179;1;398544; -8.4516242E-02;  3.1774807E-01;  1.9972901E-01;  9.9794873E+02;
 -2.1001615E-02;  4.8185483E-01;  5.7194773E-03;179;1;376724; -8.7098166E-02;  1.0942037E-01; -4.2542154E-01;  9.9844855E+02;
 -2.1000734E-02;  4.8214826E-01;  5.7423897E-03;179;1;398115; -8.4289640E-02;  5.8906745E-02; -3.7310746E-01;  9.9847040E+02;
  2.6691690E-01;  1.0210016E+00;  2.5955817E-01;179;1;454410;  8.0896884E-02;  4.0057138E-02;  2.4684586E-01;  9.9931073E+02;
 -2.1002596E-02;  4.8187077E-01;  3.8798244E-03;179;1;381934; -7.8780226E-02;  3.8963661E-02; -5.2480018E-01;  9.9823785E+02;
  1.6253319E-01;  4.7084016E-01; -2.1002341E-02;180;1;391660;  8.9179069E-02;  5.1140660E-01; -1.7720464E-01;  9.9849554E+02;
  1.6239840E-01;  4.7184175E-01; -2.1008544E-02;181;1;394666;  1.0588732E-01;  6.3185829E-01; -2.3395282E-01;  9.9858533E+02;
  1.6261213E-01;  4.7264037E-01; -2.1008154E-02;181;1;375568;  1.1846892E-01;  6.2997955E-01; -2.5208005E-01;  9.9827045E+02;
  1.6314363E-01;  4.7333184E-01; -2.1002464E-02;181;1;430266;  1.1025536E-01;  6.0975391E-01; -2.5550756E-01;  9.9818896E+02;
  3.7609455E-01;  6.1921340E-01; -2.1000300E-02;182;1;516282; -2.8734219E-01;  3.1216245E-02; -2.7993901E-02;  9.9860217E+02;
  3.1727150E-01;  5.9744138E-01; -2.1001754E-02;182;1;468065;  2.5146240E-01; -2.8486612E-01; -6.4223252E-02;  9.9841821E+02;
  3.1781417E-01;  5.8239794E-01; -2.1000370E-02;183;1;441912;  1.2624742E-01;  6.7290539E-01; -1.0914207E-01;  9.9841376E+02;
  3.1390783E-01;  5.9289885E-01; -2.1000022E-02;183;1;499108;  5.1670678E-02; -3.4915495E-01; -4.6550442E-02;  9.9938507E+02;
  3.1442201E-01;  5.9332460E-01; -2.1004388E-02;183;1;504130;  1.1378039E-01; -4.0480015E-01; -1.1794754E-01;  9.9948328E+02;
  3.7735894E-01;  6.1546761E-01; -2.1000532E-02;183;1;494456;  4.4255886E-02; -1.2673081E-01; -1.5971979E-02;  9.9845844E+02;
  3.7798870E-01;  6.1507082E-01; -2.1000663E-02;185;1;399526;  5.2098174E-02; -1.4472547E-01; -6.1594900E-02;  9.9837378E+02;
  3.7742025E-01;  6.1238593E-01; -2.1002196E-02;185;1;494414;  1.5755367E-01; -8.0724724E-02; -5.9675358E-02;  9.9834698E+02;
  3.8062826E-01;  6.1392123E-01; -2.1000955E-02;185;1;383753; -1.5970241E-01;  4.4093251E-02; -6.7328706E-02;  9.9884277E+02;
  3.7843499E-01;  6.1237586E-01; -2.1000220E-02;186;1;510550;  1.7203343E-01;  3.3992040E-03; -4.0158786E-02;  9.9812177E+02;
  5.9500164E-01;  7.3392862E-01; -2.1000877E-02;186;1;389153;  2.4556974E-01;  1.0097361E-01; -3.2644540E-02;  9.9845776E+02;
  5.9721267E-01;  7.3562860E-01; -2.1001570E-02;186;1;501033;  4.1779989E-01;  2.0224062E-01; -7.3255301E-02;  9.9848663E+02;
  5.9973788E-01;  7.3635036E-01; -2.1002995E-02;187;1;489281;  5.1127368E-01;  2.6419088E-01; -7.6290987E-02;  9.9829956E+02;
  1.3089345E-01;  2.0342688E-01; -2.1001058E-02;187;1;433969; -3.0284649E-01; -3.3201927E-01; -3.4225281E-02;  9.9831580E+02;
  7.8298777E-01;  1.9550464E-01; -2.1004999E-02;187;1;515133;  5.4588825E-01; -5.9985399E-01; -2.7121601E-01;  9.9887299E+02;
  1.8005803E-01;  3.6329126E-01; -2.1000301E-02;187;1;381939;  1.1897174E-01; -3.6569619E-01; -1.4521359E-01;  9.9854474E+02;
  1.9040886E-01;  3.4838918E-01; -2.1003775E-02;187;1;386682; -2.6052547E-01;  2.7493444E-01; -1.3044380E-01;  9.9770148E+02;
  1.7998171E-01;  3.6305732E-01; -2.1000553E-02;187;1;413188;  1.7931536E-01; -3.5994232E-01; -1.2620234E-01;  9.9770258E+02;
  1.8162541E-01;  3.6277786E-01; -2.1004038E-02;187;1;418353;  2.8840378E-01; -6.2147701E-01; -1.3832536E-01;  9.9832959E+02;
  1.8980949E-01;  3.4930009E-01; -2.1002043E-02;187;1;375890; -2.5603923E-01;  3.6178014E-01; -8.6817533E-02;  9.9772736E+02;
  7.8439075E-01;  1.9310443E-01; -2.1007169E-02;187;1;574098;  6.3719928E-01; -7.6589555E-01; -3.8296673E-01;  9.9881909E+02;
  1.8888402E-01;  3.5134828E-01; -2.1001620E-02;188;1;393745; -2.5658041E-01;  3.1003854E-01; -5.0827954E-02;  9.9701843E+02;
  7.9696012E-01;  8.1367451E-01; -2.1001028E-02;188;1;570053;  3.9464258E-02;  1.7814019E-01; -4.5870211E-02;  9.9853058E+02;
  1.8790464E-01;  3.5293880E-01; -2.1000056E-02;188;1;430269; -2.3758495E-01;  3.7390083E-01; -1.2249472E-02;  9.9758832E+02;
  7.9694819E-01;  8.1527984E-01; -2.1000378E-02;188;1;596734; -3.4832645E-02;  5.5314358E-02; -5.8254004E-02;  9.9841058E+02;
  7.9740489E-01;  8.1637132E-01; -2.1001440E-02;188;1;570002;  1.1712284E-01;  1.1251483E-01; -6.7078419E-02;  9.9865546E+02;
  7.9701144E-01;  8.1655961E-01; -2.1002680E-02;188;1;436012;  2.9656151E-02;  2.3335636E-01; -8.6790897E-02;  9.9856244E+02;
  7.4142772E-01;  1.6710161E-01; -2.1000562E-02;189;1;403022; -9.6830942E-02;  4.9253616E-01; -2.1616936E-01;  9.9866516E+02;
  7.4134040E-01;  1.6737384E-01; -2.1002509E-02;189;1;386009; -1.1376841E-01;  5.1428401E-01; -2.2917016E-01;  9.9857782E+02;
  7.4110603E-01;  1.6819566E-01; -2.1009052E-02;189;1;424418; -1.9789077E-01;  5.9316552E-01; -2.5786710E-01;  9.9863123E+02;
  7.4099934E-01;  1.6842787E-01; -2.1006325E-02;189;1;387092; -2.1344317E-01;  6.0731721E-01; -2.7345884E-01;  9.9871094E+02;
  1.2130112E-01;  8.9057809E-01; -2.1001238E-02;190;1;453799;  1.2966411E-01; -1.7820430E-01; -3.6643788E-02;  9.9849634E+02;
  3.9799899E-01;  6.0094833E-01; -2.1002360E-02;190;1;495054;  5.0682709E-02; -9.4364291E-01; -1.0311663E-01;  9.9825403E+02;
  6.0739559E-01;  7.5640190E-01; -2.1000450E-02;193;1;532276; -3.7377393E-01;  8.9241944E-02; -1.1652970E-01;  9.9822711E+02;
  7.9984099E-01;  8.1591403E-01; -2.1009404E-02;193;1;398643; -2.1041432E-01; -5.4491329E-01; -2.6888219E-01;  9.9867389E+02;
  7.9804647E-01;  8.1333333E-01; -2.1004349E-02;193;1;430615; -1.1069436E-01; -4.8946315E-01; -2.4192448E-01;  9.9844110E+02;
  6.0675740E-01;  7.5520527E-01; -2.1003952E-02;193;1;505446; -2.9017633E-01;  2.2583185E-01; -9.9208511E-02;  9.9831860E+02;
 -2.1000948E-02;  3.7729520E-01;  3.8375441E-02;195;1;371194; -4.5002524E-02;  2.2081554E-02;  6.0279839E-02;  9.9856824E+02;
 -2.1002153E-02;  3.7763932E-01;  3.8353249E-02;195;1;387442; -5.6429029E-02;  5.6972258E-02;  1.0620268E-01;  9.9857251E+02;
 -2.1001285E-02;  3.7743405E-01;  3.8848836E-02;195;1;398065; -7.2152838E-02;  3.1875286E-02;  7.9754934E-02;  9.9853204E+02;
 -2.1000689E-02;  3.7740794E-01;  3.8811598E-02;195;1;392672; -7.4757278E-02;  2.1647781E-02;  8.9849934E-02;  9.9851007E+02;
  3.9815676E-01;  6.0412258E-01; -2.1004736E-02;195;1;499864;  1.5095061E-01;  3.1090117E-01; -1.7001288E-01;  9.9859564E+02;
 -2.1001948E-02;  3.7749088E-01;  3.8782574E-02;196;1;376699; -7.4608691E-02;  1.2399615E-02;  1.1457209E-01;  9.9843719E+02;
 -2.1000912E-02;  3.7752998E-01;  3.9352596E-02;196;1;371290; -9.2101574E-02;  3.0489227E-02;  1.6577357E-01;  9.9822693E+02;
  2.9348287E-01;  6.6427028E-01; -2.1000380E-02;200;1;403681; -1.8351486E-01; -9.5822282E-02; -1.1218142E-02;  9.9826562E+02;
  2.9066476E-01;  6.6266733E-01; -2.1001860E-02;202;1;414484; -2.6875070E-01; -1.5579338E-01; -5.8177125E-02;  9.9833044E+02;
  2.8822884E-01;  6.6107076E-01; -2.1000419E-02;202;1;419873; -3.4843308E-01; -2.6585275E-01; -9.4381131E-02;  9.9818658E+02;
  2.8716940E-01;  6.6041970E-01; -2.1002473E-02;203;1;383228; -3.7498590E-01; -2.9538679E-01; -6.3564345E-02;  9.9810999E+02;
  4.1033620E-01;  5.9230775E-01; -2.1000797E-02;204;1;367631; -5.0870389E-01;  2.2020012E-02; -3.4558047E-02;  9.9809161E+02;
  8.5014242E-01;  1.9946723E-01; -2.1000432E-02;206;1;461945;  4.9887565E-01;  8.7067917E-02; -1.3604559E-02;  9.9829468E+02;
  8.5218340E-01;  1.9955020E-01; -2.1000402E-02;207;1;574105;  5.2299815E-01;  6.1869312E-02; -1.8447123E-02;  9.9835181E+02;
  8.5522527E-01;  2.0002887E-01; -2.1000694E-02;207;1;456315;  5.8872575E-01;  3.3435531E-02; -4.2927023E-02;  9.9834290E+02;
  8.5697007E-01;  1.9996850E-01; -2.1001646E-02;207;1;478092;  6.4553428E-01;  8.3599947E-03; -6.2231585E-02;  9.9843951E+02;
  8.5895807E-01;  1.9997062E-01; -2.1000572E-02;208;1;499146;  7.1674526E-01; -2.4850352E-02; -8.8254750E-02;  9.9846472E+02;
  2.5363210E-01;  5.7942516E-01; -2.1000972E-02;210;1;383161;  1.4927009E-01; -2.2617929E-01; -8.0802649E-02;  9.9818463E+02;
  7.2874504E-01;  7.4257475E-01; -2.1000002E-02;212;1;404691;  2.0483622E-01; -4.2482302E-01; -1.4728811E-01;  9.9865155E+02;
  7.3035401E-01;  7.4392760E-01; -2.1004986E-02;212;1;505468;  2.9956234E-01; -1.8796064E-01; -1.3386427E-01;  9.9872003E+02;
  7.2890234E-01;  7.4234742E-01; -2.1001367E-02;212;1;391313;  2.2997020E-01; -4.2756918E-01; -1.5918660E-01;  9.9866168E+02;
  7.3109162E-01;  7.4318254E-01; -2.1004036E-02;213;1;439857;  3.7511995E-01; -3.4198782E-01; -1.9731940E-01;  9.9865137E+02;
  3.0092192E-01; -2.1003038E-02;  2.5439072E-01;213;1;481311;  1.1379626E-01; -9.5522322E-02; -5.7633147E-02;  9.9967969E+02;
 -9.8922914E-03;  4.8569730E-01; -2.1004438E-02;214;1;408029;  1.7888573E-01;  1.1832393E-02; -1.1273222E-01;  9.9861047E+02;
  3.0141202E-01; -2.1002114E-02;  2.5477561E-01;214;1;465266;  1.2413332E-01; -1.1809830E-01; -3.3992823E-02;  9.9954529E+02;
 -9.8689906E-03;  4.8565373E-01; -2.1001155E-02;214;1;398014;  1.5489562E-01;  1.7714968E-02; -1.0506511E-01;  9.9861847E+02;
  3.0228576E-01; -2.1004058E-02;  2.5544298E-01;214;1;443819;  1.6702893E-01; -1.2223851E-01; -1.4374878E-03;  1.0000276E+03;
  3.0197784E-01; -2.1004079E-02;  2.5439444E-01;214;1;492003;  2.0177133E-01; -1.4270975E-01;  1.3185765E-02;  1.0000316E+03;
  3.0336878E-01; -2.1000942E-02;  2.5557676E-01;215;1;486642;  2.1621144E-01; -1.2754807E-01; -4.5417264E-02;  9.9950964E+02;
  9.4185658E-02;  3.5467732E-01; -2.1000011E-02;215;1;370548;  4.9461871E-02; -5.9671726E-02; -4.5881976E-04;  9.9824805E+02;
  7.0074874E-01;  2.9151228E-01; -2.1005528E-02;222;1;407346;  3.9191642E-01; -2.4559596E-01; -1.8129049E-01;  9.9848267E+02;
  7.0176333E-01;  2.9100502E-01; -2.1003254E-02;222;1;505104;  4.3781191E-01; -3.0813375E-01; -1.8519814E-01;  9.9836328E+02;
  7.0254016E-01;  2.9013747E-01; -2.1000244E-02;222;1;365233;  4.8711061E-01; -3.3822471E-01; -1.4506665E-01;  9.9758374E+02;
  2.5019012E-02;  5.7758802E-01; -2.1000020E-02;222;1;366356;  7.8256503E-02;  1.5619402E-02; -6.6817959E-04;  9.9807733E+02;
  2.8534758E-01; -2.1006597E-02;  1.7849152E-01;225;1;374467;  1.5653080E-01; -2.3105395E-01; -6.5371978E-01;  9.9933899E+02;
  2.4553639E-01;  6.1827886E-01; -2.1000022E-02;225;1;409315;  7.7676736E-02; -1.9014961E-01; -2.6731094E-02;  9.9832343E+02;
  2.4584766E-01;  6.1614066E-01; -2.1000970E-02;226;1;393002;  6.9992684E-02; -3.0022702E-01; -5.9813432E-02;  9.9832800E+02;
  2.4867940E-01;  5.9689301E-01; -2.1001846E-02;226;1;393111; -2.1653596E-02;  1.6799387E-01; -6.2601350E-02;  9.9795801E+02;
  2.4628617E-01;  6.1441904E-01; -2.1000026E-02;226;1;425364;  7.4752465E-02; -4.1434595E-01; -8.5652836E-02;  9.9774878E+02;
  6.2429649E-01;  4.7998920E-01; -2.1000024E-02;226;1;396982;  1.4299475E-02; -5.2044224E-02; -1.1177141E-03;  9.9807953E+02;
  4.0614030E-01;  5.7605898E-01; -2.1000415E-02;227;1;457958;  1.0811657E-01;  1.3043849E-01; -1.3856628E-02;  9.9829590E+02;
  4.0350968E-01;  5.7617557E-01; -2.1000292E-02;229;1;570536; -1.9420989E-01;  4.6716812E-03; -7.4976668E-02;  9.9833783E+02;
  3.9233184E-01;  5.7826138E-01; -2.1003390E-02;229;1;489223;  7.4512625E-01; -2.2643088E-01; -1.0515016E-01;  9.9700342E+02;
  6.8477017E-01;  3.1154382E-01; -2.1000342E-02;231;1;474089;  1.8116930E-01;  5.3211834E-02; -6.3580886E-02;  9.9839044E+02;
  6.8485278E-01;  3.1143689E-01; -2.1000519E-02;231;1;473181;  1.8506393E-01;  4.6315338E-02; -6.0197588E-02;  9.9837030E+02;
  1.3669497E-01;  4.7191373E-01; -2.1000084E-02;231;1;403473;  3.7535481E-02; -6.2855348E-02; -2.2754618E-03;  9.9827429E+02;
  6.2821245E-01;  4.7868255E-01; -2.1000013E-02;233;1;538027;  6.1811879E-02; -1.7288815E-02; -6.2045269E-04;  9.9809747E+02;
  3.9192605E-01;  5.7863367E-01; -2.1000197E-02;238;1;404727; -5.5986974E-02;  2.1789525E-02; -1.1152923E-02;  9.9760242E+02;
  4.1476157E-01;  5.2425742E-01; -2.1000016E-02;239;1;505325;  7.6698691E-02; -5.4944888E-02; -6.2223460E-04;  9.9827625E+02;
  3.0588627E-01; -2.1000022E-02;  1.8218942E-01;250;1;367926;  1.6627515E-02; -5.3491822E-04; -2.1265647E-01;  9.9940570E+02;
  2.0093562E-01;  4.7390938E-01; -2.1000009E-02;258;1;377431;  1.9037047E-02; -2.3146845E-02; -3.5915955E-04;  9.9834741E+02;
  6.7261916E-01;  2.9074618E-01; -2.1004034E-02;259;1;462958; -2.4550506E-01;  1.8150240E-01; -1.3248262E-01;  9.9858777E+02;
  2.5345850E-01;  3.3889368E-01; -2.1001061E-02;260;1;407296; -1.7427380E-01; -1.2285654E-01; -6.5190956E-02;  9.9855524E+02;
  2.5095871E-01;  3.3512801E-01; -2.1002812E-02;261;1;478376; -4.7508636E-01; -1.0730130E-01; -1.3747585E-01;  9.9865063E+02;
  2.4792045E-01;  6.0283142E-01; -2.1000054E-02;262;1;494575;  5.9805937E-02; -4.6210352E-02; -1.4383099E-03;  9.9844830E+02;
  1.5027504E-01;  8.0216235E-01; -2.1000423E-02;265;1;388095;  1.8153918E-01;  1.2798306E-01; -2.8533427E-02;  9.9845728E+02;
  7.8600973E-01;  2.2889508E-01; -2.1000000E-02;265;1;392021; -3.5619787E-03;  8.7491907E-02; -6.0238875E-04;  9.9843646E+02;
  1.5131830E-01;  8.0258697E-01; -2.1000605E-02;266;1;421555;  2.8041381E-01;  1.5233085E-01; -4.9328655E-02;  9.9846454E+02;
  1.5199095E-01;  8.0297703E-01; -2.1001427E-02;266;1;437381;  3.1385562E-01;  1.8394969E-01; -6.4101942E-02;  9.9847766E+02;
  2.8266326E-01; -2.1000024E-02;  1.2796758E-01;266;1;444182;  1.4792466E-02; -8.5242121E-03; -2.5300151E-02;  9.9927338E+02;
  3.0248263E-01; -2.1000674E-02;  1.4362966E-01;267;1;481304; -1.5886012E-01; -2.3673760E-02; -2.9375276E-01;  9.9937433E+02;
  2.9974484E-01; -2.1002367E-02;  1.3926357E-01;268;1;422637; -2.6495072E-01; -7.1819775E-02; -3.8042819E-01;  9.9931287E+02;
  2.0234068E-01;  4.6995154E-01; -2.1000015E-02;268;1;387821;  1.7980099E-02; -3.8641673E-02; -1.1158499E-03;  9.9842133E+02;
  2.0337039E-01;  4.6800601E-01; -2.1000005E-02;274;1;377082;  7.4534975E-03; -3.1505372E-02; -2.3694910E-04;  9.9845660E+02;
  2.5722310E-01;  6.0173631E-01; -2.1000018E-02;275;1;378452;  8.1524067E-02; -1.2855550E-02; -1.8903838E-03;  9.9848340E+02;
  6.3440770E-01;  2.4266284E-02; -2.1000022E-02;276;1;499421;  2.6758414E-02; -1.8203653E-02; -6.9199753E-04;  9.9845618E+02;
  7.8419441E-01;  2.3702721E-01; -2.1000002E-02;278;1;370571; -5.2138038E-02;  4.5355435E-02; -6.4067042E-04;  9.9854413E+02;
  1.0864900E-01;  3.4486735E-01; -2.1000007E-02;282;1;397544;  1.6197592E-02;  2.5119469E-02; -1.5327727E-03;  9.9847424E+02;
  8.4419733E-01;  8.4028065E-01; -2.1000018E-02;284;1;548722;  7.1558602E-02;  2.4839897E-02; -4.7829308E-04;  9.9858466E+02;
  4.8398000E-01;  4.2615971E-01; -2.1000022E-02;287;1;499963;  8.4180325E-02; -1.5216294E-02; -6.0288614E-04;  9.9854303E+02;
  3.3730015E-01;  3.3931115E-01; -2.1000015E-02;287;1;384236; -3.7626125E-02;  1.0196661E-02; -9.1212831E-04;  9.9859253E+02;
  1.1020806E-01;  3.4735793E-01; -2.1000002E-02;293;1;365978;  1.9475698E-02;  8.4591815E-03; -1.3531488E-04;  9.9852435E+02;
  2.8290257E-01; -2.1000007E-02;  9.0766065E-02;297;1;417664; -2.8108663E-03; -4.6905529E-04; -1.2845069E-01;  9.9920380E+02;
  5.7360660E-03;  4.4184431E-01; -2.1000702E-02;299;1;398179; -1.0659785E-02; -5.0003547E-02; -3.1407416E-02;  9.9881049E+02;
  8.0561376E-01;  2.4680431E-01; -2.1000002E-02;301;1;574043;  1.7986102E-01;  3.3843562E-02; -4.8779897E-04;  9.9860223E+02;
  8.1003845E-01;  3.4823874E-01; -2.1000642E-02;301;1;410587;  1.3786480E-01; -2.6605461E-02; -3.6586072E-02;  9.9881134E+02;
  1.1205912E-01;  3.4795552E-01; -2.1000000E-02;301;1;376645;  2.5632823E-02;  1.4066370E-02; -5.2505487E-04;  9.9856494E+02;
  8.1216550E-01;  3.4768507E-01; -2.1000529E-02;303;1;365287;  1.1083145E-01; -2.5572086E-02; -1.9844772E-02;  9.9871045E+02;
  8.1259584E-01;  3.4758818E-01; -2.1000678E-02;303;1;488369;  1.0774212E-01; -2.6339432E-02; -1.7917061E-02;  9.9868665E+02;
  8.1316817E-01;  3.4744704E-01; -2.1000244E-02;304;1;392493;  1.0693830E-01; -2.6741926E-02; -1.5122899E-02;  9.9871167E+02;
  8.1368142E-01;  3.4731770E-01; -2.1000030E-02;304;1;622006;  1.0718818E-01; -2.6907878E-02; -1.5065536E-02;  9.9873584E+02;
  8.1484616E-01;  3.4701800E-01; -2.1000151E-02;305;1;590317;  1.1200197E-01; -3.1191440E-02; -1.2450318E-02;  9.9863483E+02;
  2.9256848E-01;  1.0210025E+00;  3.9717522E-02;305;1;406180; -6.8826395E-01;  1.4187466E-01; -2.2867750E-01;  9.9872803E+02;
  1.6111685E-01;  1.5298113E-01; -2.1000015E-02;307;1;412582;  1.5793672E-03;  2.5864130E-02; -4.1004000E-04;  9.9861658E+02;
  2.4921027E-01;  1.0210000E+00;  1.0088051E-01;310;1;475727;  2.5965219E-02;  9.0282713E-04; -1.1987534E-01;  9.9931378E+02;
  2.8331736E-01; -2.1000210E-02;  6.2584884E-02;314;1;417304;  1.8358996E-02; -1.4892256E-02; -2.4247515E-01;  9.9917169E+02;
  2.8357077E-01; -2.1000685E-02;  5.9816498E-02;315;1;411898;  3.1325053E-02; -2.7815118E-02; -2.9273608E-01;  9.9917480E+02;
  2.8364754E-01; -2.1000231E-02;  5.9154689E-02;316;1;390494;  3.7136015E-02; -3.0086089E-02; -3.1168434E-01;  9.9915448E+02;
  1.6137016E-01;  1.5469816E-01; -2.1000002E-02;316;1;444666;  4.1888782E-04;  1.1030000E-02; -4.9591658E-04;  9.9866754E+02;
  5.0008798E-01;  4.2711517E-01; -2.1000011E-02;317;1;510554; -8.1316596E-03; -3.8917329E-05; -3.2353611E-04;  9.9863599E+02;
  1.6137445E-01;  1.5477785E-01; -2.1000003E-02;317;1;391095; -1.5866662E-04;  9.5695043E-03; -7.0829759E-04;  9.9867297E+02;
  3.8207701E-01;  1.0210007E+00;  1.7438485E-01;317;1;443740; -6.6780800E-04;  3.3302166E-02; -8.3592571E-02;  9.9969092E+02;
  3.8207620E-01;  1.0210005E+00;  1.7426275E-01;318;1;422163; -5.4713446E-03;  3.4919355E-02; -7.8273788E-02;  9.9970404E+02;
  3.8204798E-01;  1.0210009E+00;  1.7406556E-01;318;1;411670; -9.6326983E-03;  3.9796773E-02; -7.6121002E-02;  9.9964569E+02;
  3.8203549E-01;  1.0210009E+00;  1.7402309E-01;318;1;437872; -1.1677532E-02;  3.8496740E-02; -7.5293675E-02;  9.9963983E+02;
  3.8183728E-01;  1.0210005E+00;  1.7354371E-01;319;1;443709; -2.6061915E-02;  4.2692192E-02; -7.0322409E-02;  9.9945453E+02;
  3.4368590E-01;  3.3958283E-01; -2.1000002E-02;323;1;408042;  1.6446510E-02;  7.2557800E-03; -6.6855812E-04;  9.9870380E+02;
  1.6402970E-01;  4.6451738E-01; -2.1000013E-02;325;1;377242;  2.5298385E-04; -3.3773921E-02; -4.9971958E-04;  9.9868372E+02;
  3.4421593E-01;  3.3977666E-01; -2.1000005E-02;325;1;375939;  2.3712073E-02;  7.0549091E-03; -1.0336367E-03;  9.9871143E+02;
  5.6335008E-01;  8.3539099E-01; -2.1001097E-02;326;1;532215; -1.3198468E-01; -8.1800587E-02; -5.1731981E-02;  9.9878412E+02;
  5.6156504E-01;  3.4310564E-01; -2.1000003E-02;328;1;516868; -2.9582180E-02; -1.6856579E-02; -7.9791812E-04;  9.9871484E+02;
  3.4521130E-01;  3.4001252E-01; -2.1000035E-02;328;1;375583;  4.4527985E-02;  8.7964404E-03; -1.2753026E-03;  9.9872791E+02;
  1.6455196E-01;  4.5932177E-01; -2.1000005E-02;338;1;471619;  9.0811178E-03; -4.4097170E-02; -4.8372717E-04;  9.9873901E+02;
  1.5732299E-01;  1.5845482E-01; -2.1000009E-02;339;1;439269; -2.4479719E-02;  3.5575300E-02; -5.5165822E-04;  9.9877051E+02;
  6.3782096E-01;  1.8117780E-02; -2.1000000E-02;339;1;370908;  7.9861777E-03;  9.6795158E-03; -4.6623034E-05;  9.9873291E+02;
  6.9313174E-01;  9.9598080E-01; -2.1000013E-02;344;1;516980;  3.5900623E-02;  5.9166020E-03; -4.5378806E-04;  9.9874597E+02;
  6.3825059E-01;  1.8311769E-02; -2.1000003E-02;345;1;472532;  8.1832632E-03;  1.0063566E-03; -2.3631586E-04;  9.9870825E+02;
  1.6598925E-01;  4.5374539E-01; -2.1000018E-02;351;1;382586;  1.3177557E-02; -3.2698799E-02; -5.4875162E-04;  9.9878851E+02;
  1.5470597E-01;  1.6517693E-01; -2.1000011E-02;352;1;439274; -1.5841857E-02;  5.7983406E-02; -6.0011051E-04;  9.9879169E+02;
  3.8703722E-03;  4.1777462E-01; -2.1000072E-02;354;1;371363;  7.1663912E-03;  1.2160531E-02; -2.4031352E-02;  9.9922449E+02;
  1.6313577E-01;  8.8739312E-01; -2.1000009E-02;361;1;411011;  1.4130180E-02; -8.6423624E-03; -4.0832668E-04;  9.9884930E+02;
  3.1960070E+00;  5.0205570E-01; -2.1000406E-02;361;1;1013164;  1.2325874E-01;  1.9248286E-01; -1.1066918E-01;  9.9848639E+02;
  3.1940386E+00;  4.9888065E-01; -2.1003904E-02;361;1;1013271; -9.5344526E-01; -2.0430316E-01; -1.5248898E-01;  9.9835889E+02;
  1.3808323E-01;  2.9055813E-01; -2.1000016E-02;361;1;396988;  1.8322919E-02;  3.6780559E-03; -4.6579639E-04;  9.9885620E+02;
  3.1963892E+00;  4.9855140E-01; -2.1002876E-02;362;1;1013056;  4.7336435E-01; -3.1366560E-01; -1.2838385E-01;  9.9858289E+02;
  3.1920705E+00;  5.0140965E-01; -2.1000518E-02;362;1;1013163; -6.7501575E-01; -9.5959395E-01; -6.6610672E-02;  9.9793915E+02;
  3.1975415E+00;  4.9899176E-01; -2.1000171E-02;362;1;1013272;  3.8143086E-01;  7.4823678E-01; -1.6995527E-01;  9.9679065E+02;
  3.1943810E+00;  4.9846557E-01; -2.1003248E-02;362;1;1007763;  4.2217237E-01; -3.2393420E-01; -1.0458524E-01;  9.9875433E+02;
  1.6334982E-01;  8.8725752E-01; -2.1000000E-02;363;1;469836;  1.4096214E-02; -9.2200190E-03; -5.5923843E-04;  9.9885504E+02;
  3.2036338E+00;  4.9646619E-01; -2.1000015E-02;363;1;1007871;  5.7756120E-01; -7.1794850E-01; -6.6353850E-02;  9.9961700E+02;
  1.0815222E+00;  4.4760191E-01; -2.1002544E-02;365;1;553257;  1.9539997E-01; -4.8851791E-01; -1.1262101E-01;  9.9884991E+02;
  4.3481830E-01;  5.3829265E-01; -2.1000009E-02;368;1;478318; -7.5701680E-03; -1.1887431E-02; -4.2490705E-04;  9.9884137E+02;
  5.6269753E-01;  8.7258500E-01; -2.1000030E-02;372;1;403597; -1.1842737E-02;  2.2370543E-02; -1.1090812E-03;  9.9887915E+02;
  3.2022526E+00;  4.9872184E-01; -2.1000650E-02;373;1;1013055; -1.3386445E-01;  3.0916989E-01; -8.8575944E-02;  9.9892340E+02;
  4.0094239E-01;  1.0210000E+00;  5.2829199E-02;376;1;448843;  2.5423635E-02;  8.2275772E-04; -1.9333686E-01;  9.9931030E+02;
  3.2003541E+00;  5.0147456E-01; -2.1000165E-02;377;1;1012731; -7.5558984E-01; -3.7153900E-01; -4.4818096E-02;  9.9856396E+02;
  3.2003670E+00;  5.0025707E-01; -2.1000924E-02;378;1;1012732; -4.8328620E-01;  3.9397550E-01; -9.7481757E-02;  9.9867828E+02;
  3.2027912E+00;  4.9652207E-01; -2.1001227E-02;378;1;1013379; -2.1794905E-01;  2.1315353E-01; -1.4003409E-01;  9.9829993E+02;
  8.6163312E-01;  8.0921406E-01; -2.1000002E-02;379;1;489750; -8.9271637E-03; -3.1645425E-02; -3.8705629E-04;  9.9892255E+02;
  3.2023795E+00;  4.9697575E-01; -2.1003235E-02;379;1;1013217; -1.0180538E-01;  3.9544040E-01; -9.0365358E-02;  9.9861066E+02;
  1.4184673E-01;  2.9159108E-01; -2.1000007E-02;379;1;396554;  2.2204725E-02;  4.3218140E-03; -4.1838278E-04;  9.9888898E+02;
  8.2007283E-01;  6.6415912E-01; -2.1000717E-02;382;1;500126; -1.1873960E-01; -1.3175064E-02; -2.0012412E-02;  9.9912250E+02;
  8.1897593E-01;  6.6404998E-01; -2.1001250E-02;383;1;527503; -1.6822989E-01; -1.5499080E-02; -3.3520617E-02;  9.9908362E+02;
  8.1882721E-01;  6.6403651E-01; -2.1000866E-02;383;1;511527; -1.7595147E-01; -1.5920792E-02; -3.1761102E-02;  9.9912476E+02;
  8.1845325E-01;  6.6400361E-01; -2.1000011E-02;383;1;393801; -1.9978088E-01; -1.7345626E-02; -4.6985306E-02;  9.9923730E+02;
  8.1807762E-01;  6.6397154E-01; -2.1001054E-02;383;1;596941; -2.2205077E-01; -1.8771976E-02; -4.2812452E-02;  9.9905267E+02;
  3.1999927E+00;  4.9091399E-01; -2.1004234E-02;384;1;1013327;  6.2158990E-01;  3.7970895E-01; -1.7282036E-01;  9.9834686E+02;
  5.0414145E-01;  4.2301100E-01; -2.1000011E-02;386;1;396623; -1.1118216E-02; -8.7268688E-03; -3.4992406E-04;  9.9887671E+02;
  3.1428823E+00;  5.0256330E-01; -2.1000866E-02;390;1;1013380;  5.0349486E-01;  7.7171177E-02; -4.7445532E-02;  9.9770367E+02;
  8.1275898E-01;  4.4299063E-01; -2.1001035E-02;391;1;388454;  5.4508483E-01; -5.0723370E-02; -1.1953650E-01;  9.9878589E+02;
  8.5996777E-01;  8.0445123E-01; -2.1000009E-02;391;1;575393; -7.4859024E-03; -3.3177130E-02; -5.7318364E-04;  9.9896411E+02;
  7.4007869E-05;  3.6738801E-01; -2.1001363E-02;392;1;391482; -2.2497557E-01;  1.1235323E-01; -8.6876936E-02;  9.9907391E+02;
 -2.5978155E-04;  3.6754411E-01; -2.1002676E-02;392;1;375172; -2.5521502E-01;  1.1831722E-01; -9.2939600E-02;  9.9910431E+02;
 -2.9170795E-04;  3.6755839E-01; -2.1002002E-02;392;1;375810; -2.5844485E-01;  1.1892447E-01; -9.3831927E-02;  9.9911963E+02;
  7.0040751E-01;  7.5429845E-01; -2.1000013E-02;392;1;386412;  3.8838811E-02; -4.7280394E-02; -5.4748362E-04;  9.9901172E+02;
  2.2052895E-02;  3.7885824E-01; -2.1000149E-02;394;1;398239; -1.2804395E-01; -7.8277282E-02; -2.4464484E-02;  9.9894653E+02;
  1.4785431E-01;  2.9148915E-01; -2.1000011E-02;405;1;381823;  1.7248014E-02;  1.7122170E-03; -1.1016817E-03;  9.9894958E+02;
  1.7625481E-01;  7.9208004E-01; -2.1000022E-02;409;1;432247; -2.4459923E-02; -1.3277522E-02; -5.6124473E-04;  9.9898621E+02;
  2.5188532E-01;  9.9824911E-01; -2.1000030E-02;413;1;395580; -2.9825909E-02; -7.5141918E-03; -1.0368810E-03;  9.9899835E+02;
  6.3945210E-01;  5.5270362E-01; -2.1000499E-02;416;1;521295; -3.1674477E-05;  1.7253660E-03; -4.4674881E-02;  9.9643439E+02;
  3.1168575E+00;  4.9284443E-01; -2.1000009E-02;416;1;1007439;  9.3565611E-03; -5.1928308E-02; -4.7185610E-04;  9.9850867E+02;
  2.4799687E-01;  9.9790215E-01; -2.1000134E-02;419;1;400805; -1.4602576E-01; -6.2161055E-03; -2.0120284E-02;  9.9902875E+02;
  2.4792203E-01;  9.9789876E-01; -2.1000132E-02;419;1;411514; -1.4915399E-01; -6.2671956E-03; -2.0710174E-02;  9.9896417E+02;
  5.5902296E-01;  3.1037268E-01; -2.1000188E-02;420;1;478798; -2.1042302E-02; -2.8509315E-02; -8.1053004E-03;  9.9884784E+02;
  8.2008117E-01;  6.6891348E-01; -2.1000000E-02;420;1;504282;  1.4034566E-03;  1.6060557E-02; -1.9593800E-03;  9.9906458E+02;
  8.1192267E-01;  3.5720840E-01; -2.1000300E-02;421;1;402160;  1.0850174E-01; -6.5170951E-02; -4.8310675E-02;  9.9907526E+02;
  8.1218833E-01;  3.5704362E-01; -2.1000372E-02;421;1;520485;  1.0992821E-01; -7.5407036E-02; -4.1309200E-02;  9.9920569E+02;
  8.1255811E-01;  3.5677293E-01; -2.1000197E-02;422;1;553159;  1.1123932E-01; -9.2317916E-02; -4.7063317E-02;  9.9893024E+02;
  8.1266278E-01;  3.5668719E-01; -2.1000050E-02;422;1;585130;  1.1244373E-01; -9.8288201E-02; -4.9496897E-02;  9.9919128E+02;
  8.1281525E-01;  3.5655156E-01; -2.1000063E-02;422;1;553160;  1.1269163E-01; -1.1074079E-01; -6.6381961E-02;  9.9917041E+02;
  8.1304729E-01;  3.5632053E-01; -2.1001229E-02;422;1;595874;  1.1875786E-01; -1.2853675E-01; -6.4279057E-02;  9.9898999E+02;
  3.1923926E+00; -2.1006178E-02;  1.7632458E-01;423;1;889175; -2.3205380E-01; -1.7412369E-01; -2.9642153E-01;  9.9940668E+02;
  3.1916473E+00; -2.1001341E-02;  1.7333065E-01;424;1;862502; -4.6944517E-01; -9.7634666E-02; -9.0551518E-02;  9.9877820E+02;
  3.1915314E+00; -2.1000015E-02;  1.7189674E-01;424;1;930326;  2.0651661E-01; -6.0895026E-02;  1.4397309E-02;  9.9957635E+02;
  8.1986320E-01;  6.6957861E-01; -2.1000216E-02;425;1;456163; -1.1128892E-02;  1.2373638E-02; -1.1454289E-02;  9.9934619E+02;
  8.1985229E-01;  6.6959131E-01; -2.1000426E-02;425;1;591124; -9.2996079E-03;  1.2826934E-02; -2.3154454E-02;  9.9914850E+02;
  8.1984812E-01;  6.6959751E-01; -2.1000367E-02;425;1;399312; -7.2171702E-03;  1.3419910E-02; -1.9936286E-02;  9.9901678E+02;
  8.2011276E-01;  6.6976887E-01; -2.1000301E-02;426;1;591016;  7.1978264E-02;  2.9325241E-02; -9.7750043E-03;  9.9884790E+02;
  1.1048242E-01;  6.9157958E-01; -2.1000093E-02;432;1;400070;  4.3209633E-03; -3.3314337E-03; -2.1589117E-03;  9.9899823E+02;
  2.9725611E-01;  3.4252727E-01; -2.1000005E-02;432;1;408906;  1.1387280E-02; -4.8846588E-03; -1.6473077E-03;  9.9898199E+02;
  3.0991002E-03;  4.1689628E-01; -2.1000274E-02;448;1;439713; -7.2212187E-03;  1.9313738E-02; -9.4784787E-03;  9.9921722E+02;
  1.6627936E-01;  7.9413646E-01; -2.1000009E-02;453;1;453695; -1.6605755E-02;  1.5406218E-02; -2.6305902E-04;  9.9904620E+02;
  1.5020213E-01;  2.9990926E-01; -2.1000000E-02;454;1;376647; -7.4605457E-03;  2.6081547E-02; -2.1455045E-04;  9.9904706E+02;
  3.2747594E-01; -5.1088962E-03; -2.1000259E-02;463;1;491999;  5.4781377E-01; -2.5197059E-01; -1.7290312E-01;  9.9923676E+02;
  3.1280921E+00;  4.9923530E-01; -2.1000009E-02;464;1;1007925;  2.9703088E-03;  2.2832669E-02; -4.6373057E-04;  9.9848206E+02;
  3.1288018E+00;  5.0040251E-01; -2.1000015E-02;472;1;1007817;  1.5757866E-02; -2.1904360E-03; -5.1802967E-04;  9.9852570E+02;
  3.1288459E+00;  5.0033361E-01; -2.1000013E-02;473;1;1007979;  1.9674923E-02; -1.0810742E-02; -4.7038161E-04;  9.9853632E+02;
  9.0892784E-02;  3.0144488E-03; -2.1000003E-02;476;1;374513; -7.8725591E-03;  2.9628249E-03; -2.6142210E-04;  9.9910449E+02;
  9.0539269E-02;  3.1386022E-03; -2.1000005E-02;480;1;385424; -8.6278301E-03;  2.8089827E-03; -2.6904987E-04;  9.9911224E+02;
  7.1432769E-01;  7.2511441E-01; -2.1000011E-02;480;1;500840;  1.2900580E-02; -1.7284615E-02; -4.2348870E-04;  9.9912708E+02;
  4.7120151E-01;  1.8491305E-01; -2.1000003E-02;481;1;433994;  1.4962913E-02;  5.4734121E-03; -3.1991061E-04;  9.9912970E+02;
  1.0787903E+00;  4.8513877E-01; -2.1000002E-02;486;1;499689; -3.7355311E-02;  1.5528465E-02; -2.5072665E-04;  9.9907684E+02;
  1.7865476E-01;  9.9529678E-01; -2.1000013E-02;487;1;384668;  8.9860577E-03; -1.3824925E-04; -5.8960880E-04;  9.9915350E+02;
  7.2039610E-01;  9.9775046E-01; -2.1000057E-02;488;1;543326; -4.3181214E-02; -1.3854987E-02; -5.2160998E-03;  9.9911761E+02;
  4.5572179E-03;  4.2001837E-01; -2.1000344E-02;489;1;426453;  2.5357086E-02;  1.1989183E-02; -2.6120730E-02;  9.9937396E+02;
  1.1264300E-01;  6.8830389E-01; -2.1000003E-02;489;1;409405;  2.9282824E-03; -3.6955297E-03; -2.6114541E-04;  9.9910651E+02;
  7.1966481E-01;  9.9754715E-01; -2.1000333E-02;489;1;484307; -7.3106192E-02; -1.8073190E-02; -8.7912939E-03;  9.9911560E+02;
  2.3120229E-01;  9.9709773E-01; -2.1000003E-02;495;1;400429;  8.3265938E-03; -6.9372437E-04; -1.2934978E-04;  9.9916028E+02;
  1.5100456E-03;  4.1845119E-01; -2.1001777E-02;501;1;535894; -1.3386063E-01;  1.2584011E-01; -5.2182611E-02;  9.9934351E+02;
 -1.6421691E-03;  4.1795975E-01; -2.1002462E-02;502;1;371387;  6.4426994E-01; -9.2593797E-02; -7.3388658E-02;  9.9926489E+02;
  1.5654771E-01;  6.2409461E-01; -2.1000002E-02;503;1;448300;  4.6574390E-03; -1.6838990E-03; -3.2002534E-04;  9.9913129E+02;
  7.1602249E-01;  7.2003776E-01; -2.1000005E-02;504;1;452122; -2.3704423E-03; -1.5952853E-02; -3.6728883E-04;  9.9912476E+02;
  1.8136579E-01;  9.9562585E-01; -2.1000003E-02;511;1;459254;  1.2255102E-02;  5.0605508E-03; -2.5825584E-03;  9.9915295E+02;
  9.1548306E-01;  2.0283528E-01; -2.1000002E-02;514;1;531443; -5.1855825E-02; -1.4692028E-02; -6.0813053E-04;  9.9887396E+02;
  1.8182947E-01;  9.9590969E-01; -2.1000089E-02;514;1;379096;  1.5290620E-02;  1.3240290E-02; -9.8658549E-03;  9.9914923E+02;
  1.8189068E-01;  9.9596345E-01; -2.1000113E-02;515;1;384507;  1.5318208E-02;  1.3002808E-02; -1.1962209E-02;  9.9916724E+02;
  2.9569203E-01;  6.7176896E-01; -2.1000013E-02;516;1;426757;  6.0107533E-05; -1.7556502E-02; -3.5244040E-04;  9.9913074E+02;
  3.1381968E-01;  9.9861860E-01; -2.1000903E-02;517;1;406020;  1.3533814E-01;  3.5343386E-02; -2.7506534E-02;  9.9919495E+02;
  3.1438205E-01;  9.9875432E-01; -2.1001143E-02;517;1;432578;  1.5969720E-01;  3.7600510E-02; -3.6072075E-02;  9.9918921E+02;
  3.1461328E-01;  9.9880588E-01; -2.1000324E-02;518;1;406106;  1.7478593E-01;  3.8726784E-02; -3.7120841E-02;  9.9916864E+02;
  5.7298142E-01;  9.0220398E-01; -2.1000013E-02;522;1;400233; -2.0193718E-02; -8.2763946E-03; -4.0033745E-04;  9.9907513E+02;
  8.6693048E-02;  3.4772633E-03; -2.1000003E-02;525;1;369279; -6.4227679E-03; -6.0286991E-05; -2.2008581E-04;  9.9915436E+02;
  1.5493879E-01;  8.0618578E-01; -2.1000005E-02;526;1;469773; -1.1433151E-02;  9.9862535E-03; -2.8981012E-04;  9.9914276E+02;
  2.0425227E-01;  7.7250306E-03; -2.1000009E-02;526;1;380022;  7.6929196E-03; -2.1045150E-03; -3.5119810E-04;  9.9917352E+02;
  1.5804642E-01;  6.2357271E-01; -2.1000000E-02;527;1;448196;  7.2606695E-03; -2.6550367E-03; -3.0662704E-04;  9.9916528E+02;
  3.2152972E+00; -2.1000015E-02; -1.6143727E-03;529;1;935672; -4.1413609E-02; -7.4645231E-04; -1.7885213E-01;  9.9895483E+02;
  9.0617365E-01;  2.0093724E-01; -2.1000009E-02;530;1;462216; -5.0024737E-02; -5.4095034E-03; -4.4345035E-04;  9.9872516E+02;
  3.2140770E+00; -9.7810449E-03; -2.1001885E-02;537;1;636998; -1.9612596E-03;  2.2194542E-01; -4.8746198E-02;  9.9902448E+02;
  2.0501433E-01;  7.3809330E-03; -2.1000003E-02;538;1;406920;  2.0027922E-03; -3.3184802E-03; -3.0971901E-04;  9.9916254E+02;
  3.2139690E+00; -8.2540940E-03; -2.1000823E-02;538;1;366188; -9.7509529E-03;  1.2068680E-01; -2.7109552E-02;  9.9902405E+02;
  3.1380334E+00;  4.5310232E-01; -2.1000009E-02;540;1;1013167; -2.5735386E-02; -2.3040080E-02; -5.1786628E-04;  9.9872217E+02;
  1.7415753E-01;  8.7840247E-01; -2.1000005E-02;543;1;496359; -9.6701384E-03; -8.0403648E-03; -3.1603611E-04;  9.9912915E+02;
  9.3925512E-01;  3.1299841E-01; -2.1000011E-02;547;1;392596;  8.1557194E-03; -1.0120299E-02; -6.5240421E-04;  9.9877441E+02;
  3.0139515E-01;  3.4917459E-01; -2.1000015E-02;550;1;429865; -6.6215977E-02;  1.1921961E-02; -5.6079827E-04;  9.9896918E+02;
  1.0584599E+00;  4.9633992E-01; -2.1000002E-02;550;1;553145;  2.5552010E-02;  1.5975982E-02; -5.6289521E-04;  9.9880597E+02;
  8.3675645E-02;  3.2646514E-03; -2.1000003E-02;551;1;444186; -2.6484136E-02; -1.0379103E-03; -2.2136391E-04;  9.9910480E+02;
  2.6433402E-01;  7.1841818E-01; -2.1000011E-02;552;1;371683; -5.8861580E-02; -1.0771874E-02; -3.5920861E-04;  9.9897467E+02;
  3.2431879E-03;  5.8616877E-01; -2.1000039E-02;565;1;375708;  8.9885101E-02; -4.4768926E-02; -1.4788000E-02;  9.9901129E+02;
  2.1591913E-03;  3.6968264E-01; -2.1000061E-02;567;1;369860; -3.8451490E-03;  2.0077989E-02; -1.7095747E-03;  9.9874408E+02;
  1.8704173E-01;  4.5009935E-03; -2.1000044E-02;572;1;406819; -2.9660188E-02; -9.4828829E-03; -1.7244128E-03;  9.9866730E+02;
  1.5357272E-01;  6.1666954E-01; -2.1000143E-02;573;1;496195;  1.2202787E-01; -8.9156523E-02; -7.7078291E-03;  9.9859430E+02;
  3.2825348E-01;  1.7876381E-03; -2.1000026E-02;574;1;374514;  3.4916617E-02; -2.3379340E-03; -7.9542340E-04;  9.9884973E+02;
  8.9762837E-01;  2.0102060E-01; -2.1000005E-02;576;1;488716; -2.5203021E-02; -1.0570743E-02; -4.4387949E-04;  9.9885345E+02;
  2.6084590E-01;  7.1968096E-01; -2.1000016E-02;580;1;403853;  6.9792323E-02;  2.3296967E-02; -5.1873253E-04;  9.9875348E+02;
  1.0700656E-01;  6.8296158E-01; -2.1000009E-02;580;1;506930;  1.9843426E-02;  5.5366601E-03; -8.9797413E-04;  9.9866187E+02;
  8.9537507E-01;  2.0003569E-01; -2.1000005E-02;583;1;461992; -3.6650427E-02; -1.5567875E-02; -2.9335701E-04;  9.9884882E+02;
  4.6227118E-01;  1.9436862E-01; -2.1000002E-02;584;1;399517;  2.8607469E-02;  3.0650154E-03; -2.8199077E-04;  9.9889539E+02;
  9.4034636E-01;  3.0577800E-01; -2.1000003E-02;584;1;456654; -1.3270893E-02; -3.0646544E-02; -2.8721959E-04;  9.9880804E+02;
  4.6332875E-01;  1.9443876E-01; -2.1000003E-02;588;1;414352;  3.4115758E-02;  8.6296158E-04; -2.6515490E-04;  9.9889551E+02;
  3.9583173E-01;  2.6394829E-01; -2.1000011E-02;590;1;403536;  3.0539142E-02; -7.7680417E-04; -4.0201208E-04;  9.9885504E+02;
  1.8721994E-03;  3.7259328E-01; -2.1000005E-02;594;1;386101; -4.2917165E-03; -3.8764882E-03; -1.9181901E-04;  9.9865051E+02;
  9.3760568E-01;  3.0113214E-01; -2.1000009E-02;597;1;477985; -2.1626489E-02; -4.1157987E-02; -4.2712432E-04;  9.9877698E+02;
