Part;TimeStep [s];Nout;Nout_Pos;Nout_Rhop;Nout_Vel;Nout_Unknown
0;0.000000;0;0;0;0;0
1;0.000000;0;0;0;0;0
2;0.000000;0;0;0;0;0
3;0.000000;0;0;0;0;0
4;0.000000;0;0;0;0;0
5;0.000000;0;0;0;0;0
6;0.000000;0;0;0;0;0
7;0.000000;0;0;0;0;0
8;0.000000;0;0;0;0;0
9;0.000000;0;0;0;0;0
10;0.000000;0;0;0;0;0
11;0.000000;0;0;0;0;0
12;0.000000;0;0;0;0;0
13;0.000000;0;0;0;0;0
14;0.000000;0;0;0;0;0
15;0.000000;0;0;0;0;0
16;0.000000;0;0;0;0;0
17;0.000000;0;0;0;0;0
18;0.000000;0;0;0;0;0
19;0.000000;0;0;0;0;0
20;0.000000;0;0;0;0;0
21;0.000000;0;0;0;0;0
22;0.000000;0;0;0;0;0
23;0.000000;0;0;0;0;0
24;0.000000;0;0;0;0;0
25;0.000000;0;0;0;0;0
26;0.000000;0;0;0;0;0
27;0.000000;0;0;0;0;0
28;0.000000;0;0;0;0;0
29;0.000000;0;0;0;0;0
30;0.000000;0;0;0;0;0
31;0.000000;0;0;0;0;0
32;0.000000;0;0;0;0;0
33;0.000000;0;0;0;0;0
34;0.000000;0;0;0;0;0
35;0.000000;0;0;0;0;0
36;0.000000;0;0;0;0;0
37;0.000000;0;0;0;0;0
38;0.000000;0;0;0;0;0
39;0.000000;0;0;0;0;0
40;0.000000;0;0;0;0;0
41;0.000000;0;0;0;0;0
42;0.000000;0;0;0;0;0
43;0.000000;0;0;0;0;0
44;0.000000;0;0;0;0;0
45;0.000000;0;0;0;0;0
46;0.000000;0;0;0;0;0
47;0.000000;0;0;0;0;0
48;0.000000;0;0;0;0;0
49;0.000000;0;0;0;0;0
50;0.000000;0;0;0;0;0
51;0.000000;0;0;0;0;0
52;0.000000;0;0;0;0;0
53;0.000000;0;0;0;0;0
54;0.000000;0;0;0;0;0
55;0.000000;0;0;0;0;0
56;0.000000;0;0;0;0;0
57;0.000000;0;0;0;0;0
58;0.000000;0;0;0;0;0
59;0.000000;0;0;0;0;0
60;0.000000;0;0;0;0;0
61;0.000000;0;0;0;0;0
62;0.000000;0;0;0;0;0
63;0.000000;0;0;0;0;0
64;0.000000;0;0;0;0;0
65;0.000000;0;0;0;0;0
66;0.000000;0;0;0;0;0
67;0.000000;0;0;0;0;0
68;0.000000;0;0;0;0;0
69;0.000000;0;0;0;0;0
70;0.000000;0;0;0;0;0
71;0.000000;0;0;0;0;0
72;0.000000;0;0;0;0;0
73;0.000000;0;0;0;0;0
74;0.000000;0;0;0;0;0
75;0.000000;0;0;0;0;0
76;0.000000;0;0;0;0;0
77;0.000000;0;0;0;0;0
78;0.000000;0;0;0;0;0
79;0.000000;0;0;0;0;0
80;0.000000;0;0;0;0;0
81;0.000000;0;0;0;0;0
82;0.000000;0;0;0;0;0
83;0.000000;0;0;0;0;0
84;0.000000;0;0;0;0;0
85;0.000000;0;0;0;0;0
86;0.000000;0;0;0;0;0
87;0.000000;0;0;0;0;0
88;0.000000;0;0;0;0;0
89;0.000000;0;0;0;0;0
90;0.000000;0;0;0;0;0
91;0.000000;0;0;0;0;0
92;0.000000;0;0;0;0;0
93;0.000000;0;0;0;0;0
94;0.000000;0;0;0;0;0
95;0.000000;0;0;0;0;0
96;0.960009;1;1;0;0;0
97;0.970063;4;4;0;0;0
98;0.980053;5;5;0;0;0
99;0.990021;5;5;0;0;0
100;1.000067;5;5;0;0;0
101;1.010067;6;6;0;0;0
102;1.020068;12;12;0;0;0
103;1.030040;6;6;0;0;0
104;1.040037;3;3;0;0;0
105;1.050014;8;8;0;0;0
106;1.060055;5;5;0;0;0
107;1.070035;10;10;0;0;0
108;1.080063;5;5;0;0;0
109;1.090008;2;2;0;0;0
110;0.000000;0;0;0;0;0
111;1.110042;2;2;0;0;0
112;0.000000;0;0;0;0;0
113;1.130046;2;2;0;0;0
114;1.140019;3;3;0;0;0
115;1.150016;4;4;0;0;0
116;1.160026;10;10;0;0;0
117;1.170054;5;5;0;0;0
118;1.180038;3;3;0;0;0
119;1.190051;2;2;0;0;0
120;1.200003;8;8;0;0;0
121;1.210009;9;9;0;0;0
122;1.220031;4;4;0;0;0
123;1.230050;10;10;0;0;0
124;1.240032;4;4;0;0;0
125;1.250064;13;13;0;0;0
126;1.260052;7;7;0;0;0
127;1.270069;9;9;0;0;0
128;1.280048;6;6;0;0;0
129;1.290012;4;4;0;0;0
130;1.300055;1;1;0;0;0
131;1.310029;3;3;0;0;0
132;1.320022;9;9;0;0;0
133;1.330015;6;6;0;0;0
134;1.340037;7;7;0;0;0
135;1.350013;9;9;0;0;0
136;1.360042;8;8;0;0;0
137;1.370002;5;5;0;0;0
138;1.380053;3;3;0;0;0
139;1.390018;7;7;0;0;0
140;1.400026;5;5;0;0;0
141;1.410003;7;7;0;0;0
142;1.420001;8;8;0;0;0
143;1.430003;6;6;0;0;0
144;1.440072;4;4;0;0;0
145;1.450046;8;8;0;0;0
146;1.460017;3;3;0;0;0
147;1.470005;2;2;0;0;0
148;1.480046;6;6;0;0;0
149;1.490035;7;7;0;0;0
150;1.500030;2;2;0;0;0
151;1.510006;3;3;0;0;0
152;1.520059;2;2;0;0;0
153;1.530018;4;4;0;0;0
154;1.540009;4;4;0;0;0
155;1.550008;7;7;0;0;0
156;1.560017;1;1;0;0;0
157;1.570072;1;1;0;0;0
158;1.580058;6;6;0;0;0
159;1.590033;1;1;0;0;0
160;1.600036;2;2;0;0;0
161;1.610026;1;1;0;0;0
162;1.620008;7;7;0;0;0
163;1.630002;7;7;0;0;0
164;1.640062;2;2;0;0;0
165;1.650072;3;3;0;0;0
166;1.660038;3;3;0;0;0
167;1.670032;4;4;0;0;0
168;1.680023;2;2;0;0;0
169;1.690008;1;1;0;0;0
170;1.700019;3;3;0;0;0
171;1.710037;3;3;0;0;0
172;1.720064;1;1;0;0;0
173;1.730031;1;1;0;0;0
174;1.740058;3;3;0;0;0
175;1.750010;1;1;0;0;0
176;1.760049;1;1;0;0;0
177;1.770074;3;3;0;0;0
178;1.780012;4;4;0;0;0
179;1.790032;5;5;0;0;0
180;1.800066;1;1;0;0;0
181;1.810037;3;3;0;0;0
182;1.820026;2;2;0;0;0
183;1.830035;4;4;0;0;0
184;0.000000;0;0;0;0;0
185;1.850020;3;3;0;0;0
186;1.860005;3;3;0;0;0
187;1.870059;9;9;0;0;0
188;1.880054;6;6;0;0;0
189;1.890016;4;4;0;0;0
190;1.900018;2;2;0;0;0
191;0.000000;0;0;0;0;0
192;0.000000;0;0;0;0;0
193;1.930023;4;4;0;0;0
194;0.000000;0;0;0;0;0
195;1.950017;5;5;0;0;0
196;1.960000;2;2;0;0;0
197;0.000000;0;0;0;0;0
198;0.000000;0;0;0;0;0
199;0.000000;0;0;0;0;0
200;2.000060;1;1;0;0;0
201;0.000000;0;0;0;0;0
202;2.020043;2;2;0;0;0
203;2.030002;1;1;0;0;0
204;2.040069;1;1;0;0;0
205;0.000000;0;0;0;0;0
206;2.060048;1;1;0;0;0
207;2.070056;3;3;0;0;0
208;2.080045;1;1;0;0;0
209;0.000000;0;0;0;0;0
210;2.100050;1;1;0;0;0
211;0.000000;0;0;0;0;0
212;2.120003;3;3;0;0;0
213;2.130043;2;2;0;0;0
214;2.140001;5;5;0;0;0
215;2.150058;2;2;0;0;0
216;0.000000;0;0;0;0;0
217;0.000000;0;0;0;0;0
218;0.000000;0;0;0;0;0
219;0.000000;0;0;0;0;0
220;0.000000;0;0;0;0;0
221;0.000000;0;0;0;0;0
222;2.220071;4;4;0;0;0
223;0.000000;0;0;0;0;0
224;0.000000;0;0;0;0;0
225;2.250070;2;2;0;0;0
226;2.260050;4;4;0;0;0
227;2.270050;1;1;0;0;0
228;0.000000;0;0;0;0;0
229;2.290065;2;2;0;0;0
230;0.000000;0;0;0;0;0
231;2.310054;3;3;0;0;0
232;0.000000;0;0;0;0;0
233;2.330038;1;1;0;0;0
234;0.000000;0;0;0;0;0
235;0.000000;0;0;0;0;0
236;0.000000;0;0;0;0;0
237;0.000000;0;0;0;0;0
238;2.380062;1;1;0;0;0
239;2.390037;1;1;0;0;0
240;0.000000;0;0;0;0;0
241;0.000000;0;0;0;0;0
242;0.000000;0;0;0;0;0
243;0.000000;0;0;0;0;0
244;0.000000;0;0;0;0;0
245;0.000000;0;0;0;0;0
246;0.000000;0;0;0;0;0
247;0.000000;0;0;0;0;0
248;0.000000;0;0;0;0;0
249;0.000000;0;0;0;0;0
250;2.500064;1;1;0;0;0
251;0.000000;0;0;0;0;0
252;0.000000;0;0;0;0;0
253;0.000000;0;0;0;0;0
254;0.000000;0;0;0;0;0
255;0.000000;0;0;0;0;0
256;0.000000;0;0;0;0;0
257;0.000000;0;0;0;0;0
258;2.580013;1;1;0;0;0
259;2.590039;1;1;0;0;0
260;2.600031;1;1;0;0;0
261;2.610065;1;1;0;0;0
262;2.620035;1;1;0;0;0
263;0.000000;0;0;0;0;0
264;0.000000;0;0;0;0;0
265;2.650018;2;2;0;0;0
266;2.660035;3;3;0;0;0
267;2.670046;1;1;0;0;0
268;2.680014;2;2;0;0;0
269;0.000000;0;0;0;0;0
270;0.000000;0;0;0;0;0
271;0.000000;0;0;0;0;0
272;0.000000;0;0;0;0;0
273;0.000000;0;0;0;0;0
274;2.740037;1;1;0;0;0
275;2.750002;1;1;0;0;0
276;2.760047;1;1;0;0;0
277;0.000000;0;0;0;0;0
278;2.780060;1;1;0;0;0
279;0.000000;0;0;0;0;0
280;0.000000;0;0;0;0;0
281;0.000000;0;0;0;0;0
282;2.820080;1;1;0;0;0
283;0.000000;0;0;0;0;0
284;2.840071;1;1;0;0;0
285;0.000000;0;0;0;0;0
286;0.000000;0;0;0;0;0
287;2.870014;2;2;0;0;0
288;0.000000;0;0;0;0;0
289;0.000000;0;0;0;0;0
290;0.000000;0;0;0;0;0
291;0.000000;0;0;0;0;0
292;0.000000;0;0;0;0;0
293;2.930010;1;1;0;0;0
294;0.000000;0;0;0;0;0
295;0.000000;0;0;0;0;0
296;0.000000;0;0;0;0;0
297;2.970052;1;1;0;0;0
298;0.000000;0;0;0;0;0
299;2.990044;1;1;0;0;0
300;0.000000;0;0;0;0;0
301;3.010037;3;3;0;0;0
302;0.000000;0;0;0;0;0
303;3.030025;2;2;0;0;0
304;3.040014;2;2;0;0;0
305;3.050017;2;2;0;0;0
306;0.000000;0;0;0;0;0
307;3.070028;1;1;0;0;0
308;0.000000;0;0;0;0;0
309;0.000000;0;0;0;0;0
310;3.100027;1;1;0;0;0
311;0.000000;0;0;0;0;0
312;0.000000;0;0;0;0;0
313;0.000000;0;0;0;0;0
314;3.140022;1;1;0;0;0
315;3.150018;1;1;0;0;0
316;3.160069;2;2;0;0;0
317;3.170038;3;3;0;0;0
318;3.180015;3;3;0;0;0
319;3.190056;1;1;0;0;0
320;0.000000;0;0;0;0;0
321;0.000000;0;0;0;0;0
322;0.000000;0;0;0;0;0
323;3.230018;1;1;0;0;0
324;0.000000;0;0;0;0;0
325;3.250059;2;2;0;0;0
326;3.260076;1;1;0;0;0
327;0.000000;0;0;0;0;0
328;3.280057;2;2;0;0;0
329;0.000000;0;0;0;0;0
330;0.000000;0;0;0;0;0
331;0.000000;0;0;0;0;0
332;0.000000;0;0;0;0;0
333;0.000000;0;0;0;0;0
334;0.000000;0;0;0;0;0
335;0.000000;0;0;0;0;0
336;0.000000;0;0;0;0;0
337;0.000000;0;0;0;0;0
338;3.380049;1;1;0;0;0
339;3.390017;2;2;0;0;0
340;0.000000;0;0;0;0;0
341;0.000000;0;0;0;0;0
342;0.000000;0;0;0;0;0
343;0.000000;0;0;0;0;0
344;3.440072;1;1;0;0;0
345;3.450043;1;1;0;0;0
346;0.000000;0;0;0;0;0
347;0.000000;0;0;0;0;0
348;0.000000;0;0;0;0;0
349;0.000000;0;0;0;0;0
350;0.000000;0;0;0;0;0
351;3.510041;1;1;0;0;0
352;3.520044;1;1;0;0;0
353;0.000000;0;0;0;0;0
354;3.540071;1;1;0;0;0
355;0.000000;0;0;0;0;0
356;0.000000;0;0;0;0;0
357;0.000000;0;0;0;0;0
358;0.000000;0;0;0;0;0
359;0.000000;0;0;0;0;0
360;0.000000;0;0;0;0;0
361;3.610029;4;4;0;0;0
362;3.620034;4;4;0;0;0
363;3.630028;2;2;0;0;0
364;0.000000;0;0;0;0;0
365;3.650062;1;1;0;0;0
366;0.000000;0;0;0;0;0
367;0.000000;0;0;0;0;0
368;3.680076;1;1;0;0;0
369;0.000000;0;0;0;0;0
370;0.000000;0;0;0;0;0
371;0.000000;0;0;0;0;0
372;3.720033;1;1;0;0;0
373;3.730035;1;1;0;0;0
374;0.000000;0;0;0;0;0
375;0.000000;0;0;0;0;0
376;3.760039;1;1;0;0;0
377;3.770072;1;1;0;0;0
378;3.780035;2;2;0;0;0
379;3.790017;3;3;0;0;0
380;0.000000;0;0;0;0;0
381;0.000000;0;0;0;0;0
382;3.820053;1;1;0;0;0
383;3.830018;4;4;0;0;0
384;3.840022;1;1;0;0;0
385;0.000000;0;0;0;0;0
386;3.860037;1;1;0;0;0
387;0.000000;0;0;0;0;0
388;0.000000;0;0;0;0;0
389;0.000000;0;0;0;0;0
390;3.900045;1;1;0;0;0
391;3.910018;2;2;0;0;0
392;3.920059;4;4;0;0;0
393;0.000000;0;0;0;0;0
394;3.940065;1;1;0;0;0
395;0.000000;0;0;0;0;0
396;0.000000;0;0;0;0;0
397;0.000000;0;0;0;0;0
398;0.000000;0;0;0;0;0
399;0.000000;0;0;0;0;0
400;0.000000;0;0;0;0;0
401;0.000000;0;0;0;0;0
402;0.000000;0;0;0;0;0
403;0.000000;0;0;0;0;0
404;0.000000;0;0;0;0;0
405;4.050033;1;1;0;0;0
406;0.000000;0;0;0;0;0
407;0.000000;0;0;0;0;0
408;0.000000;0;0;0;0;0
409;4.090038;1;1;0;0;0
410;0.000000;0;0;0;0;0
411;0.000000;0;0;0;0;0
412;0.000000;0;0;0;0;0
413;4.130063;1;1;0;0;0
414;0.000000;0;0;0;0;0
415;0.000000;0;0;0;0;0
416;4.160073;2;2;0;0;0
417;0.000000;0;0;0;0;0
418;0.000000;0;0;0;0;0
419;4.190030;2;2;0;0;0
420;4.200081;2;2;0;0;0
421;4.210068;2;2;0;0;0
422;4.220071;4;4;0;0;0
423;4.230049;1;1;0;0;0
424;4.240007;2;2;0;0;0
425;4.250059;3;3;0;0;0
426;4.260044;1;1;0;0;0
427;0.000000;0;0;0;0;0
428;0.000000;0;0;0;0;0
429;0.000000;0;0;0;0;0
430;0.000000;0;0;0;0;0
431;0.000000;0;0;0;0;0
432;4.320006;2;2;0;0;0
433;0.000000;0;0;0;0;0
434;0.000000;0;0;0;0;0
435;0.000000;0;0;0;0;0
436;0.000000;0;0;0;0;0
437;0.000000;0;0;0;0;0
438;0.000000;0;0;0;0;0
439;0.000000;0;0;0;0;0
440;0.000000;0;0;0;0;0
441;0.000000;0;0;0;0;0
442;0.000000;0;0;0;0;0
443;0.000000;0;0;0;0;0
444;0.000000;0;0;0;0;0
445;0.000000;0;0;0;0;0
446;0.000000;0;0;0;0;0
447;0.000000;0;0;0;0;0
448;4.480053;1;1;0;0;0
449;0.000000;0;0;0;0;0
450;0.000000;0;0;0;0;0
451;0.000000;0;0;0;0;0
452;0.000000;0;0;0;0;0
453;4.530032;1;1;0;0;0
454;4.540061;1;1;0;0;0
455;0.000000;0;0;0;0;0
456;0.000000;0;0;0;0;0
457;0.000000;0;0;0;0;0
458;0.000000;0;0;0;0;0
459;0.000000;0;0;0;0;0
460;0.000000;0;0;0;0;0
461;0.000000;0;0;0;0;0
462;0.000000;0;0;0;0;0
463;4.630038;1;1;0;0;0
464;4.640069;1;1;0;0;0
465;0.000000;0;0;0;0;0
466;0.000000;0;0;0;0;0
467;0.000000;0;0;0;0;0
468;0.000000;0;0;0;0;0
469;0.000000;0;0;0;0;0
470;0.000000;0;0;0;0;0
471;0.000000;0;0;0;0;0
472;4.720009;1;1;0;0;0
473;4.730053;1;1;0;0;0
474;0.000000;0;0;0;0;0
475;0.000000;0;0;0;0;0
476;4.760007;1;1;0;0;0
477;0.000000;0;0;0;0;0
478;0.000000;0;0;0;0;0
479;0.000000;0;0;0;0;0
480;4.800040;2;2;0;0;0
481;4.810071;1;1;0;0;0
482;0.000000;0;0;0;0;0
483;0.000000;0;0;0;0;0
484;0.000000;0;0;0;0;0
485;0.000000;0;0;0;0;0
486;4.860038;1;1;0;0;0
487;4.870015;1;1;0;0;0
488;4.880044;1;1;0;0;0
489;4.890025;3;3;0;0;0
490;0.000000;0;0;0;0;0
491;0.000000;0;0;0;0;0
492;0.000000;0;0;0;0;0
493;0.000000;0;0;0;0;0
494;0.000000;0;0;0;0;0
495;4.950017;1;1;0;0;0
496;0.000000;0;0;0;0;0
497;0.000000;0;0;0;0;0
498;0.000000;0;0;0;0;0
499;0.000000;0;0;0;0;0
500;0.000000;0;0;0;0;0
501;5.010025;1;1;0;0;0
502;5.020069;1;1;0;0;0
503;5.030047;1;1;0;0;0
504;5.040030;1;1;0;0;0
505;0.000000;0;0;0;0;0
506;0.000000;0;0;0;0;0
507;0.000000;0;0;0;0;0
508;0.000000;0;0;0;0;0
509;0.000000;0;0;0;0;0
510;0.000000;0;0;0;0;0
511;5.110057;1;1;0;0;0
512;0.000000;0;0;0;0;0
513;0.000000;0;0;0;0;0
514;5.140010;2;2;0;0;0
515;5.150001;1;1;0;0;0
516;5.160052;1;1;0;0;0
517;5.170027;2;2;0;0;0
518;5.180014;1;1;0;0;0
519;0.000000;0;0;0;0;0
520;0.000000;0;0;0;0;0
521;0.000000;0;0;0;0;0
522;5.220002;1;1;0;0;0
523;0.000000;0;0;0;0;0
524;0.000000;0;0;0;0;0
525;5.250049;1;1;0;0;0
526;5.260012;2;2;0;0;0
527;5.270064;1;1;0;0;0
528;0.000000;0;0;0;0;0
529;5.290030;1;1;0;0;0
530;5.300048;1;1;0;0;0
531;0.000000;0;0;0;0;0
532;0.000000;0;0;0;0;0
533;0.000000;0;0;0;0;0
534;0.000000;0;0;0;0;0
535;0.000000;0;0;0;0;0
536;0.000000;0;0;0;0;0
537;5.370020;1;1;0;0;0
538;5.380067;2;2;0;0;0
539;0.000000;0;0;0;0;0
540;5.400021;1;1;0;0;0
541;0.000000;0;0;0;0;0
542;0.000000;0;0;0;0;0
543;5.430077;1;1;0;0;0
544;0.000000;0;0;0;0;0
545;0.000000;0;0;0;0;0
546;0.000000;0;0;0;0;0
547;5.470052;1;1;0;0;0
548;0.000000;0;0;0;0;0
549;0.000000;0;0;0;0;0
550;5.500044;2;2;0;0;0
551;5.510055;1;1;0;0;0
552;5.520005;1;1;0;0;0
553;0.000000;0;0;0;0;0
554;0.000000;0;0;0;0;0
555;0.000000;0;0;0;0;0
556;0.000000;0;0;0;0;0
557;0.000000;0;0;0;0;0
558;0.000000;0;0;0;0;0
559;0.000000;0;0;0;0;0
560;0.000000;0;0;0;0;0
561;0.000000;0;0;0;0;0
562;0.000000;0;0;0;0;0
563;0.000000;0;0;0;0;0
564;0.000000;0;0;0;0;0
565;5.650076;1;1;0;0;0
566;0.000000;0;0;0;0;0
567;5.670024;1;1;0;0;0
568;0.000000;0;0;0;0;0
569;0.000000;0;0;0;0;0
570;0.000000;0;0;0;0;0
571;0.000000;0;0;0;0;0
572;5.720030;1;1;0;0;0
573;5.730067;1;1;0;0;0
574;5.740015;1;1;0;0;0
575;0.000000;0;0;0;0;0
576;5.760054;1;1;0;0;0
577;0.000000;0;0;0;0;0
578;0.000000;0;0;0;0;0
579;0.000000;0;0;0;0;0
580;5.800020;2;2;0;0;0
581;0.000000;0;0;0;0;0
582;0.000000;0;0;0;0;0
583;5.830017;1;1;0;0;0
584;5.840005;2;2;0;0;0
585;0.000000;0;0;0;0;0
586;0.000000;0;0;0;0;0
587;0.000000;0;0;0;0;0
588;5.880074;1;1;0;0;0
589;0.000000;0;0;0;0;0
590;5.900029;1;1;0;0;0
591;0.000000;0;0;0;0;0
592;0.000000;0;0;0;0;0
593;0.000000;0;0;0;0;0
594;5.940026;1;1;0;0;0
595;0.000000;0;0;0;0;0
596;0.000000;0;0;0;0;0
597;5.970060;1;1;0;0;0
