# DS-DATA-02 F6 control ledger; first column is physical time in seconds
time_s,mode,release_time_s,heave_offset_m,wave_height_m,wave_period_s,ramp_periods
0,initial_release,0,0.1,0,,0
0.01,initial_release,0,0.1,0,,0
0.02,initial_release,0,0.1,0,,0
0.03,initial_release,0,0.1,0,,0
0.04,initial_release,0,0.1,0,,0
0.05,initial_release,0,0.1,0,,0
0.06,initial_release,0,0.1,0,,0
0.07,initial_release,0,0.1,0,,0
0.08,initial_release,0,0.1,0,,0
0.09,initial_release,0,0.1,0,,0
0.1,initial_release,0,0.1,0,,0
0.11,initial_release,0,0.1,0,,0
0.12,initial_release,0,0.1,0,,0
0.13,initial_release,0,0.1,0,,0
0.14,initial_release,0,0.1,0,,0
0.15,initial_release,0,0.1,0,,0
0.16,initial_release,0,0.1,0,,0
0.17,initial_release,0,0.1,0,,0
0.18,initial_release,0,0.1,0,,0
0.19,initial_release,0,0.1,0,,0
0.2,initial_release,0,0.1,0,,0
0.21,initial_release,0,0.1,0,,0
0.22,initial_release,0,0.1,0,,0
0.23,initial_release,0,0.1,0,,0
0.24,initial_release,0,0.1,0,,0
0.25,initial_release,0,0.1,0,,0
0.26,initial_release,0,0.1,0,,0
0.27,initial_release,0,0.1,0,,0
0.28,initial_release,0,0.1,0,,0
0.29,initial_release,0,0.1,0,,0
0.3,initial_release,0,0.1,0,,0
0.31,initial_release,0,0.1,0,,0
0.32,initial_release,0,0.1,0,,0
0.33,initial_release,0,0.1,0,,0
0.34,initial_release,0,0.1,0,,0
0.35,initial_release,0,0.1,0,,0
0.36,initial_release,0,0.1,0,,0
0.37,initial_release,0,0.1,0,,0
0.38,initial_release,0,0.1,0,,0
0.39,initial_release,0,0.1,0,,0
0.4,initial_release,0,0.1,0,,0
0.41,initial_release,0,0.1,0,,0
0.42,initial_release,0,0.1,0,,0
0.43,initial_release,0,0.1,0,,0
0.44,initial_release,0,0.1,0,,0
0.45,initial_release,0,0.1,0,,0
0.46,initial_release,0,0.1,0,,0
0.47,initial_release,0,0.1,0,,0
0.48,initial_release,0,0.1,0,,0
0.49,initial_release,0,0.1,0,,0
0.5,initial_release,0,0.1,0,,0
0.51,initial_release,0,0.1,0,,0
0.52,initial_release,0,0.1,0,,0
0.53,initial_release,0,0.1,0,,0
0.54,initial_release,0,0.1,0,,0
0.55,initial_release,0,0.1,0,,0
0.56,initial_release,0,0.1,0,,0
0.57,initial_release,0,0.1,0,,0
0.58,initial_release,0,0.1,0,,0
0.59,initial_release,0,0.1,0,,0
0.6,initial_release,0,0.1,0,,0
0.61,initial_release,0,0.1,0,,0
0.62,initial_release,0,0.1,0,,0
0.63,initial_release,0,0.1,0,,0
0.64,initial_release,0,0.1,0,,0
0.65,initial_release,0,0.1,0,,0
0.66,initial_release,0,0.1,0,,0
0.67,initial_release,0,0.1,0,,0
0.68,initial_release,0,0.1,0,,0
0.69,initial_release,0,0.1,0,,0
0.7,initial_release,0,0.1,0,,0
0.71,initial_release,0,0.1,0,,0
0.72,initial_release,0,0.1,0,,0
0.73,initial_release,0,0.1,0,,0
0.74,initial_release,0,0.1,0,,0
0.75,initial_release,0,0.1,0,,0
0.76,initial_release,0,0.1,0,,0
0.77,initial_release,0,0.1,0,,0
0.78,initial_release,0,0.1,0,,0
0.79,initial_release,0,0.1,0,,0
0.8,initial_release,0,0.1,0,,0
0.81,initial_release,0,0.1,0,,0
0.82,initial_release,0,0.1,0,,0
0.83,initial_release,0,0.1,0,,0
0.84,initial_release,0,0.1,0,,0
0.85,initial_release,0,0.1,0,,0
0.86,initial_release,0,0.1,0,,0
0.87,initial_release,0,0.1,0,,0
0.88,initial_release,0,0.1,0,,0
0.89,initial_release,0,0.1,0,,0
0.9,initial_release,0,0.1,0,,0
0.91,initial_release,0,0.1,0,,0
0.92,initial_release,0,0.1,0,,0
0.93,initial_release,0,0.1,0,,0
0.94,initial_release,0,0.1,0,,0
0.95,initial_release,0,0.1,0,,0
0.96,initial_release,0,0.1,0,,0
0.97,initial_release,0,0.1,0,,0
0.98,initial_release,0,0.1,0,,0
0.99,initial_release,0,0.1,0,,0
1,initial_release,0,0.1,0,,0
1.01,initial_release,0,0.1,0,,0
1.02,initial_release,0,0.1,0,,0
1.03,initial_release,0,0.1,0,,0
1.04,initial_release,0,0.1,0,,0
1.05,initial_release,0,0.1,0,,0
1.06,initial_release,0,0.1,0,,0
1.07,initial_release,0,0.1,0,,0
1.08,initial_release,0,0.1,0,,0
1.09,initial_release,0,0.1,0,,0
1.1,initial_release,0,0.1,0,,0
1.11,initial_release,0,0.1,0,,0
1.12,initial_release,0,0.1,0,,0
1.13,initial_release,0,0.1,0,,0
1.14,initial_release,0,0.1,0,,0
1.15,initial_release,0,0.1,0,,0
1.16,initial_release,0,0.1,0,,0
1.17,initial_release,0,0.1,0,,0
1.18,initial_release,0,0.1,0,,0
1.19,initial_release,0,0.1,0,,0
1.2,initial_release,0,0.1,0,,0
1.21,initial_release,0,0.1,0,,0
1.22,initial_release,0,0.1,0,,0
1.23,initial_release,0,0.1,0,,0
1.24,initial_release,0,0.1,0,,0
1.25,initial_release,0,0.1,0,,0
1.26,initial_release,0,0.1,0,,0
1.27,initial_release,0,0.1,0,,0
1.28,initial_release,0,0.1,0,,0
1.29,initial_release,0,0.1,0,,0
1.3,initial_release,0,0.1,0,,0
1.31,initial_release,0,0.1,0,,0
1.32,initial_release,0,0.1,0,,0
1.33,initial_release,0,0.1,0,,0
1.34,initial_release,0,0.1,0,,0
1.35,initial_release,0,0.1,0,,0
1.36,initial_release,0,0.1,0,,0
1.37,initial_release,0,0.1,0,,0
1.38,initial_release,0,0.1,0,,0
1.39,initial_release,0,0.1,0,,0
1.4,initial_release,0,0.1,0,,0
1.41,initial_release,0,0.1,0,,0
1.42,initial_release,0,0.1,0,,0
1.43,initial_release,0,0.1,0,,0
1.44,initial_release,0,0.1,0,,0
1.45,initial_release,0,0.1,0,,0
1.46,initial_release,0,0.1,0,,0
1.47,initial_release,0,0.1,0,,0
1.48,initial_release,0,0.1,0,,0
1.49,initial_release,0,0.1,0,,0
1.5,initial_release,0,0.1,0,,0
1.51,initial_release,0,0.1,0,,0
1.52,initial_release,0,0.1,0,,0
1.53,initial_release,0,0.1,0,,0
1.54,initial_release,0,0.1,0,,0
1.55,initial_release,0,0.1,0,,0
1.56,initial_release,0,0.1,0,,0
1.57,initial_release,0,0.1,0,,0
1.58,initial_release,0,0.1,0,,0
1.59,initial_release,0,0.1,0,,0
1.6,initial_release,0,0.1,0,,0
1.61,initial_release,0,0.1,0,,0
1.62,initial_release,0,0.1,0,,0
1.63,initial_release,0,0.1,0,,0
1.64,initial_release,0,0.1,0,,0
1.65,initial_release,0,0.1,0,,0
1.66,initial_release,0,0.1,0,,0
1.67,initial_release,0,0.1,0,,0
1.68,initial_release,0,0.1,0,,0
1.69,initial_release,0,0.1,0,,0
1.7,initial_release,0,0.1,0,,0
1.71,initial_release,0,0.1,0,,0
1.72,initial_release,0,0.1,0,,0
1.73,initial_release,0,0.1,0,,0
1.74,initial_release,0,0.1,0,,0
1.75,initial_release,0,0.1,0,,0
1.76,initial_release,0,0.1,0,,0
1.77,initial_release,0,0.1,0,,0
1.78,initial_release,0,0.1,0,,0
1.79,initial_release,0,0.1,0,,0
1.8,initial_release,0,0.1,0,,0
1.81,initial_release,0,0.1,0,,0
1.82,initial_release,0,0.1,0,,0
1.83,initial_release,0,0.1,0,,0
1.84,initial_release,0,0.1,0,,0
1.85,initial_release,0,0.1,0,,0
1.86,initial_release,0,0.1,0,,0
1.87,initial_release,0,0.1,0,,0
1.88,initial_release,0,0.1,0,,0
1.89,initial_release,0,0.1,0,,0
1.9,initial_release,0,0.1,0,,0
1.91,initial_release,0,0.1,0,,0
1.92,initial_release,0,0.1,0,,0
1.93,initial_release,0,0.1,0,,0
1.94,initial_release,0,0.1,0,,0
1.95,initial_release,0,0.1,0,,0
1.96,initial_release,0,0.1,0,,0
1.97,initial_release,0,0.1,0,,0
1.98,initial_release,0,0.1,0,,0
1.99,initial_release,0,0.1,0,,0
2,initial_release,0,0.1,0,,0
2.01,initial_release,0,0.1,0,,0
2.02,initial_release,0,0.1,0,,0
2.03,initial_release,0,0.1,0,,0
2.04,initial_release,0,0.1,0,,0
2.05,initial_release,0,0.1,0,,0
2.06,initial_release,0,0.1,0,,0
2.07,initial_release,0,0.1,0,,0
2.08,initial_release,0,0.1,0,,0
2.09,initial_release,0,0.1,0,,0
2.1,initial_release,0,0.1,0,,0
2.11,initial_release,0,0.1,0,,0
2.12,initial_release,0,0.1,0,,0
2.13,initial_release,0,0.1,0,,0
2.14,initial_release,0,0.1,0,,0
2.15,initial_release,0,0.1,0,,0
2.16,initial_release,0,0.1,0,,0
2.17,initial_release,0,0.1,0,,0
2.18,initial_release,0,0.1,0,,0
2.19,initial_release,0,0.1,0,,0
2.2,initial_release,0,0.1,0,,0
2.21,initial_release,0,0.1,0,,0
2.22,initial_release,0,0.1,0,,0
2.23,initial_release,0,0.1,0,,0
2.24,initial_release,0,0.1,0,,0
2.25,initial_release,0,0.1,0,,0
2.26,initial_release,0,0.1,0,,0
2.27,initial_release,0,0.1,0,,0
2.28,initial_release,0,0.1,0,,0
2.29,initial_release,0,0.1,0,,0
2.3,initial_release,0,0.1,0,,0
2.31,initial_release,0,0.1,0,,0
2.32,initial_release,0,0.1,0,,0
2.33,initial_release,0,0.1,0,,0
2.34,initial_release,0,0.1,0,,0
2.35,initial_release,0,0.1,0,,0
2.36,initial_release,0,0.1,0,,0
2.37,initial_release,0,0.1,0,,0
2.38,initial_release,0,0.1,0,,0
2.39,initial_release,0,0.1,0,,0
2.4,initial_release,0,0.1,0,,0
2.41,initial_release,0,0.1,0,,0
2.42,initial_release,0,0.1,0,,0
2.43,initial_release,0,0.1,0,,0
2.44,initial_release,0,0.1,0,,0
2.45,initial_release,0,0.1,0,,0
2.46,initial_release,0,0.1,0,,0
2.47,initial_release,0,0.1,0,,0
2.48,initial_release,0,0.1,0,,0
2.49,initial_release,0,0.1,0,,0
2.5,initial_release,0,0.1,0,,0
2.51,initial_release,0,0.1,0,,0
2.52,initial_release,0,0.1,0,,0
2.53,initial_release,0,0.1,0,,0
2.54,initial_release,0,0.1,0,,0
2.55,initial_release,0,0.1,0,,0
2.56,initial_release,0,0.1,0,,0
2.57,initial_release,0,0.1,0,,0
2.58,initial_release,0,0.1,0,,0
2.59,initial_release,0,0.1,0,,0
2.6,initial_release,0,0.1,0,,0
2.61,initial_release,0,0.1,0,,0
2.62,initial_release,0,0.1,0,,0
2.63,initial_release,0,0.1,0,,0
2.64,initial_release,0,0.1,0,,0
2.65,initial_release,0,0.1,0,,0
2.66,initial_release,0,0.1,0,,0
2.67,initial_release,0,0.1,0,,0
2.68,initial_release,0,0.1,0,,0
2.69,initial_release,0,0.1,0,,0
2.7,initial_release,0,0.1,0,,0
2.71,initial_release,0,0.1,0,,0
2.72,initial_release,0,0.1,0,,0
2.73,initial_release,0,0.1,0,,0
2.74,initial_release,0,0.1,0,,0
2.75,initial_release,0,0.1,0,,0
2.76,initial_release,0,0.1,0,,0
2.77,initial_release,0,0.1,0,,0
2.78,initial_release,0,0.1,0,,0
2.79,initial_release,0,0.1,0,,0
2.8,initial_release,0,0.1,0,,0
2.81,initial_release,0,0.1,0,,0
2.82,initial_release,0,0.1,0,,0
2.83,initial_release,0,0.1,0,,0
2.84,initial_release,0,0.1,0,,0
2.85,initial_release,0,0.1,0,,0
2.86,initial_release,0,0.1,0,,0
2.87,initial_release,0,0.1,0,,0
2.88,initial_release,0,0.1,0,,0
2.89,initial_release,0,0.1,0,,0
2.9,initial_release,0,0.1,0,,0
2.91,initial_release,0,0.1,0,,0
2.92,initial_release,0,0.1,0,,0
2.93,initial_release,0,0.1,0,,0
2.94,initial_release,0,0.1,0,,0
2.95,initial_release,0,0.1,0,,0
2.96,initial_release,0,0.1,0,,0
2.97,initial_release,0,0.1,0,,0
2.98,initial_release,0,0.1,0,,0
2.99,initial_release,0,0.1,0,,0
3,initial_release,0,0.1,0,,0
3.01,initial_release,0,0.1,0,,0
3.02,initial_release,0,0.1,0,,0
3.03,initial_release,0,0.1,0,,0
3.04,initial_release,0,0.1,0,,0
3.05,initial_release,0,0.1,0,,0
3.06,initial_release,0,0.1,0,,0
3.07,initial_release,0,0.1,0,,0
3.08,initial_release,0,0.1,0,,0
3.09,initial_release,0,0.1,0,,0
3.1,initial_release,0,0.1,0,,0
3.11,initial_release,0,0.1,0,,0
3.12,initial_release,0,0.1,0,,0
3.13,initial_release,0,0.1,0,,0
3.14,initial_release,0,0.1,0,,0
3.15,initial_release,0,0.1,0,,0
3.16,initial_release,0,0.1,0,,0
3.17,initial_release,0,0.1,0,,0
3.18,initial_release,0,0.1,0,,0
3.19,initial_release,0,0.1,0,,0
3.2,initial_release,0,0.1,0,,0
3.21,initial_release,0,0.1,0,,0
3.22,initial_release,0,0.1,0,,0
3.23,initial_release,0,0.1,0,,0
3.24,initial_release,0,0.1,0,,0
3.25,initial_release,0,0.1,0,,0
3.26,initial_release,0,0.1,0,,0
3.27,initial_release,0,0.1,0,,0
3.28,initial_release,0,0.1,0,,0
3.29,initial_release,0,0.1,0,,0
3.3,initial_release,0,0.1,0,,0
3.31,initial_release,0,0.1,0,,0
3.32,initial_release,0,0.1,0,,0
3.33,initial_release,0,0.1,0,,0
3.34,initial_release,0,0.1,0,,0
3.35,initial_release,0,0.1,0,,0
3.36,initial_release,0,0.1,0,,0
3.37,initial_release,0,0.1,0,,0
3.38,initial_release,0,0.1,0,,0
3.39,initial_release,0,0.1,0,,0
3.4,initial_release,0,0.1,0,,0
3.41,initial_release,0,0.1,0,,0
3.42,initial_release,0,0.1,0,,0
3.43,initial_release,0,0.1,0,,0
3.44,initial_release,0,0.1,0,,0
3.45,initial_release,0,0.1,0,,0
3.46,initial_release,0,0.1,0,,0
3.47,initial_release,0,0.1,0,,0
3.48,initial_release,0,0.1,0,,0
3.49,initial_release,0,0.1,0,,0
3.5,initial_release,0,0.1,0,,0
3.51,initial_release,0,0.1,0,,0
3.52,initial_release,0,0.1,0,,0
3.53,initial_release,0,0.1,0,,0
3.54,initial_release,0,0.1,0,,0
3.55,initial_release,0,0.1,0,,0
3.56,initial_release,0,0.1,0,,0
3.57,initial_release,0,0.1,0,,0
3.58,initial_release,0,0.1,0,,0
3.59,initial_release,0,0.1,0,,0
3.6,initial_release,0,0.1,0,,0
3.61,initial_release,0,0.1,0,,0
3.62,initial_release,0,0.1,0,,0
3.63,initial_release,0,0.1,0,,0
3.64,initial_release,0,0.1,0,,0
3.65,initial_release,0,0.1,0,,0
3.66,initial_release,0,0.1,0,,0
3.67,initial_release,0,0.1,0,,0
3.68,initial_release,0,0.1,0,,0
3.69,initial_release,0,0.1,0,,0
3.7,initial_release,0,0.1,0,,0
3.71,initial_release,0,0.1,0,,0
3.72,initial_release,0,0.1,0,,0
3.73,initial_release,0,0.1,0,,0
3.74,initial_release,0,0.1,0,,0
3.75,initial_release,0,0.1,0,,0
3.76,initial_release,0,0.1,0,,0
3.77,initial_release,0,0.1,0,,0
3.78,initial_release,0,0.1,0,,0
3.79,initial_release,0,0.1,0,,0
3.8,initial_release,0,0.1,0,,0
3.81,initial_release,0,0.1,0,,0
3.82,initial_release,0,0.1,0,,0
3.83,initial_release,0,0.1,0,,0
3.84,initial_release,0,0.1,0,,0
3.85,initial_release,0,0.1,0,,0
3.86,initial_release,0,0.1,0,,0
3.87,initial_release,0,0.1,0,,0
3.88,initial_release,0,0.1,0,,0
3.89,initial_release,0,0.1,0,,0
3.9,initial_release,0,0.1,0,,0
3.91,initial_release,0,0.1,0,,0
3.92,initial_release,0,0.1,0,,0
3.93,initial_release,0,0.1,0,,0
3.94,initial_release,0,0.1,0,,0
3.95,initial_release,0,0.1,0,,0
3.96,initial_release,0,0.1,0,,0
3.97,initial_release,0,0.1,0,,0
3.98,initial_release,0,0.1,0,,0
3.99,initial_release,0,0.1,0,,0
4,initial_release,0,0.1,0,,0
4.01,initial_release,0,0.1,0,,0
4.02,initial_release,0,0.1,0,,0
4.03,initial_release,0,0.1,0,,0
4.04,initial_release,0,0.1,0,,0
4.05,initial_release,0,0.1,0,,0
4.06,initial_release,0,0.1,0,,0
4.07,initial_release,0,0.1,0,,0
4.08,initial_release,0,0.1,0,,0
4.09,initial_release,0,0.1,0,,0
4.1,initial_release,0,0.1,0,,0
4.11,initial_release,0,0.1,0,,0
4.12,initial_release,0,0.1,0,,0
4.13,initial_release,0,0.1,0,,0
4.14,initial_release,0,0.1,0,,0
4.15,initial_release,0,0.1,0,,0
4.16,initial_release,0,0.1,0,,0
4.17,initial_release,0,0.1,0,,0
4.18,initial_release,0,0.1,0,,0
4.19,initial_release,0,0.1,0,,0
4.2,initial_release,0,0.1,0,,0
4.21,initial_release,0,0.1,0,,0
4.22,initial_release,0,0.1,0,,0
4.23,initial_release,0,0.1,0,,0
4.24,initial_release,0,0.1,0,,0
4.25,initial_release,0,0.1,0,,0
4.26,initial_release,0,0.1,0,,0
4.27,initial_release,0,0.1,0,,0
4.28,initial_release,0,0.1,0,,0
4.29,initial_release,0,0.1,0,,0
4.3,initial_release,0,0.1,0,,0
4.31,initial_release,0,0.1,0,,0
4.32,initial_release,0,0.1,0,,0
4.33,initial_release,0,0.1,0,,0
4.34,initial_release,0,0.1,0,,0
4.35,initial_release,0,0.1,0,,0
4.36,initial_release,0,0.1,0,,0
4.37,initial_release,0,0.1,0,,0
4.38,initial_release,0,0.1,0,,0
4.39,initial_release,0,0.1,0,,0
4.4,initial_release,0,0.1,0,,0
4.41,initial_release,0,0.1,0,,0
4.42,initial_release,0,0.1,0,,0
4.43,initial_release,0,0.1,0,,0
4.44,initial_release,0,0.1,0,,0
4.45,initial_release,0,0.1,0,,0
4.46,initial_release,0,0.1,0,,0
4.47,initial_release,0,0.1,0,,0
4.48,initial_release,0,0.1,0,,0
4.49,initial_release,0,0.1,0,,0
4.5,initial_release,0,0.1,0,,0
4.51,initial_release,0,0.1,0,,0
4.52,initial_release,0,0.1,0,,0
4.53,initial_release,0,0.1,0,,0
4.54,initial_release,0,0.1,0,,0
4.55,initial_release,0,0.1,0,,0
4.56,initial_release,0,0.1,0,,0
4.57,initial_release,0,0.1,0,,0
4.58,initial_release,0,0.1,0,,0
4.59,initial_release,0,0.1,0,,0
4.6,initial_release,0,0.1,0,,0
4.61,initial_release,0,0.1,0,,0
4.62,initial_release,0,0.1,0,,0
4.63,initial_release,0,0.1,0,,0
4.64,initial_release,0,0.1,0,,0
4.65,initial_release,0,0.1,0,,0
4.66,initial_release,0,0.1,0,,0
4.67,initial_release,0,0.1,0,,0
4.68,initial_release,0,0.1,0,,0
4.69,initial_release,0,0.1,0,,0
4.7,initial_release,0,0.1,0,,0
4.71,initial_release,0,0.1,0,,0
4.72,initial_release,0,0.1,0,,0
4.73,initial_release,0,0.1,0,,0
4.74,initial_release,0,0.1,0,,0
4.75,initial_release,0,0.1,0,,0
4.76,initial_release,0,0.1,0,,0
4.77,initial_release,0,0.1,0,,0
4.78,initial_release,0,0.1,0,,0
4.79,initial_release,0,0.1,0,,0
4.8,initial_release,0,0.1,0,,0
4.81,initial_release,0,0.1,0,,0
4.82,initial_release,0,0.1,0,,0
4.83,initial_release,0,0.1,0,,0
4.84,initial_release,0,0.1,0,,0
4.85,initial_release,0,0.1,0,,0
4.86,initial_release,0,0.1,0,,0
4.87,initial_release,0,0.1,0,,0
4.88,initial_release,0,0.1,0,,0
4.89,initial_release,0,0.1,0,,0
4.9,initial_release,0,0.1,0,,0
4.91,initial_release,0,0.1,0,,0
4.92,initial_release,0,0.1,0,,0
4.93,initial_release,0,0.1,0,,0
4.94,initial_release,0,0.1,0,,0
4.95,initial_release,0,0.1,0,,0
4.96,initial_release,0,0.1,0,,0
4.97,initial_release,0,0.1,0,,0
4.98,initial_release,0,0.1,0,,0
4.99,initial_release,0,0.1,0,,0
5,initial_release,0,0.1,0,,0
5.01,initial_release,0,0.1,0,,0
5.02,initial_release,0,0.1,0,,0
5.03,initial_release,0,0.1,0,,0
5.04,initial_release,0,0.1,0,,0
5.05,initial_release,0,0.1,0,,0
5.06,initial_release,0,0.1,0,,0
5.07,initial_release,0,0.1,0,,0
5.08,initial_release,0,0.1,0,,0
5.09,initial_release,0,0.1,0,,0
5.1,initial_release,0,0.1,0,,0
5.11,initial_release,0,0.1,0,,0
5.12,initial_release,0,0.1,0,,0
5.13,initial_release,0,0.1,0,,0
5.14,initial_release,0,0.1,0,,0
5.15,initial_release,0,0.1,0,,0
5.16,initial_release,0,0.1,0,,0
5.17,initial_release,0,0.1,0,,0
5.18,initial_release,0,0.1,0,,0
5.19,initial_release,0,0.1,0,,0
5.2,initial_release,0,0.1,0,,0
5.21,initial_release,0,0.1,0,,0
5.22,initial_release,0,0.1,0,,0
5.23,initial_release,0,0.1,0,,0
5.24,initial_release,0,0.1,0,,0
5.25,initial_release,0,0.1,0,,0
5.26,initial_release,0,0.1,0,,0
5.27,initial_release,0,0.1,0,,0
5.28,initial_release,0,0.1,0,,0
5.29,initial_release,0,0.1,0,,0
5.3,initial_release,0,0.1,0,,0
5.31,initial_release,0,0.1,0,,0
5.32,initial_release,0,0.1,0,,0
5.33,initial_release,0,0.1,0,,0
5.34,initial_release,0,0.1,0,,0
5.35,initial_release,0,0.1,0,,0
5.36,initial_release,0,0.1,0,,0
5.37,initial_release,0,0.1,0,,0
5.38,initial_release,0,0.1,0,,0
5.39,initial_release,0,0.1,0,,0
5.4,initial_release,0,0.1,0,,0
5.41,initial_release,0,0.1,0,,0
5.42,initial_release,0,0.1,0,,0
5.43,initial_release,0,0.1,0,,0
5.44,initial_release,0,0.1,0,,0
5.45,initial_release,0,0.1,0,,0
5.46,initial_release,0,0.1,0,,0
5.47,initial_release,0,0.1,0,,0
5.48,initial_release,0,0.1,0,,0
5.49,initial_release,0,0.1,0,,0
5.5,initial_release,0,0.1,0,,0
5.51,initial_release,0,0.1,0,,0
5.52,initial_release,0,0.1,0,,0
5.53,initial_release,0,0.1,0,,0
5.54,initial_release,0,0.1,0,,0
5.55,initial_release,0,0.1,0,,0
5.56,initial_release,0,0.1,0,,0
5.57,initial_release,0,0.1,0,,0
5.58,initial_release,0,0.1,0,,0
5.59,initial_release,0,0.1,0,,0
5.6,initial_release,0,0.1,0,,0
5.61,initial_release,0,0.1,0,,0
5.62,initial_release,0,0.1,0,,0
5.63,initial_release,0,0.1,0,,0
5.64,initial_release,0,0.1,0,,0
5.65,initial_release,0,0.1,0,,0
5.66,initial_release,0,0.1,0,,0
5.67,initial_release,0,0.1,0,,0
5.68,initial_release,0,0.1,0,,0
5.69,initial_release,0,0.1,0,,0
5.7,initial_release,0,0.1,0,,0
5.71,initial_release,0,0.1,0,,0
5.72,initial_release,0,0.1,0,,0
5.73,initial_release,0,0.1,0,,0
5.74,initial_release,0,0.1,0,,0
5.75,initial_release,0,0.1,0,,0
5.76,initial_release,0,0.1,0,,0
5.77,initial_release,0,0.1,0,,0
5.78,initial_release,0,0.1,0,,0
5.79,initial_release,0,0.1,0,,0
5.8,initial_release,0,0.1,0,,0
5.81,initial_release,0,0.1,0,,0
5.82,initial_release,0,0.1,0,,0
5.83,initial_release,0,0.1,0,,0
5.84,initial_release,0,0.1,0,,0
5.85,initial_release,0,0.1,0,,0
5.86,initial_release,0,0.1,0,,0
5.87,initial_release,0,0.1,0,,0
5.88,initial_release,0,0.1,0,,0
5.89,initial_release,0,0.1,0,,0
5.9,initial_release,0,0.1,0,,0
5.91,initial_release,0,0.1,0,,0
5.92,initial_release,0,0.1,0,,0
5.93,initial_release,0,0.1,0,,0
5.94,initial_release,0,0.1,0,,0
5.95,initial_release,0,0.1,0,,0
5.96,initial_release,0,0.1,0,,0
5.97,initial_release,0,0.1,0,,0
5.98,initial_release,0,0.1,0,,0
5.99,initial_release,0,0.1,0,,0
6,initial_release,0,0.1,0,,0
6.01,initial_release,0,0.1,0,,0
6.02,initial_release,0,0.1,0,,0
6.03,initial_release,0,0.1,0,,0
6.04,initial_release,0,0.1,0,,0
6.05,initial_release,0,0.1,0,,0
6.06,initial_release,0,0.1,0,,0
6.07,initial_release,0,0.1,0,,0
6.08,initial_release,0,0.1,0,,0
6.09,initial_release,0,0.1,0,,0
6.1,initial_release,0,0.1,0,,0
6.11,initial_release,0,0.1,0,,0
6.12,initial_release,0,0.1,0,,0
6.13,initial_release,0,0.1,0,,0
6.14,initial_release,0,0.1,0,,0
6.15,initial_release,0,0.1,0,,0
6.16,initial_release,0,0.1,0,,0
6.17,initial_release,0,0.1,0,,0
6.18,initial_release,0,0.1,0,,0
6.19,initial_release,0,0.1,0,,0
6.2,initial_release,0,0.1,0,,0
6.21,initial_release,0,0.1,0,,0
6.22,initial_release,0,0.1,0,,0
6.23,initial_release,0,0.1,0,,0
6.24,initial_release,0,0.1,0,,0
6.25,initial_release,0,0.1,0,,0
6.26,initial_release,0,0.1,0,,0
6.27,initial_release,0,0.1,0,,0
6.28,initial_release,0,0.1,0,,0
6.29,initial_release,0,0.1,0,,0
6.3,initial_release,0,0.1,0,,0
6.31,initial_release,0,0.1,0,,0
6.32,initial_release,0,0.1,0,,0
6.33,initial_release,0,0.1,0,,0
6.34,initial_release,0,0.1,0,,0
6.35,initial_release,0,0.1,0,,0
6.36,initial_release,0,0.1,0,,0
6.37,initial_release,0,0.1,0,,0
6.38,initial_release,0,0.1,0,,0
6.39,initial_release,0,0.1,0,,0
6.4,initial_release,0,0.1,0,,0
6.41,initial_release,0,0.1,0,,0
6.42,initial_release,0,0.1,0,,0
6.43,initial_release,0,0.1,0,,0
6.44,initial_release,0,0.1,0,,0
6.45,initial_release,0,0.1,0,,0
6.46,initial_release,0,0.1,0,,0
6.47,initial_release,0,0.1,0,,0
6.48,initial_release,0,0.1,0,,0
6.49,initial_release,0,0.1,0,,0
6.5,initial_release,0,0.1,0,,0
6.51,initial_release,0,0.1,0,,0
6.52,initial_release,0,0.1,0,,0
6.53,initial_release,0,0.1,0,,0
6.54,initial_release,0,0.1,0,,0
6.55,initial_release,0,0.1,0,,0
6.56,initial_release,0,0.1,0,,0
6.57,initial_release,0,0.1,0,,0
6.58,initial_release,0,0.1,0,,0
6.59,initial_release,0,0.1,0,,0
6.6,initial_release,0,0.1,0,,0
6.61,initial_release,0,0.1,0,,0
6.62,initial_release,0,0.1,0,,0
6.63,initial_release,0,0.1,0,,0
6.64,initial_release,0,0.1,0,,0
6.65,initial_release,0,0.1,0,,0
6.66,initial_release,0,0.1,0,,0
6.67,initial_release,0,0.1,0,,0
6.68,initial_release,0,0.1,0,,0
6.69,initial_release,0,0.1,0,,0
6.7,initial_release,0,0.1,0,,0
6.71,initial_release,0,0.1,0,,0
6.72,initial_release,0,0.1,0,,0
6.73,initial_release,0,0.1,0,,0
6.74,initial_release,0,0.1,0,,0
6.75,initial_release,0,0.1,0,,0
6.76,initial_release,0,0.1,0,,0
6.77,initial_release,0,0.1,0,,0
6.78,initial_release,0,0.1,0,,0
6.79,initial_release,0,0.1,0,,0
6.8,initial_release,0,0.1,0,,0
6.81,initial_release,0,0.1,0,,0
6.82,initial_release,0,0.1,0,,0
6.83,initial_release,0,0.1,0,,0
6.84,initial_release,0,0.1,0,,0
6.85,initial_release,0,0.1,0,,0
6.86,initial_release,0,0.1,0,,0
6.87,initial_release,0,0.1,0,,0
6.88,initial_release,0,0.1,0,,0
6.89,initial_release,0,0.1,0,,0
6.9,initial_release,0,0.1,0,,0
6.91,initial_release,0,0.1,0,,0
6.92,initial_release,0,0.1,0,,0
6.93,initial_release,0,0.1,0,,0
6.94,initial_release,0,0.1,0,,0
6.95,initial_release,0,0.1,0,,0
6.96,initial_release,0,0.1,0,,0
6.97,initial_release,0,0.1,0,,0
6.98,initial_release,0,0.1,0,,0
6.99,initial_release,0,0.1,0,,0
7,initial_release,0,0.1,0,,0
7.01,initial_release,0,0.1,0,,0
7.02,initial_release,0,0.1,0,,0
7.03,initial_release,0,0.1,0,,0
7.04,initial_release,0,0.1,0,,0
7.05,initial_release,0,0.1,0,,0
7.06,initial_release,0,0.1,0,,0
7.07,initial_release,0,0.1,0,,0
7.08,initial_release,0,0.1,0,,0
7.09,initial_release,0,0.1,0,,0
7.1,initial_release,0,0.1,0,,0
7.11,initial_release,0,0.1,0,,0
7.12,initial_release,0,0.1,0,,0
7.13,initial_release,0,0.1,0,,0
7.14,initial_release,0,0.1,0,,0
7.15,initial_release,0,0.1,0,,0
7.16,initial_release,0,0.1,0,,0
7.17,initial_release,0,0.1,0,,0
7.18,initial_release,0,0.1,0,,0
7.19,initial_release,0,0.1,0,,0
7.2,initial_release,0,0.1,0,,0
7.21,initial_release,0,0.1,0,,0
7.22,initial_release,0,0.1,0,,0
7.23,initial_release,0,0.1,0,,0
7.24,initial_release,0,0.1,0,,0
7.25,initial_release,0,0.1,0,,0
7.26,initial_release,0,0.1,0,,0
7.27,initial_release,0,0.1,0,,0
7.28,initial_release,0,0.1,0,,0
7.29,initial_release,0,0.1,0,,0
7.3,initial_release,0,0.1,0,,0
7.31,initial_release,0,0.1,0,,0
7.32,initial_release,0,0.1,0,,0
7.33,initial_release,0,0.1,0,,0
7.34,initial_release,0,0.1,0,,0
7.35,initial_release,0,0.1,0,,0
7.36,initial_release,0,0.1,0,,0
7.37,initial_release,0,0.1,0,,0
7.38,initial_release,0,0.1,0,,0
7.39,initial_release,0,0.1,0,,0
7.4,initial_release,0,0.1,0,,0
7.41,initial_release,0,0.1,0,,0
7.42,initial_release,0,0.1,0,,0
7.43,initial_release,0,0.1,0,,0
7.44,initial_release,0,0.1,0,,0
7.45,initial_release,0,0.1,0,,0
7.46,initial_release,0,0.1,0,,0
7.47,initial_release,0,0.1,0,,0
7.48,initial_release,0,0.1,0,,0
7.49,initial_release,0,0.1,0,,0
7.5,initial_release,0,0.1,0,,0
7.51,initial_release,0,0.1,0,,0
7.52,initial_release,0,0.1,0,,0
7.53,initial_release,0,0.1,0,,0
7.54,initial_release,0,0.1,0,,0
7.55,initial_release,0,0.1,0,,0
7.56,initial_release,0,0.1,0,,0
7.57,initial_release,0,0.1,0,,0
7.58,initial_release,0,0.1,0,,0
7.59,initial_release,0,0.1,0,,0
7.6,initial_release,0,0.1,0,,0
7.61,initial_release,0,0.1,0,,0
7.62,initial_release,0,0.1,0,,0
7.63,initial_release,0,0.1,0,,0
7.64,initial_release,0,0.1,0,,0
7.65,initial_release,0,0.1,0,,0
7.66,initial_release,0,0.1,0,,0
7.67,initial_release,0,0.1,0,,0
7.68,initial_release,0,0.1,0,,0
7.69,initial_release,0,0.1,0,,0
7.7,initial_release,0,0.1,0,,0
7.71,initial_release,0,0.1,0,,0
7.72,initial_release,0,0.1,0,,0
7.73,initial_release,0,0.1,0,,0
7.74,initial_release,0,0.1,0,,0
7.75,initial_release,0,0.1,0,,0
7.76,initial_release,0,0.1,0,,0
7.77,initial_release,0,0.1,0,,0
7.78,initial_release,0,0.1,0,,0
7.79,initial_release,0,0.1,0,,0
7.8,initial_release,0,0.1,0,,0
7.81,initial_release,0,0.1,0,,0
7.82,initial_release,0,0.1,0,,0
7.83,initial_release,0,0.1,0,,0
7.84,initial_release,0,0.1,0,,0
7.85,initial_release,0,0.1,0,,0
7.86,initial_release,0,0.1,0,,0
7.87,initial_release,0,0.1,0,,0
7.88,initial_release,0,0.1,0,,0
7.89,initial_release,0,0.1,0,,0
7.9,initial_release,0,0.1,0,,0
7.91,initial_release,0,0.1,0,,0
7.92,initial_release,0,0.1,0,,0
7.93,initial_release,0,0.1,0,,0
7.94,initial_release,0,0.1,0,,0
7.95,initial_release,0,0.1,0,,0
7.96,initial_release,0,0.1,0,,0
7.97,initial_release,0,0.1,0,,0
7.98,initial_release,0,0.1,0,,0
7.99,initial_release,0,0.1,0,,0
8,initial_release,0,0.1,0,,0
8.01,initial_release,0,0.1,0,,0
8.02,initial_release,0,0.1,0,,0
8.03,initial_release,0,0.1,0,,0
8.04,initial_release,0,0.1,0,,0
8.05,initial_release,0,0.1,0,,0
8.06,initial_release,0,0.1,0,,0
8.07,initial_release,0,0.1,0,,0
8.08,initial_release,0,0.1,0,,0
8.09,initial_release,0,0.1,0,,0
8.1,initial_release,0,0.1,0,,0
8.11,initial_release,0,0.1,0,,0
8.12,initial_release,0,0.1,0,,0
8.13,initial_release,0,0.1,0,,0
8.14,initial_release,0,0.1,0,,0
8.15,initial_release,0,0.1,0,,0
8.16,initial_release,0,0.1,0,,0
8.17,initial_release,0,0.1,0,,0
8.18,initial_release,0,0.1,0,,0
8.19,initial_release,0,0.1,0,,0
8.2,initial_release,0,0.1,0,,0
8.21,initial_release,0,0.1,0,,0
8.22,initial_release,0,0.1,0,,0
8.23,initial_release,0,0.1,0,,0
8.24,initial_release,0,0.1,0,,0
8.25,initial_release,0,0.1,0,,0
8.26,initial_release,0,0.1,0,,0
8.27,initial_release,0,0.1,0,,0
8.28,initial_release,0,0.1,0,,0
8.29,initial_release,0,0.1,0,,0
8.3,initial_release,0,0.1,0,,0
8.31,initial_release,0,0.1,0,,0
8.32,initial_release,0,0.1,0,,0
8.33,initial_release,0,0.1,0,,0
8.34,initial_release,0,0.1,0,,0
8.35,initial_release,0,0.1,0,,0
8.36,initial_release,0,0.1,0,,0
8.37,initial_release,0,0.1,0,,0
8.38,initial_release,0,0.1,0,,0
8.39,initial_release,0,0.1,0,,0
8.4,initial_release,0,0.1,0,,0
8.41,initial_release,0,0.1,0,,0
8.42,initial_release,0,0.1,0,,0
8.43,initial_release,0,0.1,0,,0
8.44,initial_release,0,0.1,0,,0
8.45,initial_release,0,0.1,0,,0
8.46,initial_release,0,0.1,0,,0
8.47,initial_release,0,0.1,0,,0
8.48,initial_release,0,0.1,0,,0
8.49,initial_release,0,0.1,0,,0
8.5,initial_release,0,0.1,0,,0
8.51,initial_release,0,0.1,0,,0
8.52,initial_release,0,0.1,0,,0
8.53,initial_release,0,0.1,0,,0
8.54,initial_release,0,0.1,0,,0
8.55,initial_release,0,0.1,0,,0
8.56,initial_release,0,0.1,0,,0
8.57,initial_release,0,0.1,0,,0
8.58,initial_release,0,0.1,0,,0
8.59,initial_release,0,0.1,0,,0
8.6,initial_release,0,0.1,0,,0
8.61,initial_release,0,0.1,0,,0
8.62,initial_release,0,0.1,0,,0
8.63,initial_release,0,0.1,0,,0
8.64,initial_release,0,0.1,0,,0
8.65,initial_release,0,0.1,0,,0
8.66,initial_release,0,0.1,0,,0
8.67,initial_release,0,0.1,0,,0
8.68,initial_release,0,0.1,0,,0
8.69,initial_release,0,0.1,0,,0
8.7,initial_release,0,0.1,0,,0
8.71,initial_release,0,0.1,0,,0
8.72,initial_release,0,0.1,0,,0
8.73,initial_release,0,0.1,0,,0
8.74,initial_release,0,0.1,0,,0
8.75,initial_release,0,0.1,0,,0
8.76,initial_release,0,0.1,0,,0
8.77,initial_release,0,0.1,0,,0
8.78,initial_release,0,0.1,0,,0
8.79,initial_release,0,0.1,0,,0
8.8,initial_release,0,0.1,0,,0
8.81,initial_release,0,0.1,0,,0
8.82,initial_release,0,0.1,0,,0
8.83,initial_release,0,0.1,0,,0
8.84,initial_release,0,0.1,0,,0
8.85,initial_release,0,0.1,0,,0
8.86,initial_release,0,0.1,0,,0
8.87,initial_release,0,0.1,0,,0
8.88,initial_release,0,0.1,0,,0
8.89,initial_release,0,0.1,0,,0
8.9,initial_release,0,0.1,0,,0
8.91,initial_release,0,0.1,0,,0
8.92,initial_release,0,0.1,0,,0
8.93,initial_release,0,0.1,0,,0
8.94,initial_release,0,0.1,0,,0
8.95,initial_release,0,0.1,0,,0
8.96,initial_release,0,0.1,0,,0
8.97,initial_release,0,0.1,0,,0
8.98,initial_release,0,0.1,0,,0
8.99,initial_release,0,0.1,0,,0
9,initial_release,0,0.1,0,,0
9.01,initial_release,0,0.1,0,,0
9.02,initial_release,0,0.1,0,,0
9.03,initial_release,0,0.1,0,,0
9.04,initial_release,0,0.1,0,,0
9.05,initial_release,0,0.1,0,,0
9.06,initial_release,0,0.1,0,,0
9.07,initial_release,0,0.1,0,,0
9.08,initial_release,0,0.1,0,,0
9.09,initial_release,0,0.1,0,,0
9.1,initial_release,0,0.1,0,,0
9.11,initial_release,0,0.1,0,,0
9.12,initial_release,0,0.1,0,,0
9.13,initial_release,0,0.1,0,,0
9.14,initial_release,0,0.1,0,,0
9.15,initial_release,0,0.1,0,,0
9.16,initial_release,0,0.1,0,,0
9.17,initial_release,0,0.1,0,,0
9.18,initial_release,0,0.1,0,,0
9.19,initial_release,0,0.1,0,,0
9.2,initial_release,0,0.1,0,,0
9.21,initial_release,0,0.1,0,,0
9.22,initial_release,0,0.1,0,,0
9.23,initial_release,0,0.1,0,,0
9.24,initial_release,0,0.1,0,,0
9.25,initial_release,0,0.1,0,,0
9.26,initial_release,0,0.1,0,,0
9.27,initial_release,0,0.1,0,,0
9.28,initial_release,0,0.1,0,,0
9.29,initial_release,0,0.1,0,,0
9.3,initial_release,0,0.1,0,,0
9.31,initial_release,0,0.1,0,,0
9.32,initial_release,0,0.1,0,,0
9.33,initial_release,0,0.1,0,,0
9.34,initial_release,0,0.1,0,,0
9.35,initial_release,0,0.1,0,,0
9.36,initial_release,0,0.1,0,,0
9.37,initial_release,0,0.1,0,,0
9.38,initial_release,0,0.1,0,,0
9.39,initial_release,0,0.1,0,,0
9.4,initial_release,0,0.1,0,,0
9.41,initial_release,0,0.1,0,,0
9.42,initial_release,0,0.1,0,,0
9.43,initial_release,0,0.1,0,,0
9.44,initial_release,0,0.1,0,,0
9.45,initial_release,0,0.1,0,,0
9.46,initial_release,0,0.1,0,,0
9.47,initial_release,0,0.1,0,,0
9.48,initial_release,0,0.1,0,,0
9.49,initial_release,0,0.1,0,,0
9.5,initial_release,0,0.1,0,,0
9.51,initial_release,0,0.1,0,,0
9.52,initial_release,0,0.1,0,,0
9.53,initial_release,0,0.1,0,,0
9.54,initial_release,0,0.1,0,,0
9.55,initial_release,0,0.1,0,,0
9.56,initial_release,0,0.1,0,,0
9.57,initial_release,0,0.1,0,,0
9.58,initial_release,0,0.1,0,,0
9.59,initial_release,0,0.1,0,,0
9.6,initial_release,0,0.1,0,,0
9.61,initial_release,0,0.1,0,,0
9.62,initial_release,0,0.1,0,,0
9.63,initial_release,0,0.1,0,,0
9.64,initial_release,0,0.1,0,,0
9.65,initial_release,0,0.1,0,,0
9.66,initial_release,0,0.1,0,,0
9.67,initial_release,0,0.1,0,,0
9.68,initial_release,0,0.1,0,,0
9.69,initial_release,0,0.1,0,,0
9.7,initial_release,0,0.1,0,,0
9.71,initial_release,0,0.1,0,,0
9.72,initial_release,0,0.1,0,,0
9.73,initial_release,0,0.1,0,,0
9.74,initial_release,0,0.1,0,,0
9.75,initial_release,0,0.1,0,,0
9.76,initial_release,0,0.1,0,,0
9.77,initial_release,0,0.1,0,,0
9.78,initial_release,0,0.1,0,,0
9.79,initial_release,0,0.1,0,,0
9.8,initial_release,0,0.1,0,,0
9.81,initial_release,0,0.1,0,,0
9.82,initial_release,0,0.1,0,,0
9.83,initial_release,0,0.1,0,,0
9.84,initial_release,0,0.1,0,,0
9.85,initial_release,0,0.1,0,,0
9.86,initial_release,0,0.1,0,,0
9.87,initial_release,0,0.1,0,,0
9.88,initial_release,0,0.1,0,,0
9.89,initial_release,0,0.1,0,,0
9.9,initial_release,0,0.1,0,,0
9.91,initial_release,0,0.1,0,,0
9.92,initial_release,0,0.1,0,,0
9.93,initial_release,0,0.1,0,,0
9.94,initial_release,0,0.1,0,,0
9.95,initial_release,0,0.1,0,,0
9.96,initial_release,0,0.1,0,,0
9.97,initial_release,0,0.1,0,,0
9.98,initial_release,0,0.1,0,,0
9.99,initial_release,0,0.1,0,,0
10,initial_release,0,0.1,0,,0
10.01,initial_release,0,0.1,0,,0
10.02,initial_release,0,0.1,0,,0
10.03,initial_release,0,0.1,0,,0
10.04,initial_release,0,0.1,0,,0
10.05,initial_release,0,0.1,0,,0
10.06,initial_release,0,0.1,0,,0
10.07,initial_release,0,0.1,0,,0
10.08,initial_release,0,0.1,0,,0
10.09,initial_release,0,0.1,0,,0
10.1,initial_release,0,0.1,0,,0
10.11,initial_release,0,0.1,0,,0
10.12,initial_release,0,0.1,0,,0
10.13,initial_release,0,0.1,0,,0
10.14,initial_release,0,0.1,0,,0
10.15,initial_release,0,0.1,0,,0
10.16,initial_release,0,0.1,0,,0
10.17,initial_release,0,0.1,0,,0
10.18,initial_release,0,0.1,0,,0
10.19,initial_release,0,0.1,0,,0
10.2,initial_release,0,0.1,0,,0
10.21,initial_release,0,0.1,0,,0
10.22,initial_release,0,0.1,0,,0
10.23,initial_release,0,0.1,0,,0
10.24,initial_release,0,0.1,0,,0
10.25,initial_release,0,0.1,0,,0
10.26,initial_release,0,0.1,0,,0
10.27,initial_release,0,0.1,0,,0
10.28,initial_release,0,0.1,0,,0
10.29,initial_release,0,0.1,0,,0
10.3,initial_release,0,0.1,0,,0
10.31,initial_release,0,0.1,0,,0
10.32,initial_release,0,0.1,0,,0
10.33,initial_release,0,0.1,0,,0
10.34,initial_release,0,0.1,0,,0
10.35,initial_release,0,0.1,0,,0
10.36,initial_release,0,0.1,0,,0
10.37,initial_release,0,0.1,0,,0
10.38,initial_release,0,0.1,0,,0
10.39,initial_release,0,0.1,0,,0
10.4,initial_release,0,0.1,0,,0
10.41,initial_release,0,0.1,0,,0
10.42,initial_release,0,0.1,0,,0
10.43,initial_release,0,0.1,0,,0
10.44,initial_release,0,0.1,0,,0
10.45,initial_release,0,0.1,0,,0
10.46,initial_release,0,0.1,0,,0
10.47,initial_release,0,0.1,0,,0
10.48,initial_release,0,0.1,0,,0
10.49,initial_release,0,0.1,0,,0
10.5,initial_release,0,0.1,0,,0
10.51,initial_release,0,0.1,0,,0
10.52,initial_release,0,0.1,0,,0
10.53,initial_release,0,0.1,0,,0
10.54,initial_release,0,0.1,0,,0
10.55,initial_release,0,0.1,0,,0
10.56,initial_release,0,0.1,0,,0
10.57,initial_release,0,0.1,0,,0
10.58,initial_release,0,0.1,0,,0
10.59,initial_release,0,0.1,0,,0
10.6,initial_release,0,0.1,0,,0
10.61,initial_release,0,0.1,0,,0
10.62,initial_release,0,0.1,0,,0
10.63,initial_release,0,0.1,0,,0
10.64,initial_release,0,0.1,0,,0
10.65,initial_release,0,0.1,0,,0
10.66,initial_release,0,0.1,0,,0
10.67,initial_release,0,0.1,0,,0
10.68,initial_release,0,0.1,0,,0
10.69,initial_release,0,0.1,0,,0
10.7,initial_release,0,0.1,0,,0
10.71,initial_release,0,0.1,0,,0
10.72,initial_release,0,0.1,0,,0
10.73,initial_release,0,0.1,0,,0
10.74,initial_release,0,0.1,0,,0
10.75,initial_release,0,0.1,0,,0
10.76,initial_release,0,0.1,0,,0
10.77,initial_release,0,0.1,0,,0
10.78,initial_release,0,0.1,0,,0
10.79,initial_release,0,0.1,0,,0
10.8,initial_release,0,0.1,0,,0
10.81,initial_release,0,0.1,0,,0
10.82,initial_release,0,0.1,0,,0
10.83,initial_release,0,0.1,0,,0
10.84,initial_release,0,0.1,0,,0
10.85,initial_release,0,0.1,0,,0
10.86,initial_release,0,0.1,0,,0
10.87,initial_release,0,0.1,0,,0
10.88,initial_release,0,0.1,0,,0
10.89,initial_release,0,0.1,0,,0
10.9,initial_release,0,0.1,0,,0
10.91,initial_release,0,0.1,0,,0
10.92,initial_release,0,0.1,0,,0
10.93,initial_release,0,0.1,0,,0
10.94,initial_release,0,0.1,0,,0
10.95,initial_release,0,0.1,0,,0
10.96,initial_release,0,0.1,0,,0
10.97,initial_release,0,0.1,0,,0
10.98,initial_release,0,0.1,0,,0
10.99,initial_release,0,0.1,0,,0
11,initial_release,0,0.1,0,,0
11.01,initial_release,0,0.1,0,,0
11.02,initial_release,0,0.1,0,,0
11.03,initial_release,0,0.1,0,,0
11.04,initial_release,0,0.1,0,,0
11.05,initial_release,0,0.1,0,,0
11.06,initial_release,0,0.1,0,,0
11.07,initial_release,0,0.1,0,,0
11.08,initial_release,0,0.1,0,,0
11.09,initial_release,0,0.1,0,,0
11.1,initial_release,0,0.1,0,,0
11.11,initial_release,0,0.1,0,,0
11.12,initial_release,0,0.1,0,,0
11.13,initial_release,0,0.1,0,,0
11.14,initial_release,0,0.1,0,,0
11.15,initial_release,0,0.1,0,,0
11.16,initial_release,0,0.1,0,,0
11.17,initial_release,0,0.1,0,,0
11.18,initial_release,0,0.1,0,,0
11.19,initial_release,0,0.1,0,,0
11.2,initial_release,0,0.1,0,,0
11.21,initial_release,0,0.1,0,,0
11.22,initial_release,0,0.1,0,,0
11.23,initial_release,0,0.1,0,,0
11.24,initial_release,0,0.1,0,,0
11.25,initial_release,0,0.1,0,,0
11.26,initial_release,0,0.1,0,,0
11.27,initial_release,0,0.1,0,,0
11.28,initial_release,0,0.1,0,,0
11.29,initial_release,0,0.1,0,,0
11.3,initial_release,0,0.1,0,,0
11.31,initial_release,0,0.1,0,,0
11.32,initial_release,0,0.1,0,,0
11.33,initial_release,0,0.1,0,,0
11.34,initial_release,0,0.1,0,,0
11.35,initial_release,0,0.1,0,,0
11.36,initial_release,0,0.1,0,,0
11.37,initial_release,0,0.1,0,,0
11.38,initial_release,0,0.1,0,,0
11.39,initial_release,0,0.1,0,,0
11.4,initial_release,0,0.1,0,,0
11.41,initial_release,0,0.1,0,,0
11.42,initial_release,0,0.1,0,,0
11.43,initial_release,0,0.1,0,,0
11.44,initial_release,0,0.1,0,,0
11.45,initial_release,0,0.1,0,,0
11.46,initial_release,0,0.1,0,,0
11.47,initial_release,0,0.1,0,,0
11.48,initial_release,0,0.1,0,,0
11.49,initial_release,0,0.1,0,,0
11.5,initial_release,0,0.1,0,,0
11.51,initial_release,0,0.1,0,,0
11.52,initial_release,0,0.1,0,,0
11.53,initial_release,0,0.1,0,,0
11.54,initial_release,0,0.1,0,,0
11.55,initial_release,0,0.1,0,,0
11.56,initial_release,0,0.1,0,,0
11.57,initial_release,0,0.1,0,,0
11.58,initial_release,0,0.1,0,,0
11.59,initial_release,0,0.1,0,,0
11.6,initial_release,0,0.1,0,,0
11.61,initial_release,0,0.1,0,,0
11.62,initial_release,0,0.1,0,,0
11.63,initial_release,0,0.1,0,,0
11.64,initial_release,0,0.1,0,,0
11.65,initial_release,0,0.1,0,,0
11.66,initial_release,0,0.1,0,,0
11.67,initial_release,0,0.1,0,,0
11.68,initial_release,0,0.1,0,,0
11.69,initial_release,0,0.1,0,,0
11.7,initial_release,0,0.1,0,,0
11.71,initial_release,0,0.1,0,,0
11.72,initial_release,0,0.1,0,,0
11.73,initial_release,0,0.1,0,,0
11.74,initial_release,0,0.1,0,,0
11.75,initial_release,0,0.1,0,,0
11.76,initial_release,0,0.1,0,,0
11.77,initial_release,0,0.1,0,,0
11.78,initial_release,0,0.1,0,,0
11.79,initial_release,0,0.1,0,,0
11.8,initial_release,0,0.1,0,,0
11.81,initial_release,0,0.1,0,,0
11.82,initial_release,0,0.1,0,,0
11.83,initial_release,0,0.1,0,,0
11.84,initial_release,0,0.1,0,,0
11.85,initial_release,0,0.1,0,,0
11.86,initial_release,0,0.1,0,,0
11.87,initial_release,0,0.1,0,,0
11.88,initial_release,0,0.1,0,,0
11.89,initial_release,0,0.1,0,,0
11.9,initial_release,0,0.1,0,,0
11.91,initial_release,0,0.1,0,,0
11.92,initial_release,0,0.1,0,,0
11.93,initial_release,0,0.1,0,,0
11.94,initial_release,0,0.1,0,,0
11.95,initial_release,0,0.1,0,,0
11.96,initial_release,0,0.1,0,,0
11.97,initial_release,0,0.1,0,,0
11.98,initial_release,0,0.1,0,,0
11.99,initial_release,0,0.1,0,,0
12,initial_release,0,0.1,0,,0
