time [s];force [N];forcex [N];forcey [N];forcez [N]
0.000000;14.1044;2.98023e-06;-9.53674e-07;-14.1044
0.005014;84.7731;5.66244e-05;0.000199229;-84.7731
0.010014;8.5189;9.82285e-05;0.000503302;8.5189
0.015182;32.0504;0.00025034;-1.54972e-05;32.0504
0.020169;189.855;0.000882626;0.000344515;-189.855
0.025164;215.534;-0.000610948;0.000252128;215.534
0.030155;51.3251;0.00138521;-0.000396132;51.3251
0.035147;142.802;-0.000116229;-0.000700951;142.802
0.040133;93.6444;-7.06315e-05;0.000605226;93.6444
0.045121;239.691;0.000195324;0.000682592;239.691
0.050116;181.517;0.00125778;-0.00155473;181.517
0.055109;95.8709;-0.00021857;0.000118732;95.8709
0.060089;289.026;-0.000183582;-0.000919342;289.026
0.065060;244.551;0.00185204;-0.000180721;244.551
0.070036;255.434;-0.000321865;-0.000149012;255.434
0.075023;281.681;0.000724077;0.00303459;281.681
0.080005;239.932;-0.00169587;-0.00105619;239.932
0.085164;255.801;0.000886619;-0.000727177;255.801
0.090136;122.6;-0.00148755;0.00184417;122.6
0.095112;196.38;0.0013333;-0.0015378;196.38
0.100086;167.518;-1.54972e-06;0.00257444;167.518
0.105061;52.0155;-0.000522614;-0.000378609;52.0155
0.110038;116.593;-0.00126547;0.000384688;116.593
0.115015;29.4192;0.00435299;-0.00170028;29.4192
0.120177;1.45368;0.000918567;-0.00132048;1.45368
0.125156;11.2169;-0.00382856;0.00140738;-11.2169
0.130136;22.4925;-0.00304763;0.000576258;-22.4925
0.135117;18.5119;0.00198683;-0.000823632;-18.5119
0.140090;41.1377;0.0030849;0.000725389;-41.1377
0.145053;10.0991;-0.00280599;0.000454932;-10.0991
0.150003;8.44778;0.00282969;-0.000626445;8.44778
0.155116;20.7314;0.000557721;-0.00145286;20.7314
0.160074;48.7896;9.66191e-05;0.00183326;48.7896
0.165049;57.7472;-0.00152147;-0.00409633;57.7472
0.170179;105.073;-0.00673246;0.00915718;105.073
0.175082;101.843;0.0013552;-0.00566506;101.843
0.180101;117.448;0.000564337;0.000481963;117.448
0.185114;179.858;0.00690138;0.00693631;179.858
0.190150;175.758;-0.0101551;-0.00731206;175.758
0.195029;209.414;0.0101666;-0.0018723;209.414
0.200110;237.219;-0.00478899;0.0046525;237.219
0.205011;238.234;-0.00790751;-0.00265956;238.234
0.210076;241.226;0.0031423;0.00463367;241.226
0.215121;214.117;0.000989854;0.00214672;214.117
0.220161;225.219;-0.00720513;-0.00781441;225.219
0.225040;200.98;0.000655949;0.00175309;200.98
0.230111;166.77;0.0056355;0.0022018;166.77
0.235164;175.056;-0.00368044;-0.00605965;175.056
0.240035;138.31;-0.000957072;0.00455308;138.31
0.245100;106.214;0.00763494;0.000430465;106.214
0.250001;82.7274;-0.00265092;-0.00341833;82.7274
0.255020;49.4704;-0.00157349;0.00455999;49.4704
0.260165;28.4519;0.00331523;-0.00236511;28.4519
0.265160;4.14413;0.000624098;0.000658989;-4.14413
0.270092;9.18809;-0.00376102;0.00452119;-9.18809
0.275011;3.95075;0.00177044;-0.00321406;-3.95074
0.280028;12.5963;0.00290594;0.000108808;-12.5963
0.285021;5.8012;-0.00375611;0.00105268;5.8012
0.290117;31.4444;0.00100231;-0.0032497;31.4444
0.295102;47.1853;0.00248194;0.00218761;47.1853
0.300051;61.9771;-0.00210217;0.000187993;61.9771
0.305039;76.094;0.000125021;-0.00100553;76.094
0.310053;90.53;0.00259972;0.000723124;90.53
0.315074;98.493;-0.000630423;0.00045085;98.493
0.320086;115.837;-0.0028843;-0.0027256;115.837
0.325068;154.804;0.00772053;-0.00602031;154.804
0.330156;184.139;0.00222677;0.000190973;184.139
0.335115;207.034;-0.00767457;-0.00218487;207.034
0.340144;222.271;0.00166768;0.00759506;222.271
0.345064;217.665;-0.00163466;-0.00136924;217.665
0.350176;204.003;-0.00632548;0.000341892;204.003
0.355054;194.897;-0.00070709;0.00154018;194.897
0.360070;197.978;0.00607055;-6.53267e-05;197.978
0.365085;196.52;-0.00717121;-0.002424;196.52
0.370018;185.392;0.00454974;0.00357723;185.392
0.375013;174.448;0.00094533;0.00196147;174.448
0.380145;145.716;-0.00189264;0.000718117;145.716
0.385084;103.98;-0.00291222;-0.0109854;103.98
0.390145;71.9939;0.00804633;0.000768423;71.9939
0.395093;43.9136;-0.000967845;0.0185356;43.9136
0.400113;22.611;-0.0084137;-0.00319111;22.611
0.405049;11.1258;0.0123767;-0.000484943;11.1258
0.410035;10.6511;-0.0260734;0.0134814;10.6511
0.415053;19.6859;-0.0112184;-0.00525558;19.6859
0.420151;27.4328;0.0157053;0.00366867;27.4328
0.425001;40.9382;0.00266454;-0.00520802;40.9382
0.430018;57.8375;0.00681795;-0.00651014;57.8375
0.435050;66.9158;-1.0848e-05;0.00234532;66.9158
0.440056;71.5858;0.00276837;0.000491858;71.5858
0.445149;82.4144;0.0080128;0.00299835;82.4144
0.450077;91.9865;-0.00748762;-0.0018611;91.9865
0.455125;104.816;0.0044519;-0.016567;104.816
0.460136;127.13;-0.00725788;0.00434232;127.13
0.465153;155.272;-0.000432163;0.00764513;155.272
0.470078;177.895;0.00988621;0.0122857;177.895
0.475031;190.666;0.00330552;-0.029866;190.666
0.480056;192.995;-0.00210327;0.0136502;192.995
0.485108;186.828;-0.0132442;-0.0045619;186.828
0.490045;172.979;-0.0216768;-0.0224028;172.979
0.495001;172.118;0.00366417;0.0200171;172.118
0.500048;179.587;0.0276661;0.0551536;179.587
0.505073;184.592;0.00534552;0.0269592;184.592
0.510120;182.613;0.0160593;-0.119291;182.613
0.515037;165.169;-0.0235755;0.000405788;165.169
0.520016;131.624;0.018243;0.0195343;131.624
0.525172;89.5682;-0.0194199;0.0595117;89.5682
0.530086;60.8042;-0.00510957;-0.0141298;60.8042
0.535117;42.8826;-0.0122807;0.0150568;42.8826
0.540093;34.639;-0.0159439;-0.00293535;34.639
0.545062;34.7687;0.0422342;-0.0263401;34.7686
0.550060;44.4072;-0.0317412;0.00988454;44.4072
0.555131;55.0564;-0.00311434;0.031944;55.0564
0.560108;60.7661;0.00883016;-0.0085218;60.7661
0.565075;66.6393;0.00803918;-0.0403422;66.6393
0.570039;72.0086;0.00755566;0.0106505;72.0086
0.575052;72.8237;0.00765173;-0.0349624;72.8237
0.580172;78.9821;-0.0100588;-0.000234485;78.9821
0.585075;90.5568;-0.0154262;0.0234963;90.5568
0.590019;107.33;-0.0104464;0.00707698;107.33
0.595106;125.974;0.043661;-0.00563383;125.974
0.600066;145.891;0.0429474;-0.0747344;145.891
0.605030;163.305;0.0209137;0.0515547;163.305
0.610071;169.41;0.0663663;-0.0391319;169.41
0.615113;166.458;0.00595498;-0.0107279;166.458
0.620080;160.477;-0.0984449;0.064749;160.477
0.625040;155.024;-0.023674;-0.0982404;155.024
0.630119;152.9;-0.0946778;-0.0051775;152.9
0.635103;158.802;-0.0799878;0.05267;158.801
0.640058;168.061;0.00414431;0.00167751;168.061
0.645009;171.878;0.039025;-0.0361979;171.878
0.650142;163.111;0.0144317;-0.0448937;163.111
0.655158;142.35;0.0706491;-0.0706089;142.35
0.660051;113.448;0.0867455;0.214483;113.448
0.665156;80.6508;-0.11802;-0.398448;80.6497
0.670148;62.0531;0.127572;0.151723;62.0527
0.675091;52.0291;0.0903993;-0.0334494;52.0291
0.680100;51.6423;-0.21067;-0.0461866;51.6419
0.685135;61.7566;0.0307022;0.317349;61.7557
0.690171;74.4028;0.0852833;-0.0795903;74.4027
0.695085;86.957;-0.161793;0.144931;86.9567
0.700100;90.3261;-0.0265854;0.113188;90.326
0.705133;87.9031;-0.060053;-0.00650465;87.9031
0.710060;83.9042;-0.00382191;0.0137674;83.9042
0.715177;81.6017;-0.0106733;0.0468481;81.6017
0.720129;86.9914;0.0275796;-0.207184;86.9912
0.725106;101.129;-0.0205978;0.0224705;101.129
0.730151;121.544;0.113118;-0.189745;121.544
0.735045;142.65;-0.110824;-0.166949;142.65
0.740069;154.114;0.14282;-0.107348;154.113
0.745155;155.609;-0.0506516;-0.197639;155.609
0.750024;145.809;-0.168896;0.286101;145.809
0.755037;135.396;0.0515087;-0.0724009;135.396
0.760080;128.67;0.111136;0.135362;128.669
0.765126;130.037;-0.120898;0.334661;130.037
0.770023;138.399;0.128107;0.0207416;138.399
0.775046;149.372;-0.0904336;0.227862;149.372
0.780059;154.257;0.00110784;0.270878;154.257
0.785164;152.179;0.015957;-0.326473;152.179
0.790160;135.408;-0.347712;0.130333;135.407
0.795163;115.183;0.470659;-0.123413;115.181
